data_publikacji,zamawiajacy,sektor,rodzaj_zamowienia,dotyczy_ai,przedmiot,zrodlo,url
2026-07-30,"Epartner Kursy <mark>Językowe</mark> Spółka z ograniczoną odpowiedzialnością.",firma_prywatna,szkolenie,0,"„Usługi włączające dla osób w kryzysie”",bazakonk,https://bazakonkurencyjnosci.funduszeeuropejskie.gov.pl/ogloszenia/286948
2026-07-30,"Gmina Baranów",samorzad,uslugi_it,0,"Przegląd, aktualizacja SZBI, opracowanie i wdrożenie SZBI oraz audyt SZBI dla Gminy Baranów.",bazakonk,https://bazakonkurencyjnosci.funduszeeuropejskie.gov.pl/ogloszenia/286962
2026-07-30,"Gmina Domaszowice",samorzad,uslugi_it,0,"Przygotowanie, wdrożenie SZBI, testowanie bezpieczeństwa infrastruktury sieciowej oraz szkolenia pracowników z cyberbezpieczeństwa w ramach projektu ""Cyberbezpieczny Samorząd"".",bazakonk,https://bazakonkurencyjnosci.funduszeeuropejskie.gov.pl/ogloszenia/286888
2026-07-30,"Gmina Miasto Płock",samorzad,inne,0,"Priorytet III Fundusze Europejskie na rozwój mobilności miejskiej na Mazowszu, Działanie 3.1 Mobilność miejska. Tytuł projektu: „Budowa i przebudowa infrastruktury transportu publicznego na terenie miasta Płocka”",bazakonk,https://bazakonkurencyjnosci.funduszeeuropejskie.gov.pl/ogloszenia/286856
2026-07-30,"Hodowla Ryb Dariusz Skiba",firma_prywatna,inne,0,"Wzrost zdolności produkcyjnych obiektu hodowli pstrąga w Dąbrówce",bazakonk,https://bazakonkurencyjnosci.funduszeeuropejskie.gov.pl/ogloszenia/286826
2026-07-30,"HugeTECH Spółka z Ograniczoną Odpowiedzialnością",firma_prywatna,badania_rd,0,"Przygotowanie merytorycznych analiz dla startupów Platformy startowej HugeTECH Revolution — z podziałem na części – projekt FEPW.01.01-IP.01-0010/23",bazakonk,https://bazakonkurencyjnosci.funduszeeuropejskie.gov.pl/ogloszenia/286865
2026-07-30,"ICD MACIEJ SORDYL",firma_prywatna,inne,0,"Dostawa, montaż i uruchomienie fabrycznie nowego samochodowego diagnostycznego podnośnika czterokolumnowego do obsługi i serwisowania samochodów osobowych i dostawczych o udźwigu minimum 5500 kg.",bazakonk,https://bazakonkurencyjnosci.funduszeeuropejskie.gov.pl/ogloszenia/286920
2026-07-30,"KINESIS SPÓŁKA Z OGRANICZONĄ ODPOWIEDZIALNOŚCIĄ",firma_prywatna,badania_rd,0,"Wdrożenie innowacji w efekcie działań wzorniczych w przedsiębiorstwie Kinesis sp. z o. o.",bazakonk,https://bazakonkurencyjnosci.funduszeeuropejskie.gov.pl/ogloszenia/286928
2026-07-30,"M.A.S. Sp. z o.o.",firma_prywatna,inne,0,"ZAPYTANIE OFERTOWE nr 10_FESW_2026 z dnia 30.07.2026 r. na zakup i dostawę komponentów stanowisk badawczych. W związku z realizacją projektu pn. „Pasteurisation Energy Optimizer PEnO – system odzysku ciepła procesów przetwórstwa żywności i zasilania energetycznego procesów pasteryzacji oparty na innowacyjnej wysokotemperaturowej pompie ciepła zintegrowanej z magazynem ciepła wykorzystującym zjawiska przemian fazowych” w ramach Działania 1.2 „Wsparcie działalności przedsiębiorstw w zakresie B+R” Priorytet 1 „Fundusze Europejskie dla konkurencyjnej gospodarki” Programu Fundus",bazakonk,https://bazakonkurencyjnosci.funduszeeuropejskie.gov.pl/ogloszenia/286393
2026-07-30,"MARDOM SP.Z O.O.",firma_prywatna,inne,0,"ZAPYTANIE OFERTOWE nr 4/FELD0102/2026 na dostawę stanowiska badawczo-rozwojowe do napylania powłok – 1 szt.",bazakonk,https://bazakonkurencyjnosci.funduszeeuropejskie.gov.pl/ogloszenia/286912
2026-07-30,"MARKIEWICZ CLINIC Spółka z ograniczoną odpowiedzialnością",szpital_zdrowie,inne,0,"ZAPYTANIE OFERTOWE nr 3/2026 dotyczące nabycia materiałów dla firmy MARKIEWICZ CLINIC Spółka z ograniczoną odpowiedzialnością Umowa nr: FEPM.01.01-IP.03-0006/25-00",bazakonk,https://bazakonkurencyjnosci.funduszeeuropejskie.gov.pl/ogloszenia/286860
2026-07-30,"Parafia Rzymskokatolicka P. W. Zesłania Ducha Świętego w Parszowie",inne,inne,0,"Termomodernizacja zabytkowego budynku parafialnego w Parafii Rzymskokatolickiej P.W. Zesłania Ducha Świętego w Parszowie",bazakonk,https://bazakonkurencyjnosci.funduszeeuropejskie.gov.pl/ogloszenia/286806
2026-07-30,"Rejonowe Przedsiębiorstwo Wodociągów i Kanalizacji w Tychach Spółka Akcyjna",spolka_komunalna,uslugi_it,0,"Dostawa i wdrożenie zintegrowanego systemu ochrony sieci klasy UTM/NGFW - Woda w Cyfrowym żywiole –Transformacja cyfrowa w RPWiK Tychy S.A.",bazakonk,https://bazakonkurencyjnosci.funduszeeuropejskie.gov.pl/ogloszenia/286884
2026-07-30,"Samodzielny Publiczny Zakład Opieki Zdrowotnej MSWiA w Rzeszowie",szpital_zdrowie,inne,0,"Dostawa i montaż elementów ogrodu sensorycznego oraz nasadzenie 5 drzew tlenowych",bazakonk,https://bazakonkurencyjnosci.funduszeeuropejskie.gov.pl/ogloszenia/286728
2026-07-30,"Solaris Bus & Coach sp. z o.o.",firma_prywatna,badania_rd,0,"Digital Twin Model Development and Validation",bazakonk,https://bazakonkurencyjnosci.funduszeeuropejskie.gov.pl/ogloszenia/286853
2026-07-30,"Staropolska Izba Przemysłowo-Handlowa",ngo,uslugi_it,0,"ZAPYTANIE OFERTOWE NR 12/MetaLink/2026 dotyczące przeprowadzenia dwóch usług doradczych w ramach projektu „MetaLink – wsparcie Konsorcjum Branży Metalowo-Odlewniczej”.",bazakonk,https://bazakonkurencyjnosci.funduszeeuropejskie.gov.pl/ogloszenia/284902
2026-07-30,"Stowarzyszenie ""Przyjaciele Przedszkola pod Dębusiem""",ngo,szkolenie,0,"Pod Dębusiem - rozwijanie kompetencji kluczowychwśród dzieci i zwiększenie jakości edukacji przedszkolnej.",bazakonk,https://bazakonkurencyjnosci.funduszeeuropejskie.gov.pl/ogloszenia/286861
2026-07-30,"SYNTEA Spółka Akcyjna",oswiata,szkolenie,0,"PJiDKZ-PW/5/2026 - Przeprowadzenie specjalistycznych szkoleń umożliwiających uczniom nabywanie kwalifikacji rynkowych wraz z zapewnieniem: materiałów i narzędzi do realizacji szkoleń oraz zewnętrznych egzaminów certyfikacyjnych1 i innych elementów w projekcie „Poprawa jakości i dostępności kształcenia zawodowego w szkołach ponadpodstawowych wraz z doposażeniem pracowni w Powiecie Wałeckim”.",bazakonk,https://bazakonkurencyjnosci.funduszeeuropejskie.gov.pl/ogloszenia/286929
2026-07-30,"Szpital Miejski im Franciszka Raszei",szpital_zdrowie,wdrozenie_ai,1,"Cyfrowa transformacja Szpitala Miejskiego im. Franciszka Raszei w Poznaniu: integracja i rozbudowa systemów IT, digitalizacja dokumentacji medycznej, cyberbezpieczeństwo, AI z dostępem do centralnego repozytorium danych.",bazakonk,https://bazakonkurencyjnosci.funduszeeuropejskie.gov.pl/ogloszenia/286946
2026-07-30,"Szpital Neuropsychiatryczny im. Prof. Mieczysława Kaczyńskiego Samodzielny Publiczny Zakład Opieki Zdrowotnej w Lublinie",szpital_zdrowie,uslugi_it,0,"Opracowanie, wykonanie, wdrożenie i uruchomienie strony internetowej z dostępnością dla osób ze szczególnymi potrzebami w ramach projektu „Funkcjonowanie i rozwój Regionalnego Centrum Zdrowia Psychicznego Dzieci i Młodzieży przy Szpitalu Neuropsychiatrycznym im. Prof. M. Kaczyńskiego w Lublinie” Nr FELU.08.06-IZ.00-0001/23 współfinansowanego ze środków Europejskiego Funduszu Społecznego Plus w ramach Działania 8.6 Usługi zdrowotne Priorytet VIII Zwiększanie spójności społecznej programu Fundusze Europejskie dla Lubelskiego 2021 – 2027.",bazakonk,https://bazakonkurencyjnosci.funduszeeuropejskie.gov.pl/ogloszenia/286863
2026-07-30,"Uniwersytet DSW Ideis",uczelnia_nauka,szkolenie,0,"Wzmacnianie potencjału administracyjnego Uniwersytetu DSW – przygotowanie merytoryczne kadry kierowniczej i administracyjnej zaangażowanej w procesy zarządzania uczelnią.",bazakonk,https://bazakonkurencyjnosci.funduszeeuropejskie.gov.pl/ogloszenia/286881
2026-07-30,"Wodociągi Zachodniopomorskie Sp. z o.o.",spolka_komunalna,sprzet_it,0,"„Dostawa agregatu prądotwórczego przeznaczonego do zapewnienia ciągłości działania infrastruktury teleinformatycznej i systemów cyberbezpieczeństwa w ramach realizacji projektu „Cyberbezpieczne Wodociągi”",bazakonk,https://bazakonkurencyjnosci.funduszeeuropejskie.gov.pl/ogloszenia/286877
2026-07-30,"Województwo Wielkopolskie - Wojewódzki Urząd Pracy w Poznaniu",samorzad,szkolenie,0,"Organizacja i przeprowadzenie dwudniowego szkolenia zamkniętego w formie stacjonarnej dla kadry kierowniczej i samodzielnych stanowisk Wojewódzkiego Urzędu Pracy w Poznaniu pn. „Finanse publiczne – studium ogólnej wiedzy o zadaniach i zasadach finansowania publicznego systemu finansowego samorządu”.",bazakonk,https://bazakonkurencyjnosci.funduszeeuropejskie.gov.pl/ogloszenia/286898
2026-07-30,"Zakład Usług Komunalnych WODKAN Sp. z o.o.",spolka_komunalna,sprzet_it,0,"Dostawa sprzętu/urządzeń i oprogramowania podnoszącego poziom cyberbezpieczeństwa systemów teleinformatycznych w Zakładzie Usług Komunalnych WODKAN Spółka z ograniczoną odpowiedzialnością w Nowej Chełmży.",bazakonk,https://bazakonkurencyjnosci.funduszeeuropejskie.gov.pl/ogloszenia/286663
2026-07-29,"Akademia Muzyczna im. Stanisława Moniuszki w Gdańsku",uczelnia_nauka,sprzet_it,0,"Dostawa sprzętu komputerowego na potrzeby wyposażenia Biura ds. dostępności oraz osób ze szczególnymi potrzebami w Akademii Muzycznej im. Stanisława Moniuszki w Gdańsku",bazakonk,https://bazakonkurencyjnosci.funduszeeuropejskie.gov.pl/ogloszenia/286713
2026-07-29,"ASLab Science P.S.A.",firma_prywatna,badania_rd,0,"Zapytanie ofertowe na wynajem teksturometru do badania siły adhezji opatrunku (1 szt.) na potrzeby firmy ASLAB SCIENCE PROSTA SPÓŁKA AKCYJNA do realizacji projektu pt. „AAC – multifunkcjonalny, wielowarstwowy opatrunek medyczny, przyspieszający gojenie się ran, o szerokiej aktywności przeciwmikrobiologicznej” realizowanego w ramach Programu Fundusze Europejskie dla Nowoczesnej Gospodarki Działanie FENG.01.01 Ścieżka SMART.",bazakonk,https://bazakonkurencyjnosci.funduszeeuropejskie.gov.pl/ogloszenia/286696
2026-07-29,"Bieszczadzkie Centrum Dziedzictwa Kulturowego FANTO",inne,inne,0,"„Profesjonalne Bieszczady – rozwój kadry i infrastruktury BCDK”",bazakonk,https://bazakonkurencyjnosci.funduszeeuropejskie.gov.pl/ogloszenia/286766
2026-07-29,"Centrum Rozwoju Społeczno-Ekonomicznego",ngo,szkolenie,0,"ZAPYTANIE OFERTOWE nr 30/2026/MI/SZK dotyczące realizacji szkolenia „Pracownik ds. obsługi klienta” (w tym zapewnienie kadry trenerskiej, materiałów szkoleniowych, sal szkoleniowych, ubezpieczenia NNW oraz egzaminu) – część A, usługi cateringowej podczas usługi szkoleniowej – część B dla uczestników projektu „Most Integracji – Podkarpackie Centrum Wsparcia OPT”, prowadzone w oparciu o zasadę konkurencyjności.",bazakonk,https://bazakonkurencyjnosci.funduszeeuropejskie.gov.pl/ogloszenia/286705
2026-07-29,"Certes Sp. z o.o.",firma_prywatna,szkolenie,0,"Systemowe kształcenie specjalistów i specjalistek ds. dostępności cyfrowe",bazakonk,https://bazakonkurencyjnosci.funduszeeuropejskie.gov.pl/ogloszenia/286777
2026-07-29,"Chantal sp. z o.o.",firma_prywatna,inne,0,"CHANTAL – Polski Ekspert w Pielęgnacji Włosów na Światowych Rynkach",bazakonk,https://bazakonkurencyjnosci.funduszeeuropejskie.gov.pl/ogloszenia/286780
2026-07-29,"Contargo HTR Sp. z o.o.",firma_prywatna,inne,0,"Prace infrastrukturalne – prace budowlane związane z infrastrukturą terminala intermodalnego wraz z projektem wykonawczym",bazakonk,https://bazakonkurencyjnosci.funduszeeuropejskie.gov.pl/ogloszenia/286813
2026-07-29,"DGA S.A",firma_prywatna,szkolenie,0,"Przeprowadzenie kursów dla uczestników projektu pt.: „Podnoszenie i zmiana kwalifikacji oraz aktywizacja zawodowa pracowników Grupy Kapitałowej Zespołu Elektrowni Pątnów – Adamów – Konin zorientowana na utworzenie i utrzymanie miejsc pracy. „Droga do zatrudnienia po węglu”.",bazakonk,https://bazakonkurencyjnosci.funduszeeuropejskie.gov.pl/ogloszenia/286751
2026-07-29,"Fundacja Instytut Edukacji",ngo,szkolenie,0,"Zapytanie ofertowe nr 44/ARZ/FESL.05.04 w projekcie „Akademia Rozwoju Zawodowego” nr FESL.05.04-IP.02-07HD/23 realizowanym w ramach Programu Fundusze Europejskie dla Śląskiego 2021-2027 współfinansowanego ze środków Europejskiego Funduszu Społecznego Plus",bazakonk,https://bazakonkurencyjnosci.funduszeeuropejskie.gov.pl/ogloszenia/286739
2026-07-29,"GE Aerospace Poland Sp. z o.o.",firma_prywatna,inne,0,"Zapytanie ofertowe z dnia 29.07.2026 roku na usługi związane z obróbką mechaniczną metali mające na celu wytworzenie elementów o określonej geometrii",bazakonk,https://bazakonkurencyjnosci.funduszeeuropejskie.gov.pl/ogloszenia/286812
2026-07-29,"Geria-med Medyczna Opieka Domowa",szpital_zdrowie,inne,0,"ZAPYTANIE OFERTOWE NR 1/GM/2026: Świadczenie długoterminowej opieki pielęgniarskiej w miejscu zamieszkania, wsparcia psychologicznego dla opiekunów faktycznych osób potrzebujących wsparcia w codziennym funkcjonowaniu oraz opieki wytchnieniowej w postaci usługi opiekuńczej",bazakonk,https://bazakonkurencyjnosci.funduszeeuropejskie.gov.pl/ogloszenia/286725
2026-07-29,"Gmina Biały Dunajec",samorzad,inne,0,"Dostawę wyposażenia i umeblowania dla projektu „Utworzenie placówki dziennego wsparcia dla dzieci i młodzieży” realizowanego przez Zamawiającego w ramach dofinansowania: Fundusze Europejskie dla Małopolski 2021-2027, Europejski Fundusz Społeczny Plus, Priorytet Fundusze europejskie dla rynku pracy, edukacji i włączenia społecznego, Działanie Wsparcie usług społecznych w regionie – ZIT.",bazakonk,https://bazakonkurencyjnosci.funduszeeuropejskie.gov.pl/ogloszenia/286778
2026-07-29,"Gmina Domaszowice",samorzad,uslugi_it,0,"Przygotowanie, wdrożenie i audyt SZBI, testowanie bezpieczeństwa infrastruktury sieciowej oraz szkolenia pracowników z cyberbezpieczeństwa w ramach projektu ""Cyberbezpieczny Samorząd"".",bazakonk,https://bazakonkurencyjnosci.funduszeeuropejskie.gov.pl/ogloszenia/286724
2026-07-29,"Ministerstwo Zdrowia",administracja_centralna,uslugi_it,0,"Wykonanie audytu wstępnego zgodności SZBI z KRI/KSC oraz zaprojektowanie i wdrożenie Zintegrowanego Systemu Zarządzania Bezpieczeństwem Informacji dla Ministerstwa Zdrowia",bazakonk,https://bazakonkurencyjnosci.funduszeeuropejskie.gov.pl/ogloszenia/286756
2026-07-29,"Samodzielny Publiczny Zespół Zakładów Opieki Długoterminowej",szpital_zdrowie,inne,0,"Deinstytucjonalizacja opieki rehabilitacyjnej w powiecie oleckim – modernizacja SPZZOD",bazakonk,https://bazakonkurencyjnosci.funduszeeuropejskie.gov.pl/ogloszenia/286814
2026-07-29,"Stowarzyszenie Aglomeracja Kalisko-Ostrowska",ngo,inne,0,"Usługa świadczona i finansowana będzie w ramach projektu pn. „Sieciowanie Związków ZIT w Polsce” na realizację sieci współpracy „Akademia partnerstwa i współpracy MOF” (sieć tematyczna: „Zarządzanie i realizacja zasad horyzontalnych w MOF”), zgodnie z podpisaną umową na rzecz realizacji projektu w ramach programu Pomoc Techniczna dla Funduszy Europejskich 2021-2027.",bazakonk,https://bazakonkurencyjnosci.funduszeeuropejskie.gov.pl/ogloszenia/286683
2026-07-29,"Stowarzyszenie Euroregion Karpacki",ngo,inne,0,"Opracowanie pól współpracy w zakresie zidentyfikowanych problemów występujących na obszarze Transgranicznych Obszarów Funkcjonalnych TOF Beskid Niski i TOF Kremenaros",bazakonk,https://bazakonkurencyjnosci.funduszeeuropejskie.gov.pl/ogloszenia/286733
2026-07-29,"T.R.V. SEBASTIAN KOMINIAK",firma_prywatna,inne,0,"Dostawa pojazdu elektrycznego – mobilne zaplecze serwisowe w związku z realizacją projektu pn. „Zwiększenie zdolności produkcyjnych przedsiębiorstwa poprzez rozpoczęcie świadczenia innowacyjnych usług budowlanych na obszarze transformacji województwa łódzkiego”.",bazakonk,https://bazakonkurencyjnosci.funduszeeuropejskie.gov.pl/ogloszenia/286819
2026-07-29,"Uniwersytet w Siedlcach",uczelnia_nauka,sprzet_it,0,"Dostawa wirtualnego stołu anatomicznego",ted,https://ted.europa.eu/pl/notice/-/detail/524225-2026
2026-07-29,"Uniwersytet w Siedlcach, Siedlce",uczelnia_nauka,inne,0,"Usługa gastronomiczno-hotelowa w dniu 21-22.09.2026 r. dla uczestników XIX Międzynarodowej Konferencji Naukowej MANAGENT 2026 Zarządzanie i jakość w erze sztucznej inteligencji",ezam,https://ezamowienia.gov.pl/mp-client/search/list/08deed5f-8476-e909-ebd1-6500018d329f
2026-07-29,"Urząd Miasta Włocławek",samorzad,uslugi_it,0,"Dostawa, wdrożenie, konfiguracja oraz utrzymanie urządzeń i oprogramowania z zakresu cyberbezpieczeństwa dla Urzędu Miasta w ramach projektu grantowego pn. „Cyberbezpieczne Miasto Włocławek” dofinansowanego z projektu z Funduszy Europejskich na Rozwój Cyfrowy 2021-2027",bazakonk,https://bazakonkurencyjnosci.funduszeeuropejskie.gov.pl/ogloszenia/286719
2026-07-29,"WEBSENSA Spółka z ograniczoną odpowiedzialnością",firma_prywatna,sprzet_it,0,"ZAPYTANIE OFERTOWE nr 21_2026_05.01.01_003F z dnia 29 lipca 2026 r. na zakup i dostawę 5 sztuk sprzętu komputerowego – laptopów.",bazakonk,https://bazakonkurencyjnosci.funduszeeuropejskie.gov.pl/ogloszenia/286797
2026-07-29,"WEBSENSA Spółka z ograniczoną odpowiedzialnością",firma_prywatna,sprzet_it,0,"ZAPYTANIE OFERTOWE nr 22_2026_05.01.01_003F z dnia 29 lipca 2026 r.na zakup i dostawę 8 sztuk wysokowydajnych komputerów.",bazakonk,https://bazakonkurencyjnosci.funduszeeuropejskie.gov.pl/ogloszenia/286798
2026-07-29,"Wirex Construction Spółka z ograniczoną odpowiedzialnością",firma_prywatna,inne,0,"ZAPYTANIE OFERTOWE nr 2/FELD.09.01/1 na zakup, dostawę, instalację, uruchomienie wraz ze specjalistycznym instruktażem w obsłudze automatycznego systemu do wdmuchiwania materiałów izolacyjnych - 1 szt.",bazakonk,https://bazakonkurencyjnosci.funduszeeuropejskie.gov.pl/ogloszenia/286603
2026-07-29,"Wyższa Szkoła Biznesu i Nauk o Zdrowiu w Łodzi",uczelnia_nauka,oprogramowanie,0,"ZAPYTANIE OFERTOWE nr 5/WSBiNoZ/DROP/2026 w zakresie realizacji usługi polegającej na dostawie licencji i wdrożeniu systemu teleinformatycznego",bazakonk,https://bazakonkurencyjnosci.funduszeeuropejskie.gov.pl/ogloszenia/286694
2026-07-29,"Zakład Gospodarki Komunalnej sp. z o. o.",spolka_komunalna,uslugi_it,0,"Zaprojektowanie rozwiązania z zakresu bezpieczeństwa teleinformatycznego, dostawa sprzętu i oprogramowania, wdrożenie oraz usługi towarzyszące [tzw. Postępowanie B]",bazakonk,https://bazakonkurencyjnosci.funduszeeuropejskie.gov.pl/ogloszenia/286808
2026-07-29,"Zakład Gospodarki Komunalnej w Jezierzycach Sp. z o.o.",spolka_komunalna,uslugi_it,0,"Wdrożenie systemu bezpieczeństwa informacji w systemie informacyjnym jednostki Zakładu Usług Komunalnych w Jezierzycach Sp. z o.o. obejmujący system teleinformatyczny",bazakonk,https://bazakonkurencyjnosci.funduszeeuropejskie.gov.pl/ogloszenia/286818
2026-07-29,"Związek Centralny Dzieła Kolpinga w Polsce",ngo,szkolenie,0,"Zapewnienie sali szkoleniowej oraz wyżywienia dla uczestników szkolenia, Niepołomice lub okolice, woj. małopolskie, 20.08.2026 r.",bazakonk,https://bazakonkurencyjnosci.funduszeeuropejskie.gov.pl/ogloszenia/286804
2026-07-29,"Związek Centralny Dzieła Kolpinga w Polsce",ngo,szkolenie,0,"KURS JĘZYKA WŁOSKIEGO ONLINE W CZASIE RZECZYWISTYM DLA 1 OSOBY NA POZIOMIE A2",bazakonk,https://bazakonkurencyjnosci.funduszeeuropejskie.gov.pl/ogloszenia/286720
2026-07-28,"3N SOLUTIONS SPÓŁKA Z OGRANICZONĄ ODPOWIEDZIALNOŚCIĄ",firma_prywatna,inne,0,"Zapytanie ofertowe- Detektor wielogazowy – 6 szt.",bazakonk,https://bazakonkurencyjnosci.funduszeeuropejskie.gov.pl/ogloszenia/286518
2026-07-28,"Akademia Zdrowia Izabela Łajs",firma_prywatna,szkolenie,0,"Przygotowanie i przeprowadzenie warsztatów grupowych dla uczestników/uczestniczek projektu „Młodzi na łódzkim rynku pracy”.",bazakonk,https://bazakonkurencyjnosci.funduszeeuropejskie.gov.pl/ogloszenia/286657
2026-07-28,"ASLab Science P.S.A.",firma_prywatna,inne,0,"Zapytanie ofertowe na wynajem aparatu do odparowywania pod azotem na potrzeby firmy ASLAB SCIENCE PROSTA SPÓŁKA AKCYJNA do realizacji projektu pt. „AAC – multifunkcjonalny, wielowarstwowy opatrunek medyczny, przyspieszający gojenie się ran, o szerokiej aktywności przeciwmikrobiologicznej” realizowanego w ramach Programu Fundusze Europejskie dla Nowoczesnej Gospodarki Działanie FENG.01.01 Ścieżka SMART.",bazakonk,https://bazakonkurencyjnosci.funduszeeuropejskie.gov.pl/ogloszenia/286561
2026-07-28,"BART spółka z ograniczoną odpowiedzialnością",firma_prywatna,inne,0,"Kompleksowe zaprojektowanie, wykonanie, dostawa, montaż oraz demontaż zindywidualizowanej zabudowy stoiska wystawienniczego na targach Supply Side Global odbywających się w USA w dniach 26-30.10.2026 r.",bazakonk,https://bazakonkurencyjnosci.funduszeeuropejskie.gov.pl/ogloszenia/286618
2026-07-28,"C2C Sp. z o.o.",firma_prywatna,oprogramowanie,0,"Zapytanie ofertowe na system IIoT – wspomagający proces robotyzacji",bazakonk,https://bazakonkurencyjnosci.funduszeeuropejskie.gov.pl/ogloszenia/286601
2026-07-28,"Centrum Obsługi Edukacji w Michałowicach",oswiata,szkolenie,0,"Szkolenia dla liderów dostępności oraz mentoringu/superwizji dla nauczycieli w ramach fazy ewaluacji w projekcie ""Szkoła otwarta na edukację włączającą""",bazakonk,https://bazakonkurencyjnosci.funduszeeuropejskie.gov.pl/ogloszenia/286430
2026-07-28,"CENTRUM USŁUG SZKOLENIOWO-DORADCZYCH JAKUB SZPON",firma_prywatna,szkolenie,0,"Obsługa klienta i komunikacja w zespole z warsztatami wspólnego gotowania jako narzędzie budowania zespołu.",bazakonk,https://bazakonkurencyjnosci.funduszeeuropejskie.gov.pl/ogloszenia/286627
2026-07-28,"ESKULAP PABIANICE PRYWATNY GABINET LEKARZY SPECJALISTÓW NIEPUBLICZNY ZAKŁAD OPIEKI ZDROWOTNEJ ESKULAP PORADNIA ZDROWIA RODZINNEGO WIOLETTA SIKORA",szpital_zdrowie,inne,0,"Program dotyczący zaburzeń nastroju oraz zaburzeń nerwicowych, związanych ze stresem i pod postacią somatyczną dla mieszkańców powiatu pabianickiego",bazakonk,https://bazakonkurencyjnosci.funduszeeuropejskie.gov.pl/ogloszenia/286547
2026-07-28,"Forum Aktywności Lokalnej",ngo,sprzet_it,0,"Zakup i dostawa wraz z wniesieniem laptopa oraz przenośnego głośnika wspierającego działalność statutową oraz rozwój Dolnośląskiego Stowarzyszenia Aktywizacji Niepełnosprawnych nr 1/07/2026/SF/BONYROZWOJOWE/DOSAN",bazakonk,https://bazakonkurencyjnosci.funduszeeuropejskie.gov.pl/ogloszenia/286558
2026-07-28,"Fundacja Instytut Edukacji",ngo,szkolenie,0,"Zapytanie ofertowe nr 38/ARZ/FESL.05.04 w projekcie „Akademia Rozwoju Zawodowego” nr FESL.05.04-IP.02-07HD/23 realizowanym w ramach Programu Fundusze Europejskie dla Śląskiego 2021-2027 współfinansowanego ze środków Europejskiego Funduszu Społecznego Plus",bazakonk,https://bazakonkurencyjnosci.funduszeeuropejskie.gov.pl/ogloszenia/286536
2026-07-28,"Gmina Biały Dunajec",samorzad,inne,0,"Dostawa wyposażenia i umeblowania dla projektu „Utworzenie dwóch instytucji dziennej opieki dla dzieci do lat 3 w miejscowości Sierockie”",bazakonk,https://bazakonkurencyjnosci.funduszeeuropejskie.gov.pl/ogloszenia/286596
2026-07-28,"Gmina Miasta Brodnicy - Brodnickie Centrum Usług Społecznych",samorzad,inne,0,"Zapytanie ofertowe nr PZP.271.2.14.2026 na realizację zamówienia publicznego pn. Zakup materiałów do rękodzieła w ramach projektu „Brodnickie Centrum Usług Społecznych – realizacja usług społecznych dla mieszkańców Gminy Miasta Brodnicy”.",bazakonk,https://bazakonkurencyjnosci.funduszeeuropejskie.gov.pl/ogloszenia/286585
2026-07-28,"HDA - CENTRUM SZKOLENIA, DORADZTWA FINANSOWEGO I BIZNESU HUBERT DURLIK",firma_prywatna,szkolenie,0,"ZAPYTANIE OFERTOWE 19-NSKZ-SZ19-2026",bazakonk,https://bazakonkurencyjnosci.funduszeeuropejskie.gov.pl/ogloszenia/286611
2026-07-28,"HDA - CENTRUM SZKOLENIA, DORADZTWA FINANSOWEGO I BIZNESU HUBERT DURLIK",firma_prywatna,szkolenie,0,"ZAPYTANIE OFERTOWE NR 10/HDA/RS/2026",bazakonk,https://bazakonkurencyjnosci.funduszeeuropejskie.gov.pl/ogloszenia/286665
2026-07-28,"INSTYTUT FIZYKI JĄDROWEJ IM. HENRYKA NIEWODNICZAŃSKIEGO POLSKIEJ AKADEMII NAUK",uczelnia_nauka,sprzet_it,0,"Polska – Sprzęt laboratoryjny, optyczny i precyzyjny (z wyjątkiem szklanego) – Dostawa automatycznego systemu nanointendera dla IFJ PAN w Krakowie (DZP.260.35.2026)",ted,https://ted.europa.eu/pl/notice/-/detail/519841-2026
2026-07-28,"INTERLAN ANDRZEJ KUŁAKOWSKI I SPÓŁKA - SPÓŁKA JAWNA",firma_prywatna,badania_rd,1,"Badania nad UIAI - nowym typem interfejsu użytkownika do aplikacji webowej iSpeed w oparciu o narzędzia AI",bazakonk,https://bazakonkurencyjnosci.funduszeeuropejskie.gov.pl/ogloszenia/286593
2026-07-28,"K&CH Project Karolina Chomej",firma_prywatna,szkolenie,0,"Nowe możliwości-integracja obywateli państw trzecich na rynku pracy",bazakonk,https://bazakonkurencyjnosci.funduszeeuropejskie.gov.pl/ogloszenia/286668
2026-07-28,"Klaster Innowacji Społecznych",ngo,szkolenie,0,"3/07/2026/KIS - przeprowadzenie 480 godzin szkoleń eksperckich dla 300 uczestników projektu w ramach drugiego zjazdu edukacyjnego, realizowanego w projekcie „Liderzy Partycypacji w obszarze edukacji i kształcenia”",bazakonk,https://bazakonkurencyjnosci.funduszeeuropejskie.gov.pl/ogloszenia/286650
2026-07-28,"Klaster Innowacji Społecznych",ngo,szkolenie,0,"4/07/2026/KIS - Kompleksowa organizacja 6 turnusów szkoleniowych (sale szkoleniowe, catering, nocleg) w ramach drugiego zjazdu edukacyjnego w projekcie ""Liderzy Partycypacji w obszarze edukacji i kształcenia"", w ramach programu Funduszy Europejskich dla Rozwoju Społecznego 2021-2027 współfinansowanego ze środków Europejskiego Funduszu Społecznego Plus, numer projektu FERS.04.06-IP.04-0030/23.",bazakonk,https://bazakonkurencyjnosci.funduszeeuropejskie.gov.pl/ogloszenia/286651
2026-07-28,"Meblitos Sp. z o.o.",firma_prywatna,inne,0,"ZAPYTANIE OFERTOWE NA REALIZACJĘ USŁUG DORADCZYCH NIEZBĘDNYCH DO WDROŻENIA STRATEGII WZORNICZEJ ZWIĄZANYCH Z WPROWADZANIEM PRODUKTÓW MEBLOWYCH NA PLATFORMY E-COMMERCE AMAZON NA RYNKU NIEMIECKIM.",bazakonk,https://bazakonkurencyjnosci.funduszeeuropejskie.gov.pl/ogloszenia/286678
2026-07-28,"MISZ-BUD Sp. z o. o.",firma_prywatna,badania_rd,0,"03/2026 - Usługi badawcze - pracownik naukowy",bazakonk,https://bazakonkurencyjnosci.funduszeeuropejskie.gov.pl/ogloszenia/286608
2026-07-28,"MISZ-BUD Sp. z o. o.",firma_prywatna,uslugi_it,0,"01/2026 - Usługi wsparcia inżynierskiego",bazakonk,https://bazakonkurencyjnosci.funduszeeuropejskie.gov.pl/ogloszenia/286634
2026-07-28,"MISZ-BUD Sp. z o. o.",firma_prywatna,wdrozenie_ai,1,"02/2026 - Opracowanie rozwiązań informatycznych integrujących komponenty badawcze z rozwiązaniami inżynierskimi, chmurowymi i AI.",bazakonk,https://bazakonkurencyjnosci.funduszeeuropejskie.gov.pl/ogloszenia/286628
2026-07-28,"Nadleśnictwo Iława",administracja_centralna,inne,0,"Kopia Opracowanie dokumentacji projektowej budowy zastawek i zasypywania rowów w leśnictwach Gardyny, Rydzewo, Smolniki.",bazakonk,https://bazakonkurencyjnosci.funduszeeuropejskie.gov.pl/ogloszenia/286506
2026-07-28,"NORGPOL Sp. z o.o.",firma_prywatna,inne,0,"Zapytanie ofertowe: Prasa hydrauliczna do wykrawania otworów w profilach aluminiowych o przekroju minimalnym 150x150 mm – 1 szt.",bazakonk,https://bazakonkurencyjnosci.funduszeeuropejskie.gov.pl/ogloszenia/286546
2026-07-28,"NORGPOL Sp. z o.o.",firma_prywatna,inne,0,"Zapytanie ofertowe: Dwugłowicowa 3 osiowa automatyczna piła do cięcia profili aluminiowych - 1szt.",bazakonk,https://bazakonkurencyjnosci.funduszeeuropejskie.gov.pl/ogloszenia/286545
2026-07-28,"Phoenix Systems Sp. z o.o.",firma_prywatna,badania_rd,0,"Przeprowadzenie badań kompatybilności elektromagnetycznej (EMC) dla kontrolera lotu Phoenix-pilot (seria IV) oraz badań zgodności z dyrektywą radiową (RED) dla SensorBox (seria III) w ramach realizacji projektu pn: System operacyjny Phoenix-RTOS – fundament dla Distributed Multi Provider Cloud-Edge-IoT Continuum",bazakonk,https://bazakonkurencyjnosci.funduszeeuropejskie.gov.pl/ogloszenia/286625
2026-07-28,"PLAST-MET CNC SPÓŁKA Z OGRANICZONĄ ODPOWIEDZIALNOŚCIĄ",firma_prywatna,inne,0,". „Zwiększenie konkurencyjności firmy PLAST-MET CNC, zlokalizowanej w Cisewie, poprzez modernizację procesu produkcyjnego i wprowadzenie nowego produktu – stalowego kontenera na odpady produkcyjne, w celu dostosowania się do warunków rynkowych.”",bazakonk,https://bazakonkurencyjnosci.funduszeeuropejskie.gov.pl/ogloszenia/285547
2026-07-28,"Powiatowe Centrum Pomocy Rodzinie w Ropczycach",samorzad,inne,0,"Zapytanie ofertowe na dostawę produktów żywnościowych do Placówki Wsparcia Dziennego ""Nasza Baza"" w Ropczycach w ramach projektu pn. „Nasza Baza – przestrzeń rozwoju dzieci i młodzieży”.",bazakonk,https://bazakonkurencyjnosci.funduszeeuropejskie.gov.pl/ogloszenia/286516
2026-07-28,"PROMEDHEUS Sp z o.o.",firma_prywatna,badania_rd,0,"Wybór członka personelu badawczo-rozwojowego (B+R) na stanowisko Eksperta ds. Zarządzania Szpitalem w ramach projektu",bazakonk,https://bazakonkurencyjnosci.funduszeeuropejskie.gov.pl/ogloszenia/286572
2026-07-28,"Przedsiębiorstwo Usług Gminnych sp. z o.o.",spolka_komunalna,uslugi_it,0,"Wdrożenie kompleksowych rozwiązań w zakresie cyberbezpieczeństwa dla Przedsiębiorstwa Usług Gminnych Sp. z o.o. w Pakości, w ramach projektu „Cyberbezpieczne Wodociągi""",bazakonk,https://bazakonkurencyjnosci.funduszeeuropejskie.gov.pl/ogloszenia/286676
2026-07-28,"Przedsiębiorstwo Wodociągów i Kanalizacji w Piasecznie Sp. z o.o.",spolka_komunalna,uslugi_it,0,"Krajowy Plan Odbudowy i Zwiększania Odporności finansowany ze środków Instrumentu na Rzecz Odbudowy i Zwiększania Odporności Inwestycja C3.1.1. Cyberbezpieczeństwo – CyberPL, infrastruktura przetwarzania danych oraz optymalizacja infrastruktury służb państwowych odpowiedzialnych za bezpieczeństwo Cyberbezpieczeństwo - Cyberbezpieczne Wodociągi. Konkurs grantowy pn. “Cyberbezpieczne Wodociągi” o numerze KPOD.05.10-CW.01-001/25",bazakonk,https://bazakonkurencyjnosci.funduszeeuropejskie.gov.pl/ogloszenia/286606
2026-07-28,"Publiczne Przedszkole nr 18 w Wodzisławiu Śląskim",oswiata,inne,0,"Pierwsze wsparcie już na starcie - rozwój edukacji przedszkolnej w Wodzisławiu Śląskim.",bazakonk,https://bazakonkurencyjnosci.funduszeeuropejskie.gov.pl/ogloszenia/286560
2026-07-28,"Publiczne Przedszkole nr 19 z Oddziałami Integracyjnymi w Wodzisławiu Śląskim",oswiata,inne,0,"""Pierwsze wsparcie już na starcie - rozwój edukacji przedszkolnej w Wodzisławiu Śląskim""",bazakonk,https://bazakonkurencyjnosci.funduszeeuropejskie.gov.pl/ogloszenia/286540
2026-07-28,"Publiczne Przedszkole nr 3 w Wodzisławiu Śląskim",oswiata,inne,0,"Pierwsze wsparcie już na starcie- rozwój edukacji przedszkolnej w Wodzisławiu Śląskim",bazakonk,https://bazakonkurencyjnosci.funduszeeuropejskie.gov.pl/ogloszenia/286532
2026-07-28,"Screenmed spółka z ograniczoną odpowiedzialnością",firma_prywatna,inne,0,"Wynajem powierzchni laboratoryjnej w związku z realizacją Projektu FENG.05.01-IP.01-0009/25 pn. „Funkcjonalizowane nanocząstki magnetokatalityczne w systemach lab-on-foil i mikrofluidyce cyfrowej do detekcji biomarkerów medycznych (StepDiag).”",bazakonk,https://bazakonkurencyjnosci.funduszeeuropejskie.gov.pl/ogloszenia/286586
2026-07-28,"Uniwersytet WSB Merito w Gdańsk",uczelnia_nauka,szkolenie,0,"60/2026/DD231 Przeprowadzenie szkoleń dla kadry prowadzącej dydaktykę w UWSB Merito w Gdańsku: Część 1: Szkolenia podnoszące kompetencje z zarządzania informacją: ,,Cyfrowe zarządzanie wiedzą i organizacja pracy w środowisku akademickim’’ – 2 grupy. Część 2: Szkolenia podnoszące kompetencje komunikacyjne: ,,Jak rozmawiać, słuchać i reagować w trudnych sytuacjach w środowisku akademickim’’ – 3 grupy.",bazakonk,https://bazakonkurencyjnosci.funduszeeuropejskie.gov.pl/ogloszenia/286525
2026-07-28,"Uniwersytet WSB Merito w Gdańsk",uczelnia_nauka,oprogramowanie,0,"Nr 64/2026/DOS71 Dostawa, montaż i wdrożenie wraz z przeszkoleniem pracowników z systemu nawigacji wewnątrzbudynkowej dostosowanej dla osób z niepełnosprawnościami dla UWSB Merito w Gdańsku i Gdyni",bazakonk,https://bazakonkurencyjnosci.funduszeeuropejskie.gov.pl/ogloszenia/286563
2026-07-28,"Uniwersytet WSB Merito w Gdańsku",uczelnia_nauka,sprzet_it,0,"KO242_57_2026 Dostawa kompletnego zestawu do eyetrackingu z zestawem komputerowym wraz ze szkoleniem kadry akademickiej UWSB MERITO w Gdańsku.",bazakonk,https://bazakonkurencyjnosci.funduszeeuropejskie.gov.pl/ogloszenia/286610
2026-07-28,"Urząd Marszałkowski Województwa Pomorskiego",samorzad,badania_rd,0,"„Identyfikacja obecnego i przyszłego potencjału Województwa Pomorskiego w zakresie produkcji, dystrybucji, magazynowania i wykorzystania wodoru”",bazakonk,https://bazakonkurencyjnosci.funduszeeuropejskie.gov.pl/ogloszenia/286534
2026-07-28,"WSPÓLNOTA MIESZKANIOWA PRZY UL. NADBRZEŻNEJ 9-11 W ŚWIDNICY",inne,inne,0,"Renowacja zwiększająca efektywność energetyczną budynku wspólnoty Wspólnota Mieszkaniowa przy ul. Nadbrzeżnej 9-11 w Świdnicy",bazakonk,https://bazakonkurencyjnosci.funduszeeuropejskie.gov.pl/ogloszenia/286642
2026-07-28,"WSPÓLNOTA MIESZKANIOWA PRZY UL. TRYBUNALSKIEJ NR 23 W ŚWIDNICY",inne,inne,0,"Renowacja zwiększająca efektywność energetyczną budynku mieszkalnego przy ul. Trybunalskiej 23 w Świdnicy",bazakonk,https://bazakonkurencyjnosci.funduszeeuropejskie.gov.pl/ogloszenia/286644
2026-07-28,"Zakład Doskonalenia Zawodowego",oswiata,szkolenie,0,"70/ZK/2025/NK-NS „Przeprowadzenie zajęć dydaktycznych przez trenerów/instruktorów na kursie Opiekun(ka) w żłobku/klubie dziecięcym” w celu realizacji projektu pn. „NOWE KWALIFIKACJE-NOWY START”",bazakonk,https://bazakonkurencyjnosci.funduszeeuropejskie.gov.pl/ogloszenia/286595
2026-07-28,"Zakład Wodociągów i Usług Komunalnych ""EKOWOD"" spółka z ograniczoną odpowiedzialnością",spolka_komunalna,uslugi_it,0,"Wdrożenie zintegrowanej architektury odporności IT i OT wraz z przygotowaniem kompetencyjnym i organizacyjnym Zamawiającego na cyberataki",bazakonk,https://bazakonkurencyjnosci.funduszeeuropejskie.gov.pl/ogloszenia/286647
2026-07-28,"Zespół Szkolno - Przedszkolny nr 1",oswiata,inne,0,"„Pierwsze wsparcie już na starcie - rozwój edukacji przedszkolnej w Wodzisławiu Śląskim”",bazakonk,https://bazakonkurencyjnosci.funduszeeuropejskie.gov.pl/ogloszenia/286531
2026-07-27,"BIMED KOMUŃSKA SPÓŁKA JAWNA",szpital_zdrowie,inne,0,"ZAPYTANIE OFERTOWE nr 2/FELD.06.03/1 na zakup, dostawę i instalację aparatów USG – 2 szt.",bazakonk,https://bazakonkurencyjnosci.funduszeeuropejskie.gov.pl/ogloszenia/286465
2026-07-27,"Błysk-Bis Spółka  Z Ograniczoną Odpowiedzialnością",firma_prywatna,inne,0,"Kopia „Zaprojektowanie, dostawa, montaż, uruchomienie, testy i odbiór kompletnej linii technologicznej do doczyszczania makulatury w ramach modernizacji i rozbudowy sortowni odpadów komunalnych na działce nr 332 w Makowie Mazowieckim w ramach projektu FEMA.02.06-IP.01-0A4O/25”",bazakonk,https://bazakonkurencyjnosci.funduszeeuropejskie.gov.pl/ogloszenia/286451
2026-07-27,"Bodyscope Sp. z o.o.",firma_prywatna,inne,0,"ZAPYTANIE OFERTOWE nr 03/2026 - usługi doradcze oraz przygotowanie dokumentacji oceny zgodności (CE, klasa I MDR) i dokumentacji systemu zarządzania jakością dla wyrobu medycznego BodyScope 360",bazakonk,https://bazakonkurencyjnosci.funduszeeuropejskie.gov.pl/ogloszenia/286493
2026-07-27,"Centrum Unijnych Projektów Transportowych",administracja_centralna,oprogramowanie,0,"Przedłużenie wsparcia na system do ochrony poczty elektronicznej - nr DOZ-WZ.25.4.2026",bazakonk,https://bazakonkurencyjnosci.funduszeeuropejskie.gov.pl/ogloszenia/286255
2026-07-27,"Elbląskie Centrum Usług Społecznych",samorzad,inne,0,"„Moc Rodziny” Projekt współfinansowany ze środków Unii Europejskiej w ramach Europejskiego Funduszu Społecznego Plus Program Regionalny Fundusze Europejskie dla Warmii i Mazur na lata 2021 - 2027 Priorytet 9: Włączenie i integracja EFS+ Działanie 9.9: System pieczy zastępczej",bazakonk,https://bazakonkurencyjnosci.funduszeeuropejskie.gov.pl/ogloszenia/286383
2026-07-27,"FABRYKA OKIEN I DRZWI ”BAS” SPÓŁKA Z OGRANICZONĄ ODPOWIEDZIALNOŚCIĄ",firma_prywatna,inne,0,"Zapytanie ofertowe z dnia 27.07.2026 - okucia, osłonki, zawiasy, uszczelni, materiały dodatkowe",bazakonk,https://bazakonkurencyjnosci.funduszeeuropejskie.gov.pl/ogloszenia/286409
2026-07-27,"FABRYKA OKIEN I DRZWI ”BAS” SPÓŁKA Z OGRANICZONĄ ODPOWIEDZIALNOŚCIĄ",firma_prywatna,inne,0,"ZO 27.07.2026 - Uszczelki PPOŻ– 120mb",bazakonk,https://bazakonkurencyjnosci.funduszeeuropejskie.gov.pl/ogloszenia/286410
2026-07-27,"Fundacja Aktywizacji Zawodowej i Rozwoju",ngo,szkolenie,1,"11/2026 - Pracownik biurowy z wykorzystaniem narzędzi AI",bazakonk,https://bazakonkurencyjnosci.funduszeeuropejskie.gov.pl/ogloszenia/286491
2026-07-27,"Gmina Miejska Kowary",samorzad,inne,0,"Pomocna Dłoń dla mieszkańców gminy Kowary - wsparcie w ramach Dziennego Domu Pomocy – usługa transportowa",bazakonk,https://bazakonkurencyjnosci.funduszeeuropejskie.gov.pl/ogloszenia/286476
2026-07-27,"Gmina Oleśnica",samorzad,uslugi_it,0,"Opracowanie i wdrożenie dokumentacji Systemu Zarządzania Bezpieczeństwem Informacji (SZBI) oraz przeprowadzenie audytu KRI dla Urzędu Miasta i Gminy Oleśnica oraz jednostek podległych.",bazakonk,https://bazakonkurencyjnosci.funduszeeuropejskie.gov.pl/ogloszenia/286428
2026-07-27,"HOST Sp. z o.o.",firma_prywatna,sprzet_it,1,"02/2026 - Komputer przenośny o parametrach dostosowanych do budowy AI – 1 szt.",bazakonk,https://bazakonkurencyjnosci.funduszeeuropejskie.gov.pl/ogloszenia/286467
2026-07-27,"IzoSerwis Sp. z o.o.",firma_prywatna,inne,0,"Rozwój branży HVAC na terenie Wielkopolski Wschodniej w kontekście redukcji strat energetycznych i obciążenia środowiska",bazakonk,https://bazakonkurencyjnosci.funduszeeuropejskie.gov.pl/ogloszenia/285839
2026-07-27,"Kamil Klimczak Firma Produkcyjno-Handlowa ,,KLIMEX""",firma_prywatna,inne,0,"ZAPYTANIE OFERTOWE nr 5/FELD.09.01/4 na zakup, dostawę, instalację, uruchomienie wózka widłowego z napędem elektrycznym – 1 szt.",bazakonk,https://bazakonkurencyjnosci.funduszeeuropejskie.gov.pl/ogloszenia/286433
2026-07-27,"KARKONOSKA AKADEMIA NAUK STOSOWANYCH W JELENIEJ GÓRZE",uczelnia_nauka,szkolenie,0,"„Zorganizowanie i przeprowadzenie studiów podyplomowych w roku akademickim 2026/2027” w ramach projektu pn. Razem po sukces – wzmocnienie potencjału zarządzającego i administracyjnego KANS”, w podziale na części: Część 1 – Executive MBA – Business Trends – dla 3 uczestników, 2 semestry w formie stacjonarnej, Część 2 – MBA Finanse – dla 2 uczestników, 2 semestry w formie e-learning (on-line), Część 3 – w zakresie angielskiego języka specjalistycznego – dla 1 uczestnika, 2 semestry w formie online, Część 4 – w zakresie coachingu/doradztwa – dla 2 uczestników, 2 semestry w for",bazakonk,https://bazakonkurencyjnosci.funduszeeuropejskie.gov.pl/ogloszenia/286406
2026-07-27,"Katowice Miasto Ogrodów - Instytucja Kultury im. Krystyny Bochenek",inne,uslugi_it,0,"Zaprojektowanie, wdrożenie oraz uruchomienie nowego serwisu internetowego Katowice Miasto Ogrodów – Instytucji Kultury im. K. Bochenek zgodnego ze standardem WCAG 2.1 na poziomie AA.",bazakonk,https://bazakonkurencyjnosci.funduszeeuropejskie.gov.pl/ogloszenia/286463
2026-07-27,"MAJAMI SPÓŁKA Z OGRANICZONĄ ODPOWIEDZIALNOŚCIĄ",firma_prywatna,inne,0,"ZAPYTANIE OFERTOWE 02/2026 Usługa kompleksowego konsultingu inżynieryjnego na etapie prac wdrożeniowych projektu pn. „Fit pianka – opracowanie i wdrożenie innowacyjnego na skalę światową funkcjonalnego produktu spożywczego”",bazakonk,https://bazakonkurencyjnosci.funduszeeuropejskie.gov.pl/ogloszenia/286444
2026-07-27,"Miejskie Przedsiębiorstwo Komunikacyjne w Poznaniu Sp. z o.o.",spolka_komunalna,inne,0,"Polska – Usługi w zakresie napraw i konserwacji oraz podobne usługi dotyczące kolei i innego sprzętu – Przedmiotem zamówienia jest naprawa części i podzespołów tramwajowych.",ted,https://ted.europa.eu/pl/notice/-/detail/516720-2026
2026-07-27,"Morapel Sp. z o.o.",firma_prywatna,oprogramowanie,0,"„Zakup Platformy Sprzedażowej B2B/B2C” realizowany w ramach Projektu pn. Wdrożenie Planu Transformacji Cyfrowej Morapel Sp. z o.o. dofinansowanego w ramach Europejskiego Funduszu Rozwoju Regionalnego, program Fundusze Europejskie dla Małopolski 2021-2027, Priorytet Fundusze europejskie dla badań i rozwoju oraz przedsiębiorczości, Działanie Rozwój MŚP w obszarze cyfryzacji i Przemysłu 4.0, projekt nr FEMP.01.11-IP.01-0823/24.",bazakonk,https://bazakonkurencyjnosci.funduszeeuropejskie.gov.pl/ogloszenia/286371
2026-07-27,"Państwowe Gospodarstwo Wodne Wody Polskie",spolka_komunalna,inne,0,"Dostawa materiałów biurowych i piśmienniczych i papieru do druku, na potrzeby Państwowego Gospodarstwa Wodnego Wody Polskie Regionalnego Zarządu Gospodarki Wodnej w Rzeszowie",ted,https://ted.europa.eu/pl/notice/-/detail/516232-2026
2026-07-27,"Piotr Robert Szmigiel Centrum Szkoleniowe NORTON",firma_prywatna,szkolenie,0,"Kopia Zapytanie ofertowe 1/8.1M(2)/2026",bazakonk,https://bazakonkurencyjnosci.funduszeeuropejskie.gov.pl/ogloszenia/286388
2026-07-27,"Piotr Robert Szmigiel Centrum Szkoleniowe NORTON",firma_prywatna,szkolenie,0,"Zapytanie ofertowe 2/8.1M(2)/2026",bazakonk,https://bazakonkurencyjnosci.funduszeeuropejskie.gov.pl/ogloszenia/286386
2026-07-27,"Poland Biomed Ventures Sp. z o.o. z siedzibą w Natolinie,",firma_prywatna,uslugi_it,0,"re_d: rethink digital - Central Poland Digitalisation Hub",bazakonk,https://bazakonkurencyjnosci.funduszeeuropejskie.gov.pl/ogloszenia/286492
2026-07-27,"Politechnika Śląska",uczelnia_nauka,sprzet_it,0,"A16 - Zaawansowana platforma badań składu chemicznego materiałów - ZAPROSZENIE DO SZACOWANIA WARTOŚCI ZAMÓWIENIA",bazakonk,https://bazakonkurencyjnosci.funduszeeuropejskie.gov.pl/ogloszenia/286437
2026-07-27,"SURMA SYSTEMS SPÓŁKA Z OGRANICZONĄ ODPOWIEDZIALNOŚCIĄ",firma_prywatna,uslugi_it,0,"ZAPROSZENIE DO ZŁOŻENIA OFERTY CENOWEJ nr FEMP - 07/2026",bazakonk,https://bazakonkurencyjnosci.funduszeeuropejskie.gov.pl/ogloszenia/286432
2026-07-27,"Towarzystwo ALTUM, Programy Społeczno-Gospodarcze",ngo,szkolenie,0,"ZAPYTANIE OFERTOWE NR 20/2026/07.08/NGO z dnia 27.07.2026 r. na realizację kompleksowych usług przeprowadzenia szkoleń wyjazdowych pn. ""Warsztaty obszarowe w formule ""Core Liderek/Liderów NGO"""" dla organizacji pozarządowych w ramach projektu „GO NGO! Program wsparcia organizacji z województwa podkarpackiego”.",bazakonk,https://bazakonkurencyjnosci.funduszeeuropejskie.gov.pl/ogloszenia/286439
2026-07-27,"TOWARZYSTWO PROFILAKTYKI ŚRODOWISKOWEJ ""MROWISKO""",ngo,szkolenie,0,"TRENER/KA RODZICIELSKI/A",bazakonk,https://bazakonkurencyjnosci.funduszeeuropejskie.gov.pl/ogloszenia/286396
2026-07-27,"Uczelnia Techniczno-Handlowa im. Heleny Chodkowskiej",uczelnia_nauka,szkolenie,0,"UTH4.0/2026/07/05 kompleksowa realizacja certyfikowanego szkolenia: Diagnostyka pojazdów i analiza danych wypadkowych w oparciu o odczyty elektronicznych systemów pokładowych (EDR).",bazakonk,https://bazakonkurencyjnosci.funduszeeuropejskie.gov.pl/ogloszenia/286429
2026-07-27,"Uniwersytet Przyrodniczy we Wrocławiu",uczelnia_nauka,inne,0,"Zapytanie ofertowe nr I0DP0000.241.4.2026.Kruche dziedzictwo na realizację usług specjalistycznych tłumaczeń pisemnych, redakcji i korekty w ramach projektu pn. „Kruche dziedzictwo”, nr projektu: PLSN.01.01-IP.01-0003/24, realizowanego w ramach Programu Współpracy Interreg Polska-Saksonia 2021- 2027, współfinansowanego ze środków Europejskiego Funduszu Rozwoju Regionalnego",bazakonk,https://bazakonkurencyjnosci.funduszeeuropejskie.gov.pl/ogloszenia/285830
2026-07-27,"Uniwersytet Rzeszowski",uczelnia_nauka,sprzet_it,0,"Sprzedaż i dostawa fabrycznie nowego, nieużywanego sprzętu/ asortymentu/ urządzeń wraz z oprogramowaniem w ramach modernizacji Serwerowni Głównej Uniwersytetu Rzeszowskiego.",ted,https://ted.europa.eu/pl/notice/-/detail/515698-2026
2026-07-27,"Uniwersytet WSB Merito w Gdańsku",uczelnia_nauka,szkolenie,1,"KO242_63_2026 Przeprowadzenie szkoleń dla kadry akademickiej w UWSB Merito w Gdańsku: Część 1: Przeprowadzenie szkolenia „Sztuczna inteligencja w pracy dydaktycznej i naukowej – jak wykorzystać AI w planowaniu zajęć, tworzeniu materiałów i analizie danych” – 1 grupy. Część 2: Przeprowadzenie szkolenia „AI jako partner w kształceniu – jak rozwijać kreatywność, a nie ją zastępować” – 1 grupa. Część 3: Przeprowadzenie szkolenia „Zrównoważona przyszłość: jak wdrażać zielone kompetencje w dydaktyce różnych kierunków” – 4 grupa.",bazakonk,https://bazakonkurencyjnosci.funduszeeuropejskie.gov.pl/ogloszenia/286460
2026-07-27,"Uniwersytet WSB Merito w Gdańsku",uczelnia_nauka,szkolenie,0,"62/2026/SPPSZ6 Dot. wyboru wykładowcy/trenera do realizacji zajęć dydaktycznych na studiach podyplomowych w UWSB Merito w Gdańsku dla pracowników/czek publicznych służb zatrudnienia.",bazakonk,https://bazakonkurencyjnosci.funduszeeuropejskie.gov.pl/ogloszenia/286381
2026-07-27,"Zakład Doskonalenia Zawodowego w Białymstoku",oswiata,inne,0,"„Budowa nowych innowacyjnych jednostek wytwarzania energii elektrycznej na potrzeby budynku Zakładu Doskonalenia Zawodowego w Białymstoku (produkcja energii na potrzeby własne)”",bazakonk,https://bazakonkurencyjnosci.funduszeeuropejskie.gov.pl/ogloszenia/286417
2026-07-27,"ZAKŁAD GOSPODARKI KOMUNALNEJ GMINY BUDZÓW SPÓŁKĄ Z OGRANICZONĄ ODPOWIEDZIALNOŚCIĄ",spolka_komunalna,uslugi_it,0,"ZAPYTANIE OFERTOWE dla zamówienia pn. Dostawa, wdrożenie i konfiguracja zintegrowanego środowiska infrastruktury IT i cyberbezpieczeństwa w ramach projektu „Cyberbezpieczny Wodociąg w ZGK Gminy Budzów”",bazakonk,https://bazakonkurencyjnosci.funduszeeuropejskie.gov.pl/ogloszenia/286489
2026-07-27,"Zespół Szkół Technicznych i Ogólnokształcących nr 3 im. Edwarda Abramowskiego",oswiata,inne,0,"Dostawa narzędzi oraz elektronarzędzi dla elektronika i robotyka w ramach projektu pn.: „Fotomedia na najwyższym poziomie - przebudowa budynku szkoły w Zespole Szkół Technicznych i Ogólnokształcących Nr 3 w Katowicach”",bazakonk,https://bazakonkurencyjnosci.funduszeeuropejskie.gov.pl/ogloszenia/286425
2026-07-26,"Ogólnopolska Federacja na rzecz Rozwiązywania Problemu Bezdomności",ngo,inne,0,"Postępowanie na wybór wykonawcy usługi: Doradztwo grupowe i indywidualne dla przedstawicieli organizacji pozarządowych działających w obszarze wsparcia osób w kryzysie bezdomności",bazakonk,https://bazakonkurencyjnosci.funduszeeuropejskie.gov.pl/ogloszenia/286354
2026-07-26,"Polska Izba Firm Szkoleniowych",ngo,szkolenie,0,"Sektorowa Rada ds. Kompetencji Usługi Rozwojowe",bazakonk,https://bazakonkurencyjnosci.funduszeeuropejskie.gov.pl/ogloszenia/282339
2026-07-25,"Project Hub Sp. z o.o.",firma_prywatna,szkolenie,0,"Zapytanie ofertowe w sprawie zamówienia na dostarczenie usług szkolenia dla uczniów w projekcie „Wsparcie szkolnictwa w Zespole Szkół Centrum Kształcenia Rolniczego w Sichowie Dużym” z dnia 27.07.2026 r. - KURS AutoCAD (PODSTAWOWY)",bazakonk,https://bazakonkurencyjnosci.funduszeeuropejskie.gov.pl/ogloszenia/286356
2026-07-25,"SZPITAL SPECJALISTYCZNY DUCHA ŚWIĘTEGO W SANDOMIERZU",szpital_zdrowie,inne,0,"Poprawa efektywności energetycznej budynków szpitalnych",bazakonk,https://bazakonkurencyjnosci.funduszeeuropejskie.gov.pl/ogloszenia/286228
2026-07-24,"AE Solution Sp. z o.o.",firma_prywatna,inne,0,"ZAPYTANIE OFERTOWE nr 4/2026 z dnia 24.07.2026 r. dotyczące dostawy środka trwałego tj. prasy krawędziowej (1 szt.)",bazakonk,https://bazakonkurencyjnosci.funduszeeuropejskie.gov.pl/ogloszenia/286180
2026-07-24,"AIROB VISION SYSTEMS SPÓŁKA Z OGRANICZONĄ ODPOWIEDZIALNOŚCIĄ",firma_prywatna,wdrozenie_ai,1,"System AiRob Brain dla robotów przemysłowych oparty na Physical AI, wizji i zgeneralizowanych modelach AI",bazakonk,https://bazakonkurencyjnosci.funduszeeuropejskie.gov.pl/ogloszenia/286135
2026-07-24,"Błysk-Bis Spółka  Z Ograniczoną Odpowiedzialnością",firma_prywatna,inne,0,"„Zaprojektowanie, dostawa, montaż, uruchomienie, testy i odbiór kompletnej linii technologicznej do doczyszczania makulatury w ramach modernizacji i rozbudowy sortowni odpadów komunalnych na działce nr 332 w Makowie Mazowieckim w ramach projektu FEMA.02.06-IP.01-0A4O/25”",bazakonk,https://bazakonkurencyjnosci.funduszeeuropejskie.gov.pl/ogloszenia/286256
2026-07-24,"Brandbox spółka z ograniczoną odpowiedzialnością sp.k.",firma_prywatna,inne,0,"Dostawa, instalacja i uruchomienie kompletnej linii do produkcji, powlekania, cyfrowego zadruku i pakowania opakowań z tektury falistej wraz z systemami zasilania awaryjnego",bazakonk,https://bazakonkurencyjnosci.funduszeeuropejskie.gov.pl/ogloszenia/285840
2026-07-24,"CLIMATIC Sp. z o.o. Sp.k.",firma_prywatna,inne,0,"K-2.1-v1 Zapytanie ofertowe na dostawę materiałów do wykonania budynku prototypowego.",bazakonk,https://bazakonkurencyjnosci.funduszeeuropejskie.gov.pl/ogloszenia/286144
2026-07-24,"ENEA Operator Sp. z o.o.",firma_prywatna,uslugi_it,0,"Świadczenie usług transmisji danych za pośrednictwem kart eSIM (ok. 2 mln sztuk) dla układów pomiarowo-rozliczeniowych.",ted,https://ted.europa.eu/pl/notice/-/detail/512636-2026
2026-07-24,"ENEA Operator Sp. z o.o.",firma_prywatna,inne,0,"Modernizacja transformatorów WNSN nr T1 oraz T2 w GPZ Sulechów",ted,https://ted.europa.eu/pl/notice/-/detail/513695-2026
2026-07-24,"EuropeGAS Sp. z o.o.",firma_prywatna,inne,0,"Dostawa i montaż Mikroinstalacji fotowoltaicznej poniżej 40kW z magazynem energii i systemem zarządzania",bazakonk,https://bazakonkurencyjnosci.funduszeeuropejskie.gov.pl/ogloszenia/286244
2026-07-24,"Forum Aktywności Lokalnej",ngo,sprzet_it,0,"Zakup i dostawa wraz z wniesieniem sprzętu komputerowego i multimedialnego wspierającego działalność statutową oraz rozwój Stowarzyszenia Karkonoskie Zachełmie nr 4/07/2026/SF/BONYROZWOJOWE/SKZ",bazakonk,https://bazakonkurencyjnosci.funduszeeuropejskie.gov.pl/ogloszenia/286188
2026-07-24,"FOUNDWISE SPÓŁKA Z OGRANICZONĄ ODPOWIEDZIALNOŚĆIĄ",firma_prywatna,wdrozenie_ai,1,"Smart AI - cyfrowy skok w nowoczesne doradztwo",bazakonk,https://bazakonkurencyjnosci.funduszeeuropejskie.gov.pl/ogloszenia/285128
2026-07-24,"GE Aerospace Poland Sp. z o.o.",firma_prywatna,inne,0,"Zapytanie ofertowe z dnia 24.07.2026 roku Dostawa elementów o określonej geometrii stanowiących element stanowiska testowego wytworzonych w procesie obróbki mechanicznej metali z materiału zapewnionego przez wykonawcę",bazakonk,https://bazakonkurencyjnosci.funduszeeuropejskie.gov.pl/ogloszenia/286317
2026-07-24,"Glass <mark>System</mark> – Dexpol Spółka z ograniczoną odpowiedzialnością",firma_prywatna,inne,0,"ZAPYTANIE OFERTOWE nr 6/FEPW_1.2/2026",bazakonk,https://bazakonkurencyjnosci.funduszeeuropejskie.gov.pl/ogloszenia/286166
2026-07-24,"Gmina Lipinki",samorzad,inne,0,"Dostawa materiałów edukacyjnych do nauki języka angielskiego w przedszkolach w formule dwujęzyczności w ramach projektu Akademia małego lingwisty - Lipinki",bazakonk,https://bazakonkurencyjnosci.funduszeeuropejskie.gov.pl/ogloszenia/286282
2026-07-24,"Gmina Miasta Gdańska, w imieniu której działa Gdańskie Centrum Usług Wspólnych",samorzad,szkolenie,0,"Organizacja i realizacja usług szkoleniowych w ramach projektu „InnoCUW GDN. Wyzwania rozwojowe i cywilizacyjne w zakresie organizacji pracy”",ted,https://ted.europa.eu/pl/notice/-/detail/512838-2026
2026-07-24,"Gmina Stęszew",samorzad,oprogramowanie,0,"Dostawa, wdrożenie, konfiguracja, integracja oraz uruchomienie rozwiązań informatycznych i urządzeń w ramach projektu pn. „Wdrożenie platformy internetowej do świadczenia usług elektronicznych oraz internetowego umawiania wizyt dla poprawy efektywności obsługi klienta”.",bazakonk,https://bazakonkurencyjnosci.funduszeeuropejskie.gov.pl/ogloszenia/286184
2026-07-24,"Gminny Zakład Komunalny Sp. z o.o. w Lubaszu",spolka_komunalna,uslugi_it,0,"ZAPYTANIE OFERTOWE Wdrożenie zintegrowanej architektury odporności IT i OT wraz z przygotowaniem kompetencyjnym i organizacyjnym Zamawiającego na cyberataki. Nr naboru: KPOD.05.10-CW.01-001/25 Fundusz i Program: Krajowy Plan Odbudowy i Zwiększania Odporności Działanie: C3.1.1. Cyberbezpieczeństwo – CyberPL Priorytet: C3 Cyberbezpieczeństwo",bazakonk,https://bazakonkurencyjnosci.funduszeeuropejskie.gov.pl/ogloszenia/286302
2026-07-24,"GREEN SIDE Spółka z ograniczoną odpowiedzialnością",firma_prywatna,badania_rd,0,"ZAPYTANIE OFERTOWE nr 6_2026_01.01.02_0345 z dnia 24 lipca 2026 r. na zakup materiałów do badań - Tkanina poliestrowa z powleczeniem metalizowanym (stop miedzi i niklu).",bazakonk,https://bazakonkurencyjnosci.funduszeeuropejskie.gov.pl/ogloszenia/286203
2026-07-24,"Hemplab Spółka z o.o.",firma_prywatna,badania_rd,0,"Materiały do badań: DHA - 15kg",bazakonk,https://bazakonkurencyjnosci.funduszeeuropejskie.gov.pl/ogloszenia/286339
2026-07-24,"Hemplab Spółka z o.o.",firma_prywatna,badania_rd,0,"Materiały do badań: Terpeny – 53kg",bazakonk,https://bazakonkurencyjnosci.funduszeeuropejskie.gov.pl/ogloszenia/286338
2026-07-24,"Instytut Chemii Bioorganicznej Polskiej Akademii Nauk",uczelnia_nauka,badania_rd,0,"Przedmiotem zamówienia jest świadczenie specjalistycznej usługi polegającej na pozyskaniu danych klinicznych uczestników badania, zebranych zgodnie z Protokołem badania naukowego, na potrzeby opracowania i walidacji cyfrowych biomarkerów mowy oraz systemu analizy mowy wspomagającego monitorowanie przebiegu stwardnienia zanikowego bocznego (SLA), a także świadczenie konsultacji eksperckich w zakresie interpretacji klinicznej danych oraz projektowania systemu BEZA, realizowanego w ramach projektu pn. Science4Business - Nauka dla biznesu. BK 1/07/2026 – BEZA",bazakonk,https://bazakonkurencyjnosci.funduszeeuropejskie.gov.pl/ogloszenia/285255
2026-07-24,"IZBA RZEMIEŚLNICZA I PRZEDSIĘBIORCZOŚCI W BIAŁYMSTOKU",ngo,inne,0,"Usługa kompleksowej organizacji dwóch wizyt studyjnych dla 12 przedstawicieli Izby Rzemieślniczej i Przedsiębiorczości w Białymstoku, cechów rzemieślniczych, organizacji pracodawców, organizacji związkowej oraz organizacji pozarządowych w Hamburgu i Wenecji, służących zwiększeniu adaptacyjności rzemiosła w dwóch obszarach: EDUKACJA, PROMOCJA w ramach projektu „NOWE HORYZONTY RZE-MIOSŁA – regionalny program zwiększenia adaptacyjności rzemiosła”",bazakonk,https://bazakonkurencyjnosci.funduszeeuropejskie.gov.pl/ogloszenia/286249
2026-07-24,"Karkonoski <mark>System</mark> Wodociągów i Kanalizacji sp. z o.o.",spolka_komunalna,inne,0,"Remont popowodziowy ujęcia wody na Szrenickim Potoku w km 4+350 w miejscowości Szklarska Poręba",bazakonk,https://bazakonkurencyjnosci.funduszeeuropejskie.gov.pl/ogloszenia/285861
2026-07-24,"Matys Investment Sp. z o.o. S.K.A.",firma_prywatna,inne,0,"ZAPYTANIE OFERTOWE NR 13B/ 3.1 /2026 w postępowaniu zgodnym z zasadą konkurencyjności na wykonanie kompletnej instalacji fotowoltaicznej",bazakonk,https://bazakonkurencyjnosci.funduszeeuropejskie.gov.pl/ogloszenia/286301
2026-07-24,"Międzyzakładowy Związek Zawodowy „ODKRYWKA” KWB Bełchatów",ngo,szkolenie,0,"ZAPYTANIE OFERTOWE nr 8/2026 na świadczenie usług szkoleniowych z zakresu nowoczesnych technik komunikacyjnych w pracy związkowej",bazakonk,https://bazakonkurencyjnosci.funduszeeuropejskie.gov.pl/ogloszenia/286289
2026-07-24,"Miejskie Przedsiębiorstwo Energetyki Cieplnej, Wodociągów i Kanalizacji spółka z o.o. w Środzie Wlkp.",spolka_komunalna,uslugi_it,0,"„Dostawa, instalacja i konfiguracja rozwiązań cyberbezpieczeństwa wraz z usługami towarzyszącymi w ramach projektu Cyberbezpieczne wodociągi na terenie gminy Środa Wielkopolska”",bazakonk,https://bazakonkurencyjnosci.funduszeeuropejskie.gov.pl/ogloszenia/286304
2026-07-24,"MPAK Sp. z o.o.",firma_prywatna,inne,0,"DOSTAWA LAMINATORA",bazakonk,https://bazakonkurencyjnosci.funduszeeuropejskie.gov.pl/ogloszenia/286197
2026-07-24,"NZOZ CDOP ""LIBRA"" TERESA WITUSIK",szpital_zdrowie,inne,0,"„BLISKO, PROFESJONALNIE, Z TROSKĄ – usługi opieki długoterminowej w powiecie jasielskim”",bazakonk,https://bazakonkurencyjnosci.funduszeeuropejskie.gov.pl/ogloszenia/286350
2026-07-24,"Piotr Robert Szmigiel Centrum Szkoleniowe NORTON",firma_prywatna,inne,0,"Zapytanie ofertowe 10/8.1M/2026",bazakonk,https://bazakonkurencyjnosci.funduszeeuropejskie.gov.pl/ogloszenia/286316
2026-07-24,"Piotr Robert Szmigiel Centrum Szkoleniowe NORTON",firma_prywatna,inne,0,"Zapytanie ofertowe 9/8.1M/2026",bazakonk,https://bazakonkurencyjnosci.funduszeeuropejskie.gov.pl/ogloszenia/286313
2026-07-24,"Politechnika Śląska",uczelnia_nauka,oprogramowanie,0,"Dostawa platformy do badań symulacyjnych realizacji zadań lotniczych przez pilotów samolotowych oraz personel techniczny w środowisku hybrydowym. Znak sprawy: DZPZ.282.52.2026.AG",ted,https://ted.europa.eu/pl/notice/-/detail/513929-2026
2026-07-24,"Polski Związek Głuchych",ngo,inne,0,"Zapytanie ofertowe nr 42/CK/2026 - Obsługa osób niewidomych i słabowidzących w ramach działalności Centrum Komunikacji dla Osób z Niepełnosprawnościami",bazakonk,https://bazakonkurencyjnosci.funduszeeuropejskie.gov.pl/ogloszenia/286286
2026-07-24,"Progress Sp. z o.o.",firma_prywatna,inne,0,"Budowa fundamentu pod maszynę obróbczą",bazakonk,https://bazakonkurencyjnosci.funduszeeuropejskie.gov.pl/ogloszenia/286194
2026-07-24,"Screenmed spółka z ograniczoną odpowiedzialnością",firma_prywatna,badania_rd,0,"Świadczenie usług badawczo-rozwojowych przez pracownika badawczo-rozwojowego",bazakonk,https://bazakonkurencyjnosci.funduszeeuropejskie.gov.pl/ogloszenia/286247
2026-07-24,"Stowarzyszenie Białostockiego Obszaru Funkcjonalnego",ngo,szkolenie,0,"ORGANIZACJA I PRZEPROWADZENIE STUDIÓW PODYPLOMOWYCH DLA NAUCZYCIELI SZKÓŁ/PLACÓWEK SYSTEMU OŚWIATY PROWADZĄCYCH KSZTAŁCENIE ZAWODOWE",ted,https://ted.europa.eu/pl/notice/-/detail/512535-2026
2026-07-24,"Tidio Poland Sp. z o.o.",firma_prywatna,uslugi_it,0,"Zapytanie ofertowe nr 16/2026. Wykonanie usługi badawczo-rozwojowej - Senior Frontend JavaScript Developer - 1 osoba",bazakonk,https://bazakonkurencyjnosci.funduszeeuropejskie.gov.pl/ogloszenia/286002
2026-07-24,"TOWARZYSTWO PROFILAKTYKI ŚRODOWISKOWEJ ""MROWISKO""",ngo,szkolenie,0,"Trener/ka edukacyjny/a",bazakonk,https://bazakonkurencyjnosci.funduszeeuropejskie.gov.pl/ogloszenia/286186
2026-07-24,"TRANSPROJEKT GDAŃSKI SPÓŁKA Z OGRANICZONĄ ODPOWIEDZIALNOŚCIĄ",firma_prywatna,sprzet_it,1,"Zapytanie ofertowe nr 1/2026 na zakup i dostawę sprzętu komputerowego w ramach projektu pt. „Prace B+R nad stworzeniem asystenta cyfrowego do projektowania obiektów mostowych z algorytmizacją zadań i zaawansowanymi narzędziami rekomendacyjnymi”, w ramach realizowanego w ramach programu Fundusze Europejskie dla Nowoczesnej Gospodarki 2021-2027, Priorytet FENG.01 Wsparcie dla przedsiębiorców, Działanie: FENG.01.01 Ścieżka SMART",bazakonk,https://bazakonkurencyjnosci.funduszeeuropejskie.gov.pl/ogloszenia/286330
2026-07-24,"Uniwersytet WSB Merito w Gdańsku",uczelnia_nauka,szkolenie,0,"59/2026/SPPSZ6 Dot. wyboru wykładowców/trenerów do realizacji zajęć dydaktycznych z dziewięciu przedmiotów na studiach podyplomowych w UWSB Merito w Gdańsku dla pracowników/czek publicznych służb zatrudnienia.",bazakonk,https://bazakonkurencyjnosci.funduszeeuropejskie.gov.pl/ogloszenia/286260
2026-07-24,"Zakład Doskonalenia Zawodowego",oswiata,inne,0,"„Budowa nowych innowacyjnych jednostek wytwarzania energii elektrycznej na potrzeby budynku Zakładu Doskonalenia Zawodowego w Białymstoku (produkcja energii na potrzeby własne)”",bazakonk,https://bazakonkurencyjnosci.funduszeeuropejskie.gov.pl/ogloszenia/286264
2026-07-24,"Zespół Parków Krajobrazowych Pojezierza Iławskiego i Wzgórz Dylewskich",samorzad,badania_rd,0,"Opracowanie projektów planów ochrony dla Parku Krajobrazowego Pojezierza Iławskiego i Parku Krajobrazowego Wzgórz Dylewskich",ted,https://ted.europa.eu/pl/notice/-/detail/514456-2026
2026-07-24,"Związek Centralny Dzieła Kolpinga w Polsce",ngo,inne,0,"Zapewnienie sali szkoleniowej oraz wyżywienia dla uczestników szkolenia, Dobroszyce, woj. dolnośląskie, 9.08.2026 r.",bazakonk,https://bazakonkurencyjnosci.funduszeeuropejskie.gov.pl/ogloszenia/286348
2026-07-24,"Związek Centralny Dzieła Kolpinga w Polsce",ngo,inne,0,"Zapewnienie sali szkoleniowej, wyżywienia oraz noclegów dla uczestników szkolenia, Dobroszyce, woj. dolnośląskie, 7-8.08.2026 r.",bazakonk,https://bazakonkurencyjnosci.funduszeeuropejskie.gov.pl/ogloszenia/286344
2026-07-24,"Związek Centralny Dzieła Kolpinga w Polsce",ngo,szkolenie,0,"Usługa trenerska: przeprowadzenie warsztatu dla NGO z zakresu wystąpień publicznych i doskonalenia emisji głosu z uwzględnieniem dostępności informacyjno-komunikacyjnej (DIK), Dobroszyce (woj. dolnośląskie), 9.08.2026 r.",bazakonk,https://bazakonkurencyjnosci.funduszeeuropejskie.gov.pl/ogloszenia/286323
2026-07-24,"Związek Centralny Dzieła Kolpinga w Polsce",ngo,szkolenie,1,"Usługa trenerska: przeprowadzenie warsztatu dla NGO z zakresu dostępności informacyjno-komunikacyjnej w praktyce NGO – zastosowanie sztucznej inteligencji w codziennej pracy NGO”, Susiec, woj. lubelskie, 9.08.2026 r.",bazakonk,https://bazakonkurencyjnosci.funduszeeuropejskie.gov.pl/ogloszenia/286314
2026-07-23,"Agencja Rozwoju Aglomeracji Wrocławskiej S.A.",administracja_centralna,badania_rd,0,"Innowacje dla STEP – granty badawczo-rozwojowe dolnośląskich firm",bazakonk,https://bazakonkurencyjnosci.funduszeeuropejskie.gov.pl/ogloszenia/285916
2026-07-23,"Biebrzański Park Narodowy",inne,inne,0,"Polska – Usługi rolnicze, leśne, ogrodnicze, hydroponiczne i pszczelarskie – Wykonanie zabiegów ochrony czynnej w nieleśnych ekosystemach mokradłowych w Biebrzańskim Parku Narodowym w ramach Programu Re:Generacja",ted,https://ted.europa.eu/pl/notice/-/detail/509089-2026
2026-07-23,"Bloober Team S. A.",firma_prywatna,uslugi_it,0,"ZAPYTANIE OFERTOWE NR 3/FEMP/2026/AI/GAMEPLAY PROGRAMMER",bazakonk,https://bazakonkurencyjnosci.funduszeeuropejskie.gov.pl/ogloszenia/286109
2026-07-23,"CISTOR Stowarzyszenie Partnerstwo Społeczne",ngo,inne,0,"Wykonanie usług opiekuńczych i specjalistycznych dla uczestników projektu ,,Wygrana rodzina – model toruński”.",bazakonk,https://bazakonkurencyjnosci.funduszeeuropejskie.gov.pl/ogloszenia/285984
2026-07-23,"Elproma Elektronika Spółka z o.o.",firma_prywatna,uslugi_it,0,"ZAPYTANIE OFERTOWE nr 2/FISN-BSP/2026 na wykonanie usług zakresie budowy i integracji bezzałogowych systemów latających w ramach projektu",bazakonk,https://bazakonkurencyjnosci.funduszeeuropejskie.gov.pl/ogloszenia/286142
2026-07-23,"Fabryka  Żarówek „HELIOS „   Sp. z  o.o.",firma_prywatna,inne,0,"Zestaw 2 instalacji OZE wraz z magazynem i stacją ładowania",bazakonk,https://bazakonkurencyjnosci.funduszeeuropejskie.gov.pl/ogloszenia/284097
2026-07-23,"FUNDACJA BADAŃ I OCHRONY PRZYRODY",ngo,badania_rd,0,"„Poprawa stanu rozpoznania i ochrony populacji strzebli błotnej (Rhynchocypris percnurus) w województwie kujawsko – pomorskim z wykorzystaniem nowoczesnych metod analizy środowiskowego DNA”",bazakonk,https://bazakonkurencyjnosci.funduszeeuropejskie.gov.pl/ogloszenia/285904
2026-07-23,"Fundacja Dziedzictwo Przyrodnicze",ngo,inne,0,"Organizacja edukacyjno-przyrodniczego mikrofestiwalu dotyczącego ochrony przyrody w Beskidzie Niskim.",bazakonk,https://bazakonkurencyjnosci.funduszeeuropejskie.gov.pl/ogloszenia/286016
2026-07-23,"GASTRONOM P.H. Paweł Hurkała",firma_prywatna,oprogramowanie,0,"ZAPYTANIE OFERTOWE NR 1/2026 na zakup wraz z dostawą, wdrożeniem i uruchomieniem systemu informatycznego",bazakonk,https://bazakonkurencyjnosci.funduszeeuropejskie.gov.pl/ogloszenia/286116
2026-07-23,"Gmina Krasocin",samorzad,inne,0,"Uzupełnienie małej architektury w gminie Krasocin – remont altany i pomostów na wodzie w msc. Oleszno",bazakonk,https://bazakonkurencyjnosci.funduszeeuropejskie.gov.pl/ogloszenia/286011
2026-07-23,"Gmina Świebodzice",samorzad,uslugi_it,0,"„Dostawa, instalacja, konfiguracja i wdrożenie systemu bezpieczeństwa klasy SIEM/XDR (Security Information and Event Management / Extended Detection and Response)” w ramach Projektu grantowego pn. „Cyberbezpieczny Samorząd” w Gminie Świebodzice",bazakonk,https://bazakonkurencyjnosci.funduszeeuropejskie.gov.pl/ogloszenia/286075
2026-07-23,"Gminny Osrodek Pomocy Społecznej w Radzyniu Podlaskim",samorzad,inne,0,"Organizacja i prowadzenie grupowych warsztatów dla uczestników Dziennego Domu Pobytu w miejscowości Brzostówiec w ramach projektu „Wsparcie i integracja – usługi społeczne dla mieszkańców Gminy Radzyń Podlaski” nr FELU.08.05-IZ.00-0050/25 z dnia 23.07.2026r.",bazakonk,https://bazakonkurencyjnosci.funduszeeuropejskie.gov.pl/ogloszenia/286007
2026-07-23,"Gwarant-Eko GEKO Filtration sp. z o.o.",firma_prywatna,inne,0,"Zapytanie ofertowe nr 6/FEPW.01.02-IP.01-0039/23/PARP Request for proposal no. 6/FEPW.01.02-IP.01-0039/23/PARP",bazakonk,https://bazakonkurencyjnosci.funduszeeuropejskie.gov.pl/ogloszenia/286069
2026-07-23,"Infotower Business Solutions sp. z o.o.",firma_prywatna,badania_rd,0,"ZAPYTANIE OFERTOWE NR 4/2026/SMART - Świadczenie przez Wykonawcę na rzecz Zamawiającego usług podwykonawczych w ramach modułu B+R Projektu",bazakonk,https://bazakonkurencyjnosci.funduszeeuropejskie.gov.pl/ogloszenia/286099
2026-07-23,"Kaszubskie Towarzystwo Sportowo Kulturalne",ngo,inne,0,"""Asystent osoby z niepełnosprawnością z elementami pedagogiki i terapii zajęciowej""",bazakonk,https://bazakonkurencyjnosci.funduszeeuropejskie.gov.pl/ogloszenia/286065
2026-07-23,"Krakodlew S.A.",firma_prywatna,inne,0,"Kopia ZO/KO/FENG/696/26/2026 ""Materiały na potrzeby wytworzenia próbek do badań – zakup koagulatora żużla""",bazakonk,https://bazakonkurencyjnosci.funduszeeuropejskie.gov.pl/ogloszenia/286067
2026-07-23,"Krakodlew S.A.",firma_prywatna,inne,0,"ZO/KO/FENG/696/15/2026 ""Materiały na potrzeby wytworzenia próbek do badań – zakup piasku""",bazakonk,https://bazakonkurencyjnosci.funduszeeuropejskie.gov.pl/ogloszenia/286034
2026-07-23,"Krakodlew S.A.",firma_prywatna,inne,0,"ZO/KO/FENG/696/24/2026 ""Materiały na potrzeby wytworzenia próbek do badań – zakup aluminium""",bazakonk,https://bazakonkurencyjnosci.funduszeeuropejskie.gov.pl/ogloszenia/286062
2026-07-23,"Krakodlew S.A.",firma_prywatna,inne,0,"ZO/KO/FENG/696/20/2026 ""Materiały na potrzeby wytworzenia próbek do badań – zakup surówki odlewniczej""",bazakonk,https://bazakonkurencyjnosci.funduszeeuropejskie.gov.pl/ogloszenia/286053
2026-07-23,"Krakodlew S.A.",firma_prywatna,inne,0,"ZO/KO/FENG/696/25/2026 ""Materiały na potrzeby wytworzenia próbek do badań – zakup modyfikatora""",bazakonk,https://bazakonkurencyjnosci.funduszeeuropejskie.gov.pl/ogloszenia/286064
2026-07-23,"Krakodlew S.A.",firma_prywatna,inne,0,"ZO/KO/FENG/696/22/2026 ""Materiały na potrzeby wytworzenia próbek do badań – zakup żelazostopów""",bazakonk,https://bazakonkurencyjnosci.funduszeeuropejskie.gov.pl/ogloszenia/286059
2026-07-23,"Krakodlew S.A.",firma_prywatna,inne,0,"ZO/KO/FENG/696/19/2026 ""Materiały na potrzeby wytworzenia próbek do badań – zakup powłok ochronnych """,bazakonk,https://bazakonkurencyjnosci.funduszeeuropejskie.gov.pl/ogloszenia/286050
2026-07-23,"Krakodlew S.A.",firma_prywatna,inne,0,"ZO/KO/FENG/696/23/2026 ""Materiały na potrzeby wytworzenia próbek do badań – zakup miedzi""",bazakonk,https://bazakonkurencyjnosci.funduszeeuropejskie.gov.pl/ogloszenia/286061
2026-07-23,"Krakodlew S.A.",firma_prywatna,inne,0,"ZO/KO/FENG/696/17/2026 ""Materiały na potrzeby wytworzenia próbek do badań – zakup żywicy furanowej i utwardzacza""",bazakonk,https://bazakonkurencyjnosci.funduszeeuropejskie.gov.pl/ogloszenia/286043
2026-07-23,"Krakodlew S.A.",firma_prywatna,inne,0,"ZO/KO/FENG/696/16/2026 ""Materiały na potrzeby wytworzenia próbek do badań – zakup kleju, zasypki, oddzielacza, impregnatu i sznura uszczelniającego""",bazakonk,https://bazakonkurencyjnosci.funduszeeuropejskie.gov.pl/ogloszenia/286040
2026-07-23,"Krakodlew S.A.",firma_prywatna,inne,0,"ZO/KO/FENG/696/21/2026 ""Materiały na potrzeby wytworzenia próbek do badań – zakup złomu stalowego""",bazakonk,https://bazakonkurencyjnosci.funduszeeuropejskie.gov.pl/ogloszenia/286055
2026-07-23,"Krakodlew S.A.",firma_prywatna,inne,0,"ZO/KO/FENG/696/18/2026 ""Materiały na potrzeby wytworzenia próbek do badań – zakup rurek i kolanek ceramicznych""",bazakonk,https://bazakonkurencyjnosci.funduszeeuropejskie.gov.pl/ogloszenia/286047
2026-07-23,"Miejski Zespół Szkół nr 5 im ks. J. Twardowskiego w Gorlicach",oswiata,szkolenie,0,"Rozwój kompetencji kluczowych i umiejętności językowych dzieci na obszarze Miasta Gorlice",bazakonk,https://bazakonkurencyjnosci.funduszeeuropejskie.gov.pl/ogloszenia/286045
2026-07-23,"MIEJSKIE PRZEDSIĘBIORSTWO ENERGETYKI CIEPLNEJ - RZESZÓW SPÓŁKA Z OGRANICZONĄ ODPOWIEDZIALNOŚCIĄ",spolka_komunalna,inne,0,"Dostawa dwóch węzłów cieplnych kompaktowych do zabudowy naściennej",bazakonk,https://bazakonkurencyjnosci.funduszeeuropejskie.gov.pl/ogloszenia/286026
2026-07-23,"MILLANO spółka z ograniczoną odpowiedzialnością spółka komandytowo-akcyjna",firma_prywatna,oprogramowanie,0,"Cyfryzacja systemu kadrowego E-Teczki",bazakonk,https://bazakonkurencyjnosci.funduszeeuropejskie.gov.pl/ogloszenia/286104
2026-07-23,"MILLANO spółka z ograniczoną odpowiedzialnością spółka komandytowo-akcyjna",firma_prywatna,oprogramowanie,0,"Dostawa i wdrożenie oprogramowania MES/QMS/SFC oraz urządzeń do opomiarowania obszaru produkcyjnego oraz jakości",bazakonk,https://bazakonkurencyjnosci.funduszeeuropejskie.gov.pl/ogloszenia/286106
2026-07-23,"OKRĘGOWY INSPEKTORAT SŁUŻBY WIĘZIENNEJ W KOSZALINIE",sluzby_wojsko,inne,0,"„Zakup i dostawa sprzętu oraz wyposażenia na potrzeby przeprowadzenia kursów zawodowych – hydraulik w jednostkach penitencjarnych podległych Dyrektorowi Okręgowemu Służby Więziennej w Koszalinie„.",ted,https://ted.europa.eu/pl/notice/-/detail/511243-2026
2026-07-23,"Państwowe Gospodarstwo Wodne Wody Polskie",administracja_centralna,inne,0,"Usuwanie tam bobrowych i zatorów, wywrotów z koryt, drzew zagrażających bezpieczeństwu ZZ Zgorzelec, z podziałem na części Część I Nadzór Wodny w Zgorzelcu Część II Nadzór Wodny Lubsko",ted,https://ted.europa.eu/pl/notice/-/detail/509835-2026
2026-07-23,"Politechnika Warszawska Wydział Geodezji i Kartografii",uczelnia_nauka,uslugi_it,0,"Realizacja zadań w zakresie prac geoinformatycznych w zakresie automatyzacji procesów fotogrametrycznych",bazakonk,https://bazakonkurencyjnosci.funduszeeuropejskie.gov.pl/ogloszenia/285987
2026-07-23,"PROMEDHEUS Sp z o.o.",firma_prywatna,wdrozenie_ai,1,"Dostawa oraz zapewnienie dostępu do usługi opartej na sztucznej inteligencji (AI) w modelu subskrypcyjnym (SaaS), wraz z udzieleniem niewyłącznej, terminowej licencji (subskrypcji), obejmującej dostęp do zaawansowanego modelu językowego wspierającego prace programistyczne, projektowe i analityczne",bazakonk,https://bazakonkurencyjnosci.funduszeeuropejskie.gov.pl/ogloszenia/286137
2026-07-23,"Przedszkole Samorządowe nr 36 w Kielcach",oswiata,inne,0,"ZAPROSZENIE DO SKŁADANIA OFERT NR PS36.2.2026/FEŚ dotyczące przebudowy części budynku wraz z adaptacją pomieszczeń na potrzeby utworzenia nowego oddziału wychowania przedszkolnego Przedszkola Samorządowego nr 36 w Kielcach",bazakonk,https://bazakonkurencyjnosci.funduszeeuropejskie.gov.pl/ogloszenia/286133
2026-07-23,"Przedszole Publiczne nr 15",oswiata,inne,0,"Pierwsze wsparcie już na starcie - rozwój edukacji przedszkolnej w Wodzisławiu Ślaskim",bazakonk,https://bazakonkurencyjnosci.funduszeeuropejskie.gov.pl/ogloszenia/285575
2026-07-23,"REGIONALNE CENTRUM WSPIERANIA INICJATYW POZARZĄDOWYCH",ngo,inne,0,"Zakup i dostawa części Bonu rozwojowego dla podmiotu Fundacja Działań Rozproszonych w ramach projektu pn. „Wsparcie organizacji społeczeństwa obywatelskiego na Dolnym Śląsku” (nr umowy o dofinansowanie FEDS.07.07-IP.02-0027/24) zapytanie ofertowe nr 24/2026/SO/BONROZWOJOWY",bazakonk,https://bazakonkurencyjnosci.funduszeeuropejskie.gov.pl/ogloszenia/286076
2026-07-23,"Stowarzyszenie dla Europy",ngo,inne,0,"Kopia „IGŁA - Koncepcja z tołkiem na siebie”",bazakonk,https://bazakonkurencyjnosci.funduszeeuropejskie.gov.pl/ogloszenia/285998
2026-07-23,"Szkoła Podstawowa nr 6 im. Aleksandry Kujałowicz w Suwałkach",oswiata,szkolenie,0,"Edukacja włączająca w jednostkach oświatowych MOF Suwałki",bazakonk,https://bazakonkurencyjnosci.funduszeeuropejskie.gov.pl/ogloszenia/286032
2026-07-23,"Uniwersytet Rzeszowski",uczelnia_nauka,inne,0,"Sprzedaż wraz z dostarczeniem mikroskopów do Podkarpackiego Centrum Bioróżnorodności",ted,https://ted.europa.eu/pl/notice/-/detail/508984-2026
2026-07-23,"Uniwersytet WSB Merito w Gdańsk",uczelnia_nauka,szkolenie,0,"53/2026/DD231 Przeprowadzenie szkoleń dla kadry prowadzącej dydaktykę w UWSB Merito w Gdańsku: Część 1: “Zielona transformacja i kryteria ESG: Współczesne wymogi rynkowe a rola nowoczesnego nauczyciela akademickiego” - 7 grup. Część 2: “Projektowanie uniwersalne - Jak tworzyć dostępne i inkluzyjne doświadczenia edukacyjne dla studentów?” - 7 grup. Część 3: “Projektowanie efektywnych zajęć akademickich - metody, narzędzia i strategie pracy ze studentami” - 7 grup. Część 4: “Projektowanie doświadczeń edukacyjnych z wykorzystaniem asystentów badawczych i interaktywnych przestr",bazakonk,https://bazakonkurencyjnosci.funduszeeuropejskie.gov.pl/ogloszenia/286089
2026-07-23,"Uniwersytet WSB Merito w Gdańsk",uczelnia_nauka,szkolenie,0,"49/2026/SPPSZ6 Wybór wykładowców/trenerów do realizacji zajęć dydaktycznych na studiach podyplomowych w UWSB Merito w Gdańsku dla pracowników/czek publicznych służb zatrudnienia",bazakonk,https://bazakonkurencyjnosci.funduszeeuropejskie.gov.pl/ogloszenia/285730
2026-07-23,"Urząd Miejski Kościana",samorzad,sprzet_it,0,"Dostawa, instalacja, konfiguracja, uruchomienie oraz wdrożenie biblioteki taśmowej wraz z przeprowadzeniem testów poprawności działania",bazakonk,https://bazakonkurencyjnosci.funduszeeuropejskie.gov.pl/ogloszenia/286051
2026-07-23,"Warszawski Uniwersytet Medyczny",uczelnia_nauka,inne,0,"Polska – Sprzęt laboratoryjny, optyczny i precyzyjny (z wyjątkiem szklanego) – Sukcesywna dostawa materiałów i akcesoriów laboratoryjnych, w podziale na pakiety",ted,https://ted.europa.eu/pl/notice/-/detail/508571-2026
2026-07-23,"Wielkopolskie Centrum Recyklingu- Spółka z ograniczoną odpowiedzialnością w Jarocinie",spolka_komunalna,inne,0,"Przygotowanie i dostawa posiłków profilaktycznych dla pracowników fizycznych wraz z obsługą bufetu",ted,https://ted.europa.eu/pl/notice/-/detail/510002-2026
2026-07-23,"Województwo Lubelskie z siedzibą w Lublinie",samorzad,inne,0,"Dostawa nośników brandingowych dla MŚP z Województwa Lubelskiego do siedziby Urzędu Marszałkowskiego Województwa Lubelskiego w Lublinie.",ted,https://ted.europa.eu/pl/notice/-/detail/508478-2026
2026-07-23,"Zakład Gospodarki Komunalnej w Jezierzycach Sp. z o.o.",spolka_komunalna,uslugi_it,0,"Wdrożenie systemu bezpieczeństwa informacji w systemie informacyjnym jednostki Zakładu Usług Komunalnych w Jezierzycach Sp. z o.o. obejmujący system teorioinformacyjny",bazakonk,https://bazakonkurencyjnosci.funduszeeuropejskie.gov.pl/ogloszenia/285971
2026-07-23,"Zakład Usług Komunalnych Sp. z o.o. z siedzibą w Lubrańcu",spolka_komunalna,uslugi_it,0,"Wdrożenie kompleksowych rozwiązań w zakresie cyberbezpieczeństwa dla Zakładu Usług Komunalnych Sp. z o.o. z siedzibą w Lubrańcu w ramach projektu „Cyberbezpieczne Wodociągi""",bazakonk,https://bazakonkurencyjnosci.funduszeeuropejskie.gov.pl/ogloszenia/285791
2026-07-23,"ZESPÓŁ SZKÓŁ ODZIEŻOWYCH, FRYZJERSKICH I KOSMETYCZNYCH NR 22",oswiata,inne,0,"Wyposażenie w systemy magazynowania energii elektrycznej wybranych obiektów na terenie m.st. Warszawy” Program Fundusze Europejskie dla Mazowsza 2021 - 2027, Działanie 2.3 – Odnawialne źródła energii",bazakonk,https://bazakonkurencyjnosci.funduszeeuropejskie.gov.pl/ogloszenia/285354
2026-07-22,"Akademia WSB",uczelnia_nauka,szkolenie,0,"73/FESL/10_25_2/2025 Kompleksowa organizacja i realizacja wizyty studyjnej do Chińskiej Republiki Ludowej dotyczącej transferu wiedzy i technologii w obszarze zielonej i cyfrowej gospodarki dla kadry naukowej Akademii WSB",bazakonk,https://bazakonkurencyjnosci.funduszeeuropejskie.gov.pl/ogloszenia/285931
2026-07-22,"Cancer Center Sp. z o.o.",szpital_zdrowie,inne,0,"ZAPYTANIE OFERTOWE NR 18/2026 WYNAJEM SKANERA DO DIGITALIZACJI PREPARATÓW HISTOPATOLOGICZNYCH",bazakonk,https://bazakonkurencyjnosci.funduszeeuropejskie.gov.pl/ogloszenia/285878
2026-07-22,"Centrum Rozwoju Społeczno-Ekonomicznego",ngo,szkolenie,0,"ZAPYTANIE OFERTOWE nr 29/2026/MI/SZK dotyczące realizacji szkolenia „Wózki jezdniowe podnośnikowe z mechanicznym napędem podnoszenia” (w tym zapewnienie kadry trenerskiej, materiałów szkoleniowych, sal szkoleniowych, ubezpieczenia NNW, badań lekarskich oraz egzaminu) – część A, usługi cateringowej podczas usługi szkoleniowej – część B dla uczestników projektu „Most Integracji – Podkarpackie Centrum Wsparcia OPT”, prowadzone w oparciu o zasadę konkurencyjności.",bazakonk,https://bazakonkurencyjnosci.funduszeeuropejskie.gov.pl/ogloszenia/285965
2026-07-22,"Centrum Usług Społecznych w Skwierzynie",samorzad,inne,0,"„CUS w Skwierzynie – tu liczy się każdy” nr FELB.06.13-IZ.00-0009/25, współfinansowanego z Europejskiego Funduszu Społecznego Plus w ramach: Programu Fundusze Europejskie dla Lubuskiego 2021 – 2027 w ramach: Priorytetu 6. Fundusze Europejskie na wsparcie obywateli, Działanie 6.13. Usługi społeczne i zdrowotne",bazakonk,https://bazakonkurencyjnosci.funduszeeuropejskie.gov.pl/ogloszenia/285913
2026-07-22,"ECOL – UNICON Sp. z o.o.",firma_prywatna,inne,0,"ZAPYTANIE OFERTOWE NR 21/06/2026/FENG/P Dostawa i montaż instalacji fotowoltaicznej o mocy ok. 150 kW w Zakładzie produkcyjnym w Łodzi",bazakonk,https://bazakonkurencyjnosci.funduszeeuropejskie.gov.pl/ogloszenia/285936
2026-07-22,"Extral Sp. z o.o.",firma_prywatna,badania_rd,0,"Prace badawcze w zakresie własności mechanicznych rur walcowanych",bazakonk,https://bazakonkurencyjnosci.funduszeeuropejskie.gov.pl/ogloszenia/284887
2026-07-22,"F.P.U.H. PAWLIMEX Paweł Wojak",firma_prywatna,inne,0,"ZAPYTANIE OFERTOWE NR 4 / 2026",bazakonk,https://bazakonkurencyjnosci.funduszeeuropejskie.gov.pl/ogloszenia/285852
2026-07-22,"F.P.U.H. PAWLIMEX Paweł Wojak",firma_prywatna,inne,0,"ZAPYTANIE OFERTOWE NR 1 / 2026",bazakonk,https://bazakonkurencyjnosci.funduszeeuropejskie.gov.pl/ogloszenia/285837
2026-07-22,"Fundacja „Zielony Słoń”",ngo,szkolenie,0,"Przeprowadzenie szkolenia zawodowego: Pracownik biurowy z elementami marketingu",bazakonk,https://bazakonkurencyjnosci.funduszeeuropejskie.gov.pl/ogloszenia/285952
2026-07-22,"Fundacja im. Królowej Polski św. Jadwigi",ngo,szkolenie,0,"Usługi prowadzenia szkolenia pn. „Praktyczne aspekty wsparcia osób w kryzysie psychicznym” w formule ONLINE",bazakonk,https://bazakonkurencyjnosci.funduszeeuropejskie.gov.pl/ogloszenia/285937
2026-07-22,"Genomtec S.A.",firma_prywatna,sprzet_it,1,"Zakup kompletnego profesjonalnego serwera obliczeniowego w wykonaniu rack 4U, przeznaczonego do zastosowań Deep Learning, AI oraz HPC",bazakonk,https://bazakonkurencyjnosci.funduszeeuropejskie.gov.pl/ogloszenia/285943
2026-07-22,"Gmina Łękawica",samorzad,inne,0,"Pełnienie nadzoru inwestorskiego dla zadania pn: „Budowa sieci wodociągowej do oczyszczalni ścieków w Łękawicy”",bazakonk,https://bazakonkurencyjnosci.funduszeeuropejskie.gov.pl/ogloszenia/285945
2026-07-22,"Gminne Przedsiębiorstwo Komunalne Eko Jabłonna sp. z o.o.",spolka_komunalna,uslugi_it,0,"Wzmocnienie cyberodporności sieci IT i OT oraz ciągłości działania w Eko Jabłonna Zakup secure vault (serwer backup)",bazakonk,https://bazakonkurencyjnosci.funduszeeuropejskie.gov.pl/ogloszenia/285966
2026-07-22,"INCUBLY.HUB Spółka z ograniczoną odpowiedzialnością",firma_prywatna,badania_rd,1,"Usługa rekrutacji osób do badań diagnostycznych oraz badań biometrycznych i behawioralnych na potrzeby treningu modelu sztucznej inteligencji oraz na potrzeby testów trafności modelu w ramach projektu badawczo-rozwojowego „Opracowanie technologii automatycznego diagnozowania użytkowników platform hazardowych w zakresie ryzyka uzależnienia od hazardu”",bazakonk,https://bazakonkurencyjnosci.funduszeeuropejskie.gov.pl/ogloszenia/278680
2026-07-22,"INSTYTUT FIZYKI JĄDROWEJ IM. HENRYKA NIEWODNICZAŃSKIEGO POLSKIEJ AKADEMII NAUK",uczelnia_nauka,sprzet_it,0,"Dostawa zintegrowanego systemu konfokalnej mikroskopii ramanowskiej 2D/3D dla IFJ PAN w Krakowie (DZP.260.33.2026)",ted,https://ted.europa.eu/pl/notice/-/detail/507866-2026
2026-07-22,"Krokowskie Przedsiębiorstwo Komunalne Sp. z o.o.",spolka_komunalna,inne,0,"Przebudowę i rozbudowę oczyszczalni ścieków w Kłaninie wraz z infrastrukturą towarzyszącą – Gmina Krokowa",bazakonk,https://bazakonkurencyjnosci.funduszeeuropejskie.gov.pl/ogloszenia/284762
2026-07-22,"Marani Sp. z o.o.",firma_prywatna,oprogramowanie,0,"Zapytanie ofertowe nr 60/07/2026 Dostawa, konfiguracja, integracja, wdrożenie, uruchomienie produkcyjne, przeszkolenie użytkowników i przekazanie do eksploatacji zintegrowanego systemu informatycznego obejmującego funkcjonalności klasy MES, APS, WMS oraz IEDMS przeznaczonego do wsparcia planowania, harmonogramowania, realizacji i rozliczania produkcji oraz zarządzania przepływem materiałów i wyrobów w toku realizacji procesów produkcyjnych.",bazakonk,https://bazakonkurencyjnosci.funduszeeuropejskie.gov.pl/ogloszenia/285858
2026-07-22,"Miasto Ustroń",samorzad,szkolenie,0,"Przeprowadzenie studiów podyplomowych z Bibliotekoznawstwa w ramach realizacji projektu pn. „Wsparcie edukacji przedszkolnej w mieście Ustroń”",bazakonk,https://bazakonkurencyjnosci.funduszeeuropejskie.gov.pl/ogloszenia/285871
2026-07-22,"Miasto Ustroń",samorzad,szkolenie,0,"Przeprowadzenie studiów podyplomowych z Diagnozy, rewalidacji i terapii pedagogicznej w ramach realizacji projektu pn. „Wsparcie edukacji przedszkolnej w mieście Ustroń”",bazakonk,https://bazakonkurencyjnosci.funduszeeuropejskie.gov.pl/ogloszenia/285875
2026-07-22,"Miasto Ustroń",samorzad,szkolenie,0,"Przeprowadzenie studiów podyplomowych z Integracji Sensorycznej w ramach realizacji projektu pn. „Wsparcie edukacji przedszkolnej w mieście Ustroń”",bazakonk,https://bazakonkurencyjnosci.funduszeeuropejskie.gov.pl/ogloszenia/285856
2026-07-22,"Miasto Ustroń",samorzad,szkolenie,0,"Przeprowadzenie studiów podyplomowych z Logopedii w ramach realizacji projektu pn. „Wsparcie edukacji przedszkolnej w mieście Ustroń”",bazakonk,https://bazakonkurencyjnosci.funduszeeuropejskie.gov.pl/ogloszenia/285859
2026-07-22,"Miasto Ustroń",samorzad,szkolenie,0,"Przeprowadzenie studiów podyplomowych z Arteterapii w ramach realizacji projektu pn. „Wsparcie edukacji przedszkolnej w mieście Ustroń”",bazakonk,https://bazakonkurencyjnosci.funduszeeuropejskie.gov.pl/ogloszenia/285865
2026-07-22,"Miasto Ustroń",samorzad,szkolenie,0,"Przeprowadzenie studiów podyplomowych z Edukacji włączającej i integracyjnej w ramach realizacji projektu pn. „Wsparcie edukacji przedszkolnej w mieście Ustroń”",bazakonk,https://bazakonkurencyjnosci.funduszeeuropejskie.gov.pl/ogloszenia/285874
2026-07-22,"Miasto Ustroń",samorzad,szkolenie,0,"Przeprowadzenie studiów podyplomowych z Edukacji i terapii osób z autyzmem i zespołem Aspergera w ramach realizacji projektu pn. „Wsparcie edukacji przedszkolnej w mieście Ustroń”",bazakonk,https://bazakonkurencyjnosci.funduszeeuropejskie.gov.pl/ogloszenia/285877
2026-07-22,"Miejskie Przedsiębiorstwo Wodociągów i Kanalizacji Sp. z o.o.",spolka_komunalna,uslugi_it,0,"Cyberbezpieczne Wodociągi w Żywcu.",bazakonk,https://bazakonkurencyjnosci.funduszeeuropejskie.gov.pl/ogloszenia/285974
2026-07-22,"MULTIPACK EUROPE SPÓŁKA Z OGRANICZONĄ ODPOWIEDZIALNOŚCIĄ",firma_prywatna,inne,0,"""Wdrożenie nowej formy do maszyny termoformującej wraz z automatyczną linią pakującą""",bazakonk,https://bazakonkurencyjnosci.funduszeeuropejskie.gov.pl/ogloszenia/285752
2026-07-22,"Nadleśnictwo Janów Lubelski",administracja_centralna,inne,0,"Usługa dozoru weterynaryjnego nad głuszcami (Tetrao urogallus) przebywającymi na powierzchniach adaptacyjnych w Nadleśnictwie Janów Lubelski w 2026r.",bazakonk,https://bazakonkurencyjnosci.funduszeeuropejskie.gov.pl/ogloszenia/285584
2026-07-22,"Naukowa i Akademicka Sieć Komputerowa - Państwowy Instytut Badawczy",uczelnia_nauka,wdrozenie_ai,1,"Dostawa, instalacja oraz konfiguracja klastra wirtualizacji wraz z platformą do prac nad sztuczną inteligencją, w podziale na dwie części",ted,https://ted.europa.eu/pl/notice/-/detail/505233-2026
2026-07-22,"Nowa Ortopedia spółka z ograniczoną odpowiedzialnością",szpital_zdrowie,inne,0,"Zakup i dostawa aparatu RTG typu RAMIĘ C",bazakonk,https://bazakonkurencyjnosci.funduszeeuropejskie.gov.pl/ogloszenia/285932
2026-07-22,"Ośrodek Finansowo-Szkoleniowy ""KREZUS"" Henryk Czerhoniak",firma_prywatna,szkolenie,0,"Zakup i dostawa materiałów edukacyjnych, urządzeń, sprzętu oraz oprogramowania na potrzeby projektu „Wiedza i doświadczenie to sukces!”",bazakonk,https://bazakonkurencyjnosci.funduszeeuropejskie.gov.pl/ogloszenia/285736
2026-07-22,"PHU ""INFO - KOMPLEKS"" JACEK DROSDOWSKI",firma_prywatna,inne,0,"ZAPYTANIE OFERTOWE NR 1/07/6.12/2026/Mosty Integracji",bazakonk,https://bazakonkurencyjnosci.funduszeeuropejskie.gov.pl/ogloszenia/285914
2026-07-22,"Powiatowe Centrum Zdrowia w Brzezinach sp. z o.o.",szpital_zdrowie,inne,0,"Wyłonienie Generalnego Wykonawcy dla zadania pn. „Rozbudowa, nadbudowa i przebudowa budynku Szpitala Powiatowego w Brzezinach"" – wyłącznie w zakresie określonym w Dokumentacji Projektowej jako ETAP I – Zapytanie ofertowe nr 01/07/2026/LM",bazakonk,https://bazakonkurencyjnosci.funduszeeuropejskie.gov.pl/ogloszenia/285976
2026-07-22,"Przedsiębiorstwo Energetyki Cieplnej - Gliwice",spolka_komunalna,inne,0,"Budowa sieci ciepłowniczej dla potrzeb hybrydowego źródła energii odnawialnej ze ścieków oczyszczonych z Centralnej Oczyszczalni Ścieków w Gliwicach.",ted,https://ted.europa.eu/pl/notice/-/detail/505899-2026
2026-07-22,"Publiczne Przedszkole nr 13 w Zespóle Szkolno-Przedszkolnym nr 6",oswiata,inne,0,"Dostawa wyposażenia i pomocy dydaktycznych Zamówienie realizowane jest w ramach projektu: „Pierwsze wsparcie już na starcie - rozwój edukacji przedszkolnej w Wodzisławiu Śląskim” współfinansowanego ze środków Europejskiego Funduszu Społecznego Plus",bazakonk,https://bazakonkurencyjnosci.funduszeeuropejskie.gov.pl/ogloszenia/285407
2026-07-22,"Realstream Spółka z ograniczoną odpowiedzialnością",firma_prywatna,oprogramowanie,0,"RealStream – innowacyjna platforma agregująca kluczowe dane i parametry otoczenia nieruchomości, zapewniająca streaming live i tworząca obiektywną bazę wiedzy wspierającą proces decyzyjny inwestora",bazakonk,https://bazakonkurencyjnosci.funduszeeuropejskie.gov.pl/ogloszenia/285964
2026-07-22,"SAGA POLAND sp. z o.o.",firma_prywatna,badania_rd,0,"Zapytanie ofertowe na dostawę odlewniczych stopów aluminium i stopów cynku do realizacji Etapu 2 prac rozwojowych w ramach projektu pt.: „Technologia symultanicznego monitorowania i sterowania procesem obróbki cieplnej w automatycznym procesie wytwarzania wysokociśnieniowych odlewów ze stopów metali lekkich wykorzystująca oprzyrządowanie wytworzone metodami przyrostowymi druku 3D”",bazakonk,https://bazakonkurencyjnosci.funduszeeuropejskie.gov.pl/ogloszenia/285922
2026-07-22,"Stowarzyszenie Rodziców Przyjaciół Dzieci i Osób Niepełnosprawnych PROMYK",ngo,szkolenie,0,"Przygotowanie, organizacja i przeprowadzenie szkoleń wyjazdowych dla Uczestników projektu oraz wizyt po placówkach PSONI Koło w Jarosławiu i warsztatu dla kadry WTZ w Gostwicy",bazakonk,https://bazakonkurencyjnosci.funduszeeuropejskie.gov.pl/ogloszenia/285901
2026-07-22,"Uniwersytet Rzeszowski",uczelnia_nauka,sprzet_it,0,"Polska – Sprzęt laboratoryjny, optyczny i precyzyjny (z wyjątkiem szklanego) – Sprzedaż i dostawa multimodalnego czytnika mikropłytek umożliwiającego pomiary absorbancji, fluorescencji i luminescencji w układach płytkowych, opcje odczytu: od góry i od dołu; wraz z akcesorium do pomiaru próbek w mikroobjętościach",ted,https://ted.europa.eu/pl/notice/-/detail/505182-2026
2026-07-22,"Uniwersytet VIZJA",uczelnia_nauka,inne,0,"Zapytanie ofertowe nr 39/VHUW/2026 z dnia 22.07.2026 r.na wybór Wykonawcy do dostawy rowerów ze wspomaganiem elektrycznym oraz rowerów elektrycznych dla osób dorosłych z niepełnosprawnościami i szczególnymi potrzebami (np. rowery dla osób z zaburzeniami równowagi oraz obniżoną zdolnością mięśniową) do Uniwersytetu VIZJA.",bazakonk,https://bazakonkurencyjnosci.funduszeeuropejskie.gov.pl/ogloszenia/285921
2026-07-22,"Uniwersytet WSB Merito w Poznaniu",uczelnia_nauka,inne,0,"Dostawa mebli do Laboratoriów i pracowni nauczania praktycznego w Uniwersytecie WSB Merito Szczecin",bazakonk,https://bazakonkurencyjnosci.funduszeeuropejskie.gov.pl/ogloszenia/285944
2026-07-22,"Uniwersytet WSB Merito w Poznaniu",uczelnia_nauka,sprzet_it,0,"Dostawa wyposażenia Laboratorium Sieci Komputerowych wraz symulacją okablowania w Uniwersytecie WSB Merito Szczecin",bazakonk,https://bazakonkurencyjnosci.funduszeeuropejskie.gov.pl/ogloszenia/285827
2026-07-22,"Uniwersytet WSB Merito w Poznaniu",uczelnia_nauka,sprzet_it,0,"Dostawa wyposażenia Laboratorium LEAN w Uniwersytecie WSB Merito Szczecin",bazakonk,https://bazakonkurencyjnosci.funduszeeuropejskie.gov.pl/ogloszenia/285842
2026-07-22,"Uniwersytet WSB Merito w Poznaniu",uczelnia_nauka,sprzet_it,0,"Dostawa wyposażenia Laboratoriów Informatycznych w Uniwersytecie WSB Merito Szczecin",bazakonk,https://bazakonkurencyjnosci.funduszeeuropejskie.gov.pl/ogloszenia/285879
2026-07-22,"WEBSENSA Spółka z ograniczoną odpowiedzialnością",firma_prywatna,badania_rd,0,"ZAPYTANIE OFERTOWE nr 19_2026_05.01.01_003F z dnia 22 lipca 2026 r. na wybór wykonawcy prac badawczo – rozwojowych – Senior System Architect.",bazakonk,https://bazakonkurencyjnosci.funduszeeuropejskie.gov.pl/ogloszenia/285841
2026-07-22,"WEBSENSA Spółka z ograniczoną odpowiedzialnością",firma_prywatna,badania_rd,1,"ZAPYTANIE OFERTOWE nr 20_2026_05.01.01_003F z dnia 22 lipca 2026 r. na wybór wykonawcy prac badawczo – rozwojowych – Senior ML Ops",bazakonk,https://bazakonkurencyjnosci.funduszeeuropejskie.gov.pl/ogloszenia/285846
2026-07-22,"Wodociągi Gminy Kłaj Sp. z o. o.",spolka_komunalna,uslugi_it,0,"ZAPYTANIE OFERTOWE nr.2 „Dostawa i wdrożenie rozwiązań technicznych w obszarze IT/OT ” w ramach realizacji projektu ""Poprawa cyberbezpieczeństwa zasobów wodnokanalizacyjnych w Gminie Kłaj""",bazakonk,https://bazakonkurencyjnosci.funduszeeuropejskie.gov.pl/ogloszenia/285968
2026-07-22,"Zakład Energetyki Cieplnej Sp. z o.o.",spolka_komunalna,inne,0,"Modernizacja systemu ciepłowniczego w miejscowości Bemowo Piskie",bazakonk,https://bazakonkurencyjnosci.funduszeeuropejskie.gov.pl/ogloszenia/285826
2026-07-22,"Związek Centralny Dzieła Kolpinga w Polsce",ngo,szkolenie,0,"Usługa trenerska: przeprowadzenie szkolenia dla NGO z zakresu dostępności informacyjno-komunikacyjnej i prostego języka, 7-8.08.2026 r., woj. lubelskie, Susiec lub okolice",bazakonk,https://bazakonkurencyjnosci.funduszeeuropejskie.gov.pl/ogloszenia/285924
2026-07-22,"Związek Centralny Dzieła Kolpinga w Polsce",ngo,szkolenie,0,"Usługa trenerska: przeprowadzenie szkolenia dla NGO z zakresu dostępności informacyjno-komunikacyjnej i prostego języka, Dobroszyce, woj. dolnośląskie, 7-8.08.2026 r.",bazakonk,https://bazakonkurencyjnosci.funduszeeuropejskie.gov.pl/ogloszenia/285889
2026-07-22,"Związek Centralny Dzieła Kolpinga w Polsce",ngo,inne,0,"Zapewnienie sali szkoleniowej, wyżywienia oraz miejsc noclegowych dla uczestników cyklu szkoleniowego, Susiec (pow. tomaszowski) lub okolice, woj. lubelskie, 7-8-9.08.2026 r.”",bazakonk,https://bazakonkurencyjnosci.funduszeeuropejskie.gov.pl/ogloszenia/285950
2026-07-21,"Akademia WSB",uczelnia_nauka,szkolenie,0,"ZAPYTANIE OFERTOWE 71/FESL/10_25_2/2025 : Przedmiotem zamówienia jest przygotowanie i przeprowadzenie kompleksowego programu rozwojowego w zakresie transferu wiedzy i technologii, ochrony własności intelektualnej oraz komercjalizacji wyników badań naukowych, obejmującego cztery wzajemnie powiązane i komplementarne moduły szkoleniowe: 1. Komercjalizacja wyników badań oraz tworzenie startupów akademickich typu spin off i spin-out – aspekty formalne, prawne i organizacyjne; 2. Broker technologii – transfer wiedzy i technologii oraz proces komercjalizacji wyników badań naukowyc",bazakonk,https://bazakonkurencyjnosci.funduszeeuropejskie.gov.pl/ogloszenia/285691
2026-07-21,Almus,firma_prywatna,inne,0,"Dostawa i montaż suwnicy z torowiskiem w kontekście projektu pn. ""Wdrożenie produkcji innowacyjnych papierów toaletowych i ręczników oraz unikalnego narzędzia informatycznego""",bazakonk,https://bazakonkurencyjnosci.funduszeeuropejskie.gov.pl/ogloszenia/285710
2026-07-21,"ASLab Science P.S.A.",firma_prywatna,badania_rd,0,"Zapytanie ofertowe na wynajem aparatu do granulacji na potrzeby firmy ASLAB SCIENCE PROSTA SPÓŁKA AKCYJNA do realizacji projektu pt. „Rozwój i kompleksowa ocena terapeutyczna złożonego prod. leczniczego do przełomowej terapii skojarzonej leczenia cukrzycy typu II z współistn. otyłością” realizowanego w ramach Programu Fundusze Europejskie dla Nowoczesnej Gospodarki Działanie FENG.01.01 Ścieżka SMART.",bazakonk,https://bazakonkurencyjnosci.funduszeeuropejskie.gov.pl/ogloszenia/285723
2026-07-21,"ASLab Science P.S.A.",firma_prywatna,sprzet_it,0,"Zapytanie ofertowe na wynajem różnicowego kalorymetru skaningowego (DSC) na potrzeby firmy ASLAB SCIENCE PROSTA SPÓŁKA AKCYJNA do realizacji projektu pt. „Rozwój i kompleksowa ocena terapeutyczna złożonego prod. leczniczego do przełomowej terapii skojarzonej leczenia cukrzycy typu II z współistn. otyłością” realizowanego w ramach Programu Fundusze Europejskie dla Nowoczesnej Gospodarki Działanie FENG.01.01 Ścieżka SMART.",bazakonk,https://bazakonkurencyjnosci.funduszeeuropejskie.gov.pl/ogloszenia/285772
2026-07-21,"ASLab Science P.S.A.",firma_prywatna,badania_rd,0,"Zapytanie ofertowe na wynajem fluidyzatora na potrzeby firmy ASLAB SCIENCE PROSTA SPÓŁKA AKCYJNA do realizacji projektu pt. „Rozwój i kompleksowa ocena terapeutyczna złożonego prod. leczniczego do przełomowej terapii skojarzonej leczenia cukrzycy typu II z współistn. otyłością” realizowanego w ramach Programu Fundusze Europejskie dla Nowoczesnej Gospodarki Działanie FENG.01.01 Ścieżka SMART.",bazakonk,https://bazakonkurencyjnosci.funduszeeuropejskie.gov.pl/ogloszenia/285741
2026-07-21,"BioMaxima Spółka Akcyjna",firma_prywatna,inne,0,"ZAPYTANIE OFERTOWE nr 5/1.3FELU z dnia 21.07.2026 r.",bazakonk,https://bazakonkurencyjnosci.funduszeeuropejskie.gov.pl/ogloszenia/285722
2026-07-21,"Caritas Archidiecezji Łódzkiej",ngo,inne,0,"Centrum Integracji Cudzoziemców Caritas Archidiecezji Łódzkiej",bazakonk,https://bazakonkurencyjnosci.funduszeeuropejskie.gov.pl/ogloszenia/285771
2026-07-21,"Centrum Kształcenia Zawodowego i Ustawicznego nr 1 w Raciborzu",oswiata,szkolenie,0,"Zawodowcy z pasją w CKZiU nr 1 w Raciborzu",bazakonk,https://bazakonkurencyjnosci.funduszeeuropejskie.gov.pl/ogloszenia/285746
2026-07-21,"Dach Łuczaj s.c. MR AB Łuczaj Marek Łuczaj, Anna Łuczaj, Barbara Łuczaj",firma_prywatna,inne,0,"Zapytanie ofertowe nr 2/07/2026/0075 na zakup nowego urządzenia do formowania wentylowanej obróbki dorynnowej wraz z wyposażeniem i dostawą – 1 sztuka",bazakonk,https://bazakonkurencyjnosci.funduszeeuropejskie.gov.pl/ogloszenia/285702
2026-07-21,"Dach Łuczaj s.c. MR AB Łuczaj Marek Łuczaj, Anna Łuczaj, Barbara Łuczaj",firma_prywatna,inne,0,"Zapytanie ofertowe nr 1/07/2026/0075 na zakup nowego urządzenia do formowania blachodachówki z zamkiem poziomym wraz z technologią jej produkcji – 1 sztuka",bazakonk,https://bazakonkurencyjnosci.funduszeeuropejskie.gov.pl/ogloszenia/285696
2026-07-21,"ENEA Operator Sp. z o.o.",spolka_komunalna,sprzet_it,0,"System klucza typu Master wraz z depozytorami.",ted,https://ted.europa.eu/pl/notice/-/detail/502951-2026
2026-07-21,"Fundacja Challenge Europe",ngo,inne,0,"ZAPYTANIE OFERTOWE 14-SNNS-SZ14-2026",bazakonk,https://bazakonkurencyjnosci.funduszeeuropejskie.gov.pl/ogloszenia/285799
2026-07-21,"Fundacja Dziedzictwo Przyrodnicze",ngo,szkolenie,0,"Kompleksowa organizacja i realizacja 4-dniowej wizyty studyjnej dotyczącej ochrony przyrody i dużych drapieżników.",bazakonk,https://bazakonkurencyjnosci.funduszeeuropejskie.gov.pl/ogloszenia/285653
2026-07-21,"Fundacja Razem do celu",ngo,inne,0,"Społeczność najważniejsza – razem zmieniamy naszą okolicę",bazakonk,https://bazakonkurencyjnosci.funduszeeuropejskie.gov.pl/ogloszenia/285796
2026-07-21,"Gmina Mielnik",samorzad,sprzet_it,0,"Dostawa zarządzanych przełączników sieciowych oraz UPS ONLINE na potrzeby Urzędu Gminy Mielnik",bazakonk,https://bazakonkurencyjnosci.funduszeeuropejskie.gov.pl/ogloszenia/285739
2026-07-21,"Górnośląski Akcelerator Przedsiębiorczości Rynkowej sp. z o.o.",firma_prywatna,inne,0,"Organizacja wspólnego stoiska wystawienniczego na targach Medica 2026",bazakonk,https://bazakonkurencyjnosci.funduszeeuropejskie.gov.pl/ogloszenia/285766
2026-07-21,"IZBA RZEMIEŚLNICZA I PRZEDSIĘBIORCZOŚCI W BIAŁYMSTOKU",ngo,inne,0,"Zakup, dostawa oraz montaż mebli i sprzętu multimedialnego do sali doradczej oraz sali egzaminacyjnej, w celu zwiększenia potencjału edukacyjnego Izby Rzemieślniczej i Przedsiębiorczości w Białymstoku",bazakonk,https://bazakonkurencyjnosci.funduszeeuropejskie.gov.pl/ogloszenia/285684
2026-07-21,"KOSCHEM spółka z ograniczoną odpowiedzialnością spółka komandytowa",firma_prywatna,inne,0,"Roboty trzy osiowe z funkcją podawania etykiet IML i odbioru detalu z funkcją sztaplowania oraz dodatkową osią obrotową – 7 szt.",bazakonk,https://bazakonkurencyjnosci.funduszeeuropejskie.gov.pl/ogloszenia/285693
2026-07-21,"Kraśnickie Przedsiębiorstwo Wodociągów i Kanalizacji Sp. z o.o.",spolka_komunalna,uslugi_it,0,"Wzmocnienie cyberodporności IT i OT oraz ciągłości działania poprzez wdrożenie kluczowych środków technicznych oraz rozwój kompetencji",bazakonk,https://bazakonkurencyjnosci.funduszeeuropejskie.gov.pl/ogloszenia/285524
2026-07-21,"Lubelskie Stowarzyszenie Ochrony Zdrowia Psychicznego",ngo,inne,0,"Mobilne zespoły Opieki Domowej",bazakonk,https://bazakonkurencyjnosci.funduszeeuropejskie.gov.pl/ogloszenia/285278
2026-07-21,"Naukowa i Akademicka Sieć Komputerowa - Państwowy Instytut Badawczy",uczelnia_nauka,uslugi_it,0,"Rozbudowa platformy składowania danych",ted,https://ted.europa.eu/pl/notice/-/detail/501544-2026
2026-07-21,"Ogólnopolskie Porozumienie Związków Zawodowych",ngo,inne,0,"Kompleksowe wypracowanie strategii zachęcającej do zrzeszania się w OPZZ, w oparciu o 12 organizacji związków zawodowych objętych realizacją projektu.",bazakonk,https://bazakonkurencyjnosci.funduszeeuropejskie.gov.pl/ogloszenia/285060
2026-07-21,"PIU Design sp. z o.o.",firma_prywatna,badania_rd,0,"Zapytanie ofertowe nr ZOP-09-2026 Usługi badawczo-technologiczne",bazakonk,https://bazakonkurencyjnosci.funduszeeuropejskie.gov.pl/ogloszenia/285767
2026-07-21,"PIU Design sp. z o.o.",firma_prywatna,inne,0,"ZAPYTANIE OFERTOWE nr ZOP-08-2026 Surowiec",bazakonk,https://bazakonkurencyjnosci.funduszeeuropejskie.gov.pl/ogloszenia/285754
2026-07-21,"Politechnika Białostocka",uczelnia_nauka,oprogramowanie,0,"ZK-DAZ.262.358.2026 - Dostawę i uruchomienie Systemu wspomagania decyzji DSS z wykorzystaniem monitoringu chorób oraz szkodników owadzich. na potrzeby projektu: Projekt „PB 5.0 – dostosowanie oferty dydaktycznej Politechniki Białostockiej do potrzeb nowoczesnej gospodarki oraz zielonej i cyfrowej transformacji” (nr umowy FERS.01.05-IP.08-0327/23-00 z dnia 14.06.2024 r.) realizowanego w ramach programu Fundusze Europejskie dla Rozwoju Społecznego 2021-2027 współfinansowanego ze środków Europejskiego Funduszu Społecznego Plus.",bazakonk,https://bazakonkurencyjnosci.funduszeeuropejskie.gov.pl/ogloszenia/285656
2026-07-21,"Politechnika Śląska",uczelnia_nauka,sprzet_it,0,"Wyposażenie warsztatowo-pomiarowe Laboratorium Technologii Wodorowych (LTW). Badanie rynku, szacowanie wartości zamówienia",bazakonk,https://bazakonkurencyjnosci.funduszeeuropejskie.gov.pl/ogloszenia/285099
2026-07-21,"Przedsiębiorstwo Usług Komunalnych Sp. z o.o. w Radzyniu Podlaskim",spolka_komunalna,uslugi_it,0,"Zwiększenie cyberodporności i ciągłości działania w Przedsiębiorstwie Usług Komunalnych Sp. z o.o. w Radzyniu Podlaskim poprzez wdrożenie nowoczesnych rozwiązań, modernizację infrastruktury oraz podniesienie kompetencji personelu.",bazakonk,https://bazakonkurencyjnosci.funduszeeuropejskie.gov.pl/ogloszenia/282005
2026-07-21,"Sądeckie Wodociągi spółka z ograniczoną odpowiedzialnością",spolka_komunalna,oprogramowanie,0,"Dostawa, wdrożenie oraz uruchomienie w środowisku informatycznym Zamawiającego zintegrowanego systemu przeciwdziałania cyberzagrożeniom w ramach projektu „Cyberbezpieczne Wodociągi Sądeckie”. Konkurs grantowy pn. “Cyberbezpieczne Wodociągi” o numerze KPOD.05.10-CW.01-001/25. Projekt pn. „Cyberbezpieczne Wodociągi Sądeckie” - umowa o powierzenie grantu o numerze KPOD.05.10-CW.01-001/25/0417/KPOD.05.10-CW.01-001/25/2026.",bazakonk,https://bazakonkurencyjnosci.funduszeeuropejskie.gov.pl/ogloszenia/285652
2026-07-21,"SŁAWPOL SPÓŁKA Z OGRANICZONĄ ODPOWIEDZIALNOŚCIĄ",firma_prywatna,oprogramowanie,0,"Zapytanie ofertowe na zakup zintegrowanego systemu kontroli produkcji",bazakonk,https://bazakonkurencyjnosci.funduszeeuropejskie.gov.pl/ogloszenia/285675
2026-07-21,"Świętokrzyskie Centrum Psychiatrii w Morawicy",szpital_zdrowie,inne,0,"Nr sprawy EZP-25/BP/2026 Sporządzenie dokumentacji projektowej oraz pełnienie w trakcie realizacji robót budowlanych nadzoru autorskiego na zadaniu: „Modernizacja Oddziału Psychiatrycznego dla Dzieci” w ramach działania FENX.06.01 System ochrony zdrowia, priorytet FENX.06 Zdrowie Programu Fundusze Europejskie na Infrastrukturę, Klimat, Środowisko 2021-2027",bazakonk,https://bazakonkurencyjnosci.funduszeeuropejskie.gov.pl/ogloszenia/285499
2026-07-21,"Szkoła Podstawowa nr 10 z Oddziałami Integracyjnymi im. Olimpijczyków Polskich w Suwałkach",oswiata,szkolenie,0,"Kopia edukacja włączająca",bazakonk,https://bazakonkurencyjnosci.funduszeeuropejskie.gov.pl/ogloszenia/285667
2026-07-21,"Uczelnia Techniczno-Handlowa im. Heleny Chodkowskiej",uczelnia_nauka,szkolenie,0,"UTH5.0/2026/07/04 Kompleksowa realizacja certyfikowanych szkoleń: SMS - System Zarządzania Bezpieczeństwem (Safety Management System) oraz Transport materiałów niebezpiecznych drogą powietrzną.",bazakonk,https://bazakonkurencyjnosci.funduszeeuropejskie.gov.pl/ogloszenia/285686
2026-07-21,"Uniwersyteckie Centrum Kliniczne Warszawskiego Uniwersytetu Medycznego",szpital_zdrowie,inne,0,"Dostawa sprzętu medycznego jednorazowego użytku",ted,https://ted.europa.eu/pl/notice/-/detail/503372-2026
2026-07-21,"Uniwersyteckie Centrum Kliniczne Warszawskiego Uniwersytetu Medycznego",szpital_zdrowie,inne,0,"Dostawa sprzętu medycznego",ted,https://ted.europa.eu/pl/notice/-/detail/503860-2026
2026-07-21,"Uniwersytet Jagielloński",uczelnia_nauka,sprzet_it,0,"Wyłonienie Wykonawcy na wykonanie, dostawę i instalację kompletnego zestawu do wysokoprzepustowej produkcji płytek krystalizacyjnych przeznaczonego do zastosowań w krystalografii białek oraz automatyzacji procesów eksperymentalnych dla potrzeb linii SOLCRYS w Narodowym Centrum Promieniowania Synchrotronowego SOLARIS.",ted,https://ted.europa.eu/pl/notice/-/detail/504426-2026
2026-07-21,"Uniwersytet WSB Merito w Poznaniu",uczelnia_nauka,sprzet_it,0,"Dostawa wyposażenia Pracowni Gier i Symulacji w Uniwersytecie WSB Merito Szczecin",bazakonk,https://bazakonkurencyjnosci.funduszeeuropejskie.gov.pl/ogloszenia/285778
2026-07-21,"Uniwersytet WSB Merito w Poznaniu",uczelnia_nauka,sprzet_it,0,"Dostawa wyposażenia Laboratorium Techniki Wiatrowej w Uniwersytecie WSB Merito Szczecin",bazakonk,https://bazakonkurencyjnosci.funduszeeuropejskie.gov.pl/ogloszenia/285763
2026-07-21,"Uniwersytet WSB Merito w Poznaniu",uczelnia_nauka,sprzet_it,0,"Dostawa wyposażenia Laboratoriów Logistycznych w Uniwersytecie WSB Merito Szczecin",bazakonk,https://bazakonkurencyjnosci.funduszeeuropejskie.gov.pl/ogloszenia/285787
2026-07-21,"Wodociągi i Kanalizacja Sp. z o.o.",spolka_komunalna,uslugi_it,0,"Usługa pn.: „Przeprowadzenie audytów i szkoleń oraz przygotowanie dokumentacji w zakresie cyberbezpieczeństwa obiektów WiK Sp. z o.o. w Dzierżoniowie”, wchodzącą w zakres projektu pn.: „Wzmocnienie cyberbezpieczeństwa na obiektach WiK Sp. z o.o. w Dzierżoniowie”, współfinansowanego ze środków KPOiZO",bazakonk,https://bazakonkurencyjnosci.funduszeeuropejskie.gov.pl/ogloszenia/285640
2026-07-21,"Wodociągi i Kanalizacje Sp. z o.o.",spolka_komunalna,uslugi_it,0,"Cyberbezpieczeństwo – CyberPL, infrastruktura przetwarzania danych oraz optymalizacja infrastruktury służb państwowych odpowiedzialnych za bezpieczeństwo Cyberbezpieczeństwo",bazakonk,https://bazakonkurencyjnosci.funduszeeuropejskie.gov.pl/ogloszenia/285670
2026-07-21,"Województwo Dolnośląskie - Urząd Marszałkowski Województwa Dolnośląskiego",samorzad,inne,0,"Going Global 5.0 – Internacjonalizacja Dolnośląskich Przedsiębiorstw",bazakonk,https://bazakonkurencyjnosci.funduszeeuropejskie.gov.pl/ogloszenia/285676
2026-07-21,"Zakład Gospodarki Komunalnej Spółka z o.o. w Więcborku",spolka_komunalna,uslugi_it,0,"„Zwiększenie cyberodporności i ciągłości działania Zakładu Gospodarki Komunalnej Sp. z o. o. w Więcborku poprzez wdrożenie nowoczesnych rozwiązań, modernizację infrastruktury oraz podniesienie kompetencji personelu” w ramach Inwestycji C3.1.1 „Cyberbezpieczeństwo - CyberPL” - Cyberbezpieczne Wodociągi, finansowanego z Krajowego Planu Odbudowy i Zwiększania Odporności.",bazakonk,https://bazakonkurencyjnosci.funduszeeuropejskie.gov.pl/ogloszenia/285805
2026-07-20,"""PANORAMA"" s.c. Leszek i Maria Staleńczyk",firma_prywatna,sprzet_it,0,"ZAPYTANIE OFERTOWE nr 12/2025/1.5 FEPD - zakup, dostawa i montaż plotera bigująco tnącego – 1 szt. oraz zakup i dostawa stacji roboczej do plotera bigująco tnącego – 1 szt.",bazakonk,https://bazakonkurencyjnosci.funduszeeuropejskie.gov.pl/ogloszenia/285622
2026-07-20,"""W-M Glass"" Sp. z o.o.",firma_prywatna,inne,0,"Dostawa zautomatyzowanej linii technologicznej do szlifowania krawędzi szkła",bazakonk,https://bazakonkurencyjnosci.funduszeeuropejskie.gov.pl/ogloszenia/285554
2026-07-20,"""Wodociągi Kieleckie"" Sp. z o.o.",spolka_komunalna,uslugi_it,0,"OPRACOWANIE, WDROŻENIE, PRZEGLĄD, AKTUALIZACJA SYSTEMU ZARZĄDZANIA BEZPIECZEŃSTWEM INFORMACJI w podziale na dwie Części.",bazakonk,https://bazakonkurencyjnosci.funduszeeuropejskie.gov.pl/ogloszenia/285551
2026-07-20,"„ARCHE” Spółka Akcyjna",firma_prywatna,uslugi_it,0,"Kompleksowe wykonanie Instalacji automatyki i systemu BMS (Building Management System) dla budynków „Elektrociepłowni Szombierki” zgodnie z udostępnioną dokumentacją wykonawczą.",bazakonk,https://bazakonkurencyjnosci.funduszeeuropejskie.gov.pl/ogloszenia/284928
2026-07-20,"Centrum Rozwoju Społeczno-Ekonomicznego",samorzad,szkolenie,0,"ZAPYTANIE OFERTOWE nr 28/2026/MI/SZK dotyczące realizacji szkolenia „Operator - programista CNC” (w tym zapewnienie kadry trenerskiej, materiałów szkoleniowych, sal szkoleniowych, ubezpieczenia NNW oraz egzaminu) – część A, usługi cateringowej podczas usługi szkoleniowej – część B dla uczestników projektu „Most Integracji – Podkarpackie Centrum Wsparcia OPT”, prowadzone w oparciu o zasadę konkurencyjności.",bazakonk,https://bazakonkurencyjnosci.funduszeeuropejskie.gov.pl/ogloszenia/285605
2026-07-20,"Certes Sp. z o.o.",firma_prywatna,inne,0,"Zapytanie ofertowe nr NKNJ2/03/2026",bazakonk,https://bazakonkurencyjnosci.funduszeeuropejskie.gov.pl/ogloszenia/285569
2026-07-20,"Dolnoślascy Pracodawcy",ngo,szkolenie,0,"Program Rozwoju Kompetencji Osób Dorosłych - K(A)FE",bazakonk,https://bazakonkurencyjnosci.funduszeeuropejskie.gov.pl/ogloszenia/285566
2026-07-20,"EPIONE Spółka z ograniczoną odpowiedzialnością",szpital_zdrowie,inne,0,"„Świadczenie usług diagnostycznych przez personel na rzecz dzieci/młodzieży z mózgowym porażeniem dziecięcym w ramach Regionalnego Programu Zdrowotnego w zakresie rozszerzenia dostępności nowoczesnych instrumentalnych metod diagnostyki i rehabilitacji dzieci z mózgowym porażeniem dziecięcym na terenie województwa mazowieckiego”",bazakonk,https://bazakonkurencyjnosci.funduszeeuropejskie.gov.pl/ogloszenia/285501
2026-07-20,"FUNDACJA ROZWOJU INICJATYW OBYWATELSKICH",ngo,szkolenie,0,"Zapytanie ofertowe nr 17/Łukowski/2026 - warsztaty pierwsza pomoc",bazakonk,https://bazakonkurencyjnosci.funduszeeuropejskie.gov.pl/ogloszenia/284692
2026-07-20,"Gmina Gniew",samorzad,inne,0,"Wymiana dźwigu osobowego w Dziennym Domu Seniora w Gniewie w ramach projektu FEPM.06.04-IZ.00-0007/25 Infrastruktura społeczna w Gminie Gniew",bazakonk,https://bazakonkurencyjnosci.funduszeeuropejskie.gov.pl/ogloszenia/285565
2026-07-20,"GMINA LIMANOWA",samorzad,inne,0,"Polska – Usługi w zakresie specjalistycznego transportu drogowego osób – Dowóz uczniów do szkół – rok szkolny 2026/2027",ted,https://ted.europa.eu/pl/notice/-/detail/499654-2026
2026-07-20,"Gmina Mielnik",samorzad,oprogramowanie,0,"Dostawa oprogramowania do centralnego, zdalnego zarządzania urządzeniami mobilnymi (Mobile Device Management – MDM) wraz z udzieleniem niewyłącznych dożywotnich licencji umożliwiających dołączenie minimum 8 urządzeń mobilnych Zamawiającego do konsoli systemu MDM na potrzeby Urzędu Gminy Mielnik",bazakonk,https://bazakonkurencyjnosci.funduszeeuropejskie.gov.pl/ogloszenia/285587
2026-07-20,"Grzegorz Marszałek",firma_prywatna,oprogramowanie,0,"ZAPYTANIE OFERTOWE NR 41/2026/FEPW 1.4 - dostawa wartości niematerialnych i prawnych: System do zarządzania produkcją (MES-Manufacturing Execution System)",bazakonk,https://bazakonkurencyjnosci.funduszeeuropejskie.gov.pl/ogloszenia/285628
2026-07-20,"Instytut Nauki i Techniki Stipendium",uczelnia_nauka,uslugi_it,0,"FIF.SI UC.05/2026-S2 Usługi kadry naukowo-technicznej – Informatyk, programista",bazakonk,https://bazakonkurencyjnosci.funduszeeuropejskie.gov.pl/ogloszenia/285598
2026-07-20,"JJP Biologics Sp. z o.o.",firma_prywatna,inne,0,"Zakup i dostawa 5 szt. kartridży mikroprzepływowych",bazakonk,https://bazakonkurencyjnosci.funduszeeuropejskie.gov.pl/ogloszenia/284243
2026-07-20,"Konfederacja Lewiatan",ngo,badania_rd,0,"Realizacja zamówienia polegającego na opracowaniu ekspertyzy pt. „Cyfrowe państwo dla biznesu – analiza e-usług, infrastruktury finansowanych ze środków UE wspierających transformację cyfrową firm”.",bazakonk,https://bazakonkurencyjnosci.funduszeeuropejskie.gov.pl/ogloszenia/285591
2026-07-20,"Lubelskie Centrum Konferencyjne w Lublinie",samorzad,inne,0,"Dostawa energii elektrycznej w latach 2025-2026 dla budynku Lubelskiego Centrum Konferencyjnego w Lublinie ul. Artura Grottgera 2",ted,https://ted.europa.eu/pl/notice/-/detail/501422-2026
2026-07-20,"Międzynarodowa Szkoła Logistyki i Transportu we Wrocławiu",uczelnia_nauka,szkolenie,0,"Zapytanie ofertowe nr 03/07/PD/2026 dotyczące poprowadzenia szkoleń dla kadry Uczelni (pracownicy dydaktyczni) z zakresu Zielonej logistyki –zrównoważony rozwój w logistyce i transporcie w ramach projektu Potęga dydaktyki - program rozwoju kwalifikacji i kompetencji kadry Międzynarodowej Wyższej Szkoły Logistyki i Transportu we Wrocławiu, FERS.01.05-IP.08-0227/25",bazakonk,https://bazakonkurencyjnosci.funduszeeuropejskie.gov.pl/ogloszenia/285534
2026-07-20,"Międzynarodowa Szkoła Logistyki i Transportu we Wrocławiu",uczelnia_nauka,szkolenie,0,"Zapytanie ofertowe nr 02/07/PD/2026 dotyczące poprowadzenia szkoleń dla kadry Uczelni (pracownicy dydaktyczni) z zakresu Nowoczesnego zarządzania logistyką i produkcją w ramach projektu Potęga dydaktyki - program rozwoju kwalifikacji i kompetencji kadry Międzynarodowej Wyższej Szkoły Logistyki i Transportu we Wrocławiu. FERS.01.05-IP.08-0227/25",bazakonk,https://bazakonkurencyjnosci.funduszeeuropejskie.gov.pl/ogloszenia/285530
2026-07-20,"Międzynarodowa Szkoła Logistyki i Transportu we Wrocławiu",uczelnia_nauka,szkolenie,0,"Zapytanie ofertowe nr 04/07/PD/2026 dotyczące poprowadzenia szkoleń dla kadry Uczelni (pracownicy dydaktyczni) z zakresu Zrównoważonego rozwoju w edukacji akademickiej w ramach projektu Potęga dydaktyki - program rozwoju kwalifikacji i kompetencji kadry Międzynarodowej Wyższej Szkoły Logistyki i Transportu we Wrocławiu, FERS.01.05-IP.08-0227/25",bazakonk,https://bazakonkurencyjnosci.funduszeeuropejskie.gov.pl/ogloszenia/285527
2026-07-20,"Międzynarodowa Szkoła Logistyki i Transportu we Wrocławiu",uczelnia_nauka,szkolenie,0,"Zapytanie ofertowe nr 05/07/PD/2026 dotyczące poprowadzenia szkoleń dla kadry Uczelni (pracownicy dydaktyczni) z zakresu Zrównoważonej mobilności i transportu edukacji akademickiej w kontekście miast przyszłości w ramach projektu Potęga dydaktyki - program rozwoju kwalifikacji i kompetencji kadry Międzynarodowej Wyższej Szkoły Logistyki i Transportu we Wrocławiu, FERS.01.05-IP.08-0227/25",bazakonk,https://bazakonkurencyjnosci.funduszeeuropejskie.gov.pl/ogloszenia/285538
2026-07-20,"MTM <mark>Modele</mark> Spółka z ograniczoną odpowiedzialnością",firma_prywatna,sprzet_it,0,"Dostawa kompletnego zestawu komputerowego do pracy z oprogramowaniem inżynierskim: 1 stacja robocza, 2 monitory 4K, zestaw urządzeń sterujących CAD/3D oraz klawiatura",bazakonk,https://bazakonkurencyjnosci.funduszeeuropejskie.gov.pl/ogloszenia/285636
2026-07-20,"Ośrodek Promowania i Wspierania Przedsiębiorczości Rolnej w Sandomierzu",ngo,szkolenie,0,"ZAPYTANIE OFERTOWE Nr A_S_NGO/5/2026 w projekcie „Akademia Skutecznych NGO” realizowanym w ramach programu Fundusze Europejskie dla Rozwoju Społecznego 2021-2027 współfinansowanego ze środków Europejskiego Funduszu Społecznego Plus Priorytet FERS.04 Spójność społeczna i zdrowie Działanie FERS.04.12 Wsparcie NGO w zakresie usług publicznych i współpracy Ośrodek Promowania Przedsiębiorczości [dalej „Zamawiający”] realizując jako Lider projekt pn. „Akademia skutecznych NGO” ” nr FERS.04.12-IP.04-0017/24 w ramach programu Fundusze Europejskie dla Rozwoju Społecznego 2021-2027 w",bazakonk,https://bazakonkurencyjnosci.funduszeeuropejskie.gov.pl/ogloszenia/285563
2026-07-20,"POMOC DROGOWA ""HOLOWNIK"" S.C. KSAWERYNA JAGIEŁŁO JACEK JAGIEŁŁO",firma_prywatna,sprzet_it,0,"Zapytanie ofertowe nr 1/UE na dostawę specjalistycznego pojazdu z funkcją holowania, dźwigu i rotatora",bazakonk,https://bazakonkurencyjnosci.funduszeeuropejskie.gov.pl/ogloszenia/285553
2026-07-20,"Prior Consulting Sp. z o.o.",firma_prywatna,wdrozenie_ai,1,"Wykonanie, wdrożenie i uruchomienie systemu eksperckiego wspierającego analizę projektów B+R, wraz ze szkoleniem",bazakonk,https://bazakonkurencyjnosci.funduszeeuropejskie.gov.pl/ogloszenia/285634
2026-07-20,"REGIONALNE CENTRUM WSPIERANIA INICJATYW POZARZĄDOWYCH",ngo,inne,0,"Zakup i dostawa części Bonu rozwojowego dla podmiotu Fundacja Uniwersytet Trzeciego Wieku w ramach projektu pn. „Wsparcie organizacji społeczeństwa obywatelskiego na Dolnym Śląsku” (nr umowy o dofinansowanie FEDS.07.07-IP.02-0027/24) zapytanie ofertowe nr 22/2026/SO/BONROZWOJOWY",bazakonk,https://bazakonkurencyjnosci.funduszeeuropejskie.gov.pl/ogloszenia/285594
2026-07-20,"Regionalne Wodociągi i Kanalizacja Sp. z o.o.  w Białogardzie",spolka_komunalna,oprogramowanie,0,"dostawa i wdrożenie systemu IDS służącego do monitorowania sieci przemysłowej, składającego się z sond sprzętowych oraz oprogramowania do zarządzania i analizy ruchu sieciowego (system IDS) dla spółki Regionalne Wodociągi i Kanalizacja Sp. z o.o. w Białogardzie",bazakonk,https://bazakonkurencyjnosci.funduszeeuropejskie.gov.pl/ogloszenia/285635
2026-07-20,"SIATMAR MAREK JANKIEWICZ SP.K.",firma_prywatna,inne,0,"[Fotowoltaika] Kompleksowa dostawa fotowoltaiki, montaż, instalacja, uruchomienie i przeprowadzenie wdrożenia w zakresie jego obsługi",bazakonk,https://bazakonkurencyjnosci.funduszeeuropejskie.gov.pl/ogloszenia/284642
2026-07-20,"Staffly Sp. z o.o.",firma_prywatna,wdrozenie_ai,1,"Opracowanie, wykonanie, dostawa i udzielenie wyłącznej licencji na moduły sztucznej inteligencji do analizy obrazu wideo",bazakonk,https://bazakonkurencyjnosci.funduszeeuropejskie.gov.pl/ogloszenia/285618
2026-07-20,"TOWARZYSTWO PROFILAKTYKI ŚRODOWISKOWEJ ""MROWISKO""",ngo,inne,0,"Mentor/ka dzieci i młodzieży",bazakonk,https://bazakonkurencyjnosci.funduszeeuropejskie.gov.pl/ogloszenia/285511
2026-07-20,"Uniwersytet Przyrodniczy w Lublinie",uczelnia_nauka,sprzet_it,0,"„Laboratorium AgroBioNano-Technologii”, nr FELU.01.01-IZ.00-0007/24 „Lubelskie Laboratorium Biostymulatorów i Bioprotektantów”, nr FELU.01.01-IZ.00-0008/24",bazakonk,https://bazakonkurencyjnosci.funduszeeuropejskie.gov.pl/ogloszenia/285418
2026-07-20,"Uniwersytet Przyrodniczy w Lublinie",uczelnia_nauka,sprzet_it,0,"„Lubelskie Laboratorium Biostymulatorów i Bioprotektantów”",bazakonk,https://bazakonkurencyjnosci.funduszeeuropejskie.gov.pl/ogloszenia/285539
2026-07-20,"Urząd Marszałkowski Województwa Śląskiego",samorzad,szkolenie,0,"Organizacja i przeprowadzenie indywidualnych kursów języka angielskiego z uzyskaniem certyfikatu odpowiadającego standardom CEFR, online, w czasie rzeczywistym, dla maksymalnie 35 osób.",bazakonk,https://bazakonkurencyjnosci.funduszeeuropejskie.gov.pl/ogloszenia/285523
2026-07-20,"WEBSENSA Spółka z ograniczoną odpowiedzialnością",firma_prywatna,badania_rd,0,"ZAPYTANIE OFERTOWE nr 17_2026_05.01.01_003F z dnia 20 lipca 2026 r. na wybór wykonawcy prac badawczo – rozwojowych – Senior Fullstack Developer 2.",bazakonk,https://bazakonkurencyjnosci.funduszeeuropejskie.gov.pl/ogloszenia/285604
2026-07-20,"WEBSENSA Spółka z ograniczoną odpowiedzialnością",firma_prywatna,sprzet_it,0,"ZAPYTANIE OFERTOWE nr 13_2026_05.01.01_003F z dnia 20 lipca 2026 r.na zakup i dostawę 8 sztuk wysokowydajnych komputerów.",bazakonk,https://bazakonkurencyjnosci.funduszeeuropejskie.gov.pl/ogloszenia/285588
2026-07-20,"WEBSENSA Spółka z ograniczoną odpowiedzialnością",firma_prywatna,badania_rd,1,"ZAPYTANIE OFERTOWE nr 15_2026_05.01.01_003F z dnia 20 lipca 2026 r. na wybór wykonawcy prac badawczo – rozwojowych – Prompt Engineer 1.",bazakonk,https://bazakonkurencyjnosci.funduszeeuropejskie.gov.pl/ogloszenia/285596
2026-07-20,"WEBSENSA Spółka z ograniczoną odpowiedzialnością",firma_prywatna,badania_rd,0,"ZAPYTANIE OFERTOWE nr 16_2026_05.01.01_003F z dnia 20 lipca 2026 r. na wybór wykonawcy prac badawczo – rozwojowych – Senior Fullstack Developer 1.",bazakonk,https://bazakonkurencyjnosci.funduszeeuropejskie.gov.pl/ogloszenia/285602
2026-07-20,"Województwo Łódzkie",samorzad,szkolenie,1,"Usługa szkolenia dla pracowników zatrudnionych w Centrum Obsługi Przedsiębiorcy pt. „Możliwość wykorzystania sztucznej inteligencji (AI) w administracji publicznej”, obejmująca zapewnienie sali konferencyjnej, wyżywienia, noclegu oraz transportu; sygnatura postępowania: WK-SZP.260.27.2026",bazakonk,https://bazakonkurencyjnosci.funduszeeuropejskie.gov.pl/ogloszenia/285376
2026-07-20,"Województwo Mazowieckie",samorzad,inne,0,"Wyprodukowanie oraz dostawa nowych pakietów powitalnych dla noworodków na rzecz podmiotów leczniczych, dla których Zamawiający jest organem tworzącym lub w których posiada udziały",ted,https://ted.europa.eu/pl/notice/-/detail/498392-2026
2026-07-20,"WSPÓLNOTA MIESZKANIOWA ""POD ZEGAREM"" PRZY UL. UŁAŃSKIEJ NR 6 W ŚWIDNICY",inne,inne,0,"Poprawa efektywności energetycznej budynku mieszkalnego przy ul. Ułańskiej 6 w Świdnicy jako element transformacji energetycznej subregionu wałbrzyskiego.",bazakonk,https://bazakonkurencyjnosci.funduszeeuropejskie.gov.pl/ogloszenia/285341
2026-07-20,"Zakład Wodociągów, Kanalizacji i Energetyki Cieplnej Sp. z o.o.",spolka_komunalna,uslugi_it,0,"Dostawa sprzętu i oprogramowania w ramach projektu ""Cyberbezpieczne Wodociągi""",bazakonk,https://bazakonkurencyjnosci.funduszeeuropejskie.gov.pl/ogloszenia/285498
2026-07-20,"Zakłady Farmaceutyczne Polpharma SA",firma_prywatna,sprzet_it,0,"INC/16/PR156435/PR158918/ 2026-106897-285414 zakup i dostawa kolumn chromatograficznych i prekolumn",bazakonk,https://bazakonkurencyjnosci.funduszeeuropejskie.gov.pl/ogloszenia/285414
2026-07-19,"Fundacja Challenge Europe",ngo,inne,0,"ZAPYTANIE OFERTOWE NR 10/FCE/LZ/2026 ""Lepsza jakość życia!""",bazakonk,https://bazakonkurencyjnosci.funduszeeuropejskie.gov.pl/ogloszenia/285493
2026-07-19,"MTM <mark>Modele</mark> Spółka z ograniczoną odpowiedzialnością",firma_prywatna,badania_rd,0,"Usługi B+R – ekspert ds. analizy właściwości eksploatacyjnych materiałów i modeli odlewniczych",bazakonk,https://bazakonkurencyjnosci.funduszeeuropejskie.gov.pl/ogloszenia/285479
2026-07-18,"POWSZECHNA KASA OSZCZĘDNOŚCI BANK POLSKI SPÓŁKA AKCYJNA",firma_prywatna,wdrozenie_ai,1,"Zaprojektowanie i opracowanie przez PKO BP systemu predykcyjnego umożliwiającego przewidywanie wartości wybranych aktywów cyfrowych",bazakonk,https://bazakonkurencyjnosci.funduszeeuropejskie.gov.pl/ogloszenia/285451
2026-07-17,"""Wodociągi Kieleckie"" Sp. z o.o.",spolka_komunalna,sprzet_it,0,"DOSTAWA, WDROŻENIE I URUCHOMIENIE SPRZĘTU I OPROGRAMOWANIA DLA POTRZEB CYBERBEZPIECZEŃSTWA – CZĘŚĆ 3",bazakonk,https://bazakonkurencyjnosci.funduszeeuropejskie.gov.pl/ogloszenia/285325
2026-07-17,"AMAZEMET Sp. z o.o.",firma_prywatna,inne,0,"Dostawa argonu na potrzeby przeprowadzenia procesów druku 3D, atomizacji",bazakonk,https://bazakonkurencyjnosci.funduszeeuropejskie.gov.pl/ogloszenia/285381
2026-07-17,"Ambient-<mark>System</mark> Sp. z o.o.",firma_prywatna,inne,0,"Kopia Wzmocnienie potencjału eksportowego Ambient - System Sp. z o.o. na rynkach międzynarodowych poprzez promowanie marki produktowej smartVES i Marki Polskiej Gospodarki",bazakonk,https://bazakonkurencyjnosci.funduszeeuropejskie.gov.pl/ogloszenia/285328
2026-07-17,"ANGA Uszczelnienia Mechaniczne sp. z o.o.",firma_prywatna,badania_rd,0,"Opracowanie, komercjalizacja i wdrożenie innowacyjnego uszczelnienia mechanicznego przeznaczonego do pomp wysokociśnieniowych",bazakonk,https://bazakonkurencyjnosci.funduszeeuropejskie.gov.pl/ogloszenia/285444
2026-07-17,"BIOCAM SPÓŁKA AKCYJNA",firma_prywatna,badania_rd,0,"ZAPYTANIE OFERTOWE NR 3/FEDS/BK/2026 Usługa przeprowadzenia specjalistycznych badań klinicznych .",bazakonk,https://bazakonkurencyjnosci.funduszeeuropejskie.gov.pl/ogloszenia/285397
2026-07-17,"Centrum Doskonalenia Kadr Ewa Perlińska - Nowak",ngo,szkolenie,0,"Przepis na pracę",bazakonk,https://bazakonkurencyjnosci.funduszeeuropejskie.gov.pl/ogloszenia/285401
2026-07-17,"Centrum Rozwoju Społeczno-Ekonomicznego",samorzad,inne,0,"ZAPYTANIE OFERTOWE nr 27/2026/MI/TŁ dotyczące realizacji usług: tłumaczenia ustnego część A: Przeprowadzenie usługi tłumaczenia ustnego konsekutywnego (następczego) z języka ukraińskiego na język polski oraz z języka polskiego na język ukraiński podczas indywidulanych spotkań uczestników projektu z doradcą zawodowym oraz psychologiem w ramach usług doradztwa zawodowego i psychologa - przygotowanie indywidualnej ścieżki wsparcia; tłumaczenia ustnego część B: Przeprowadzenie usługi tłumaczenia ustnego konsekutywnego (następczego) z języka ukraińskiego na język polski oraz z j",bazakonk,https://bazakonkurencyjnosci.funduszeeuropejskie.gov.pl/ogloszenia/285429
2026-07-17,"Core Logic Sp. z o.o.",firma_prywatna,badania_rd,0,"Usługa badawcza mająca na celu opracowanie nowego typu mikro-napędu.",bazakonk,https://bazakonkurencyjnosci.funduszeeuropejskie.gov.pl/ogloszenia/285463
2026-07-17,"Crido Business & Digital Services Sp. z o.o.",firma_prywatna,wdrozenie_ai,1,"Dostawa narzędzia opartego na sztucznej inteligencji (AI), wspierającego automatyzację zarządzania ryzykiem cyberbezpieczeństwa dla rozwiązań opartych na AI, realizowana poprzez udzielenie licencji na warunkach określonych w załączonej umowie, w celu jego wykorzystania i sublicencjonowania przez licencjobiorcę (dalej jako: „Platforma”) wraz z dostarczeniem kompletu materiałów i dokumentów niezbędnych do jego uruchomienia, konfiguracji i efektywnego wykorzystania oraz przeniesieniem praw autorskich do tych materiałów, zgodnie z postanowieniami załączonej umowy.",bazakonk,https://bazakonkurencyjnosci.funduszeeuropejskie.gov.pl/ogloszenia/285326
2026-07-17,"Crido Business & Digital Services Sp. z o.o.",firma_prywatna,wdrozenie_ai,1,"Dostawa narzędzia opartego na sztucznej inteligencji (AI), wspierającego wybrane obszary funkcjonalne organizacji, realizowana poprzez udzielenie licencji na warunkach określonych w załączonej umowie, w celu jego wykorzystania i sublicencjonowania przez licencjobiorcę (dalej jako: „Dostawa Systemu AI”). Zakres zamówienia obejmuje również dostawę kompletu materiałów i dokumentów wraz z przekazaniem praw autorskich zgodnie z załączoną umową, przeznaczonych do realizacji przez Licencjobiorcę kompleksowej usługi w zakresie analizy potencjału wykorzystania sztucznej inteligencji",bazakonk,https://bazakonkurencyjnosci.funduszeeuropejskie.gov.pl/ogloszenia/285324
2026-07-17,"Elbląskie Przedsiębiorstwo Energetyki Cieplnej  Sp. z o.o.",spolka_komunalna,sprzet_it,0,"Dostawa i konfiguracja wyposażenia serwerowni",bazakonk,https://bazakonkurencyjnosci.funduszeeuropejskie.gov.pl/ogloszenia/285362
2026-07-17,"Elektrociepłownia Piotrków Trybunalski sp. z o. o. w Piotrkowie Trybunalskim",spolka_komunalna,inne,0,"Poprawa efektywności poprzez przebudowę systemu ciepłowniczego w Piotrkowie Trybunalskim",bazakonk,https://bazakonkurencyjnosci.funduszeeuropejskie.gov.pl/ogloszenia/285071
2026-07-17,"ENEA Operator Sp. z o.o.",spolka_komunalna,inne,0,"Dostawa osprzętu do linii nieizolowanych i izolowanych dla potrzeb ENEA Operator sp. z o.o., Zad. I - osprzęt do linii napowietrznych gołych, Zad. II - zacisk do połączeń przewodów izolowanych z kablem, Zad. III - zaciski prądowe i uchwyty pętlicowe",ted,https://ted.europa.eu/pl/notice/-/detail/495747-2026
2026-07-17,"Energy Solution EPC SP. z o.o.",firma_prywatna,inne,0,"BOS ZAGÓRZYCA",bazakonk,https://bazakonkurencyjnosci.funduszeeuropejskie.gov.pl/ogloszenia/283945
2026-07-17,"Energy Solution EPC SP. z o.o.",firma_prywatna,inne,0,"BOS LIPNO",bazakonk,https://bazakonkurencyjnosci.funduszeeuropejskie.gov.pl/ogloszenia/283934
2026-07-17,"Energy Solution EPC SP. z o.o.",firma_prywatna,inne,0,"BOS CHAŁUPKI",bazakonk,https://bazakonkurencyjnosci.funduszeeuropejskie.gov.pl/ogloszenia/283944
2026-07-17,"Fundacja ""Dla naszych dzieci""",ngo,inne,0,"Dostawa z montażem elementów architektury edukacyjnej w ramach projektu ""Rozwój oferty przedszkola Jaś i Małgosia poprzez utworzenie nowych miejsc przedszkolnych w Sandomierzu""",bazakonk,https://bazakonkurencyjnosci.funduszeeuropejskie.gov.pl/ogloszenia/285454
2026-07-17,"Gmina Bielawa",samorzad,badania_rd,0,"Opracowanie Miejskiego Planu Adaptacji do zmian klimatu dla Gminy Bielawa wraz z organizacją partycypacji społecznej",bazakonk,https://bazakonkurencyjnosci.funduszeeuropejskie.gov.pl/ogloszenia/285367
2026-07-17,"Gmina Miejska Lidzbark Warmiński",samorzad,uslugi_it,0,"Wykonanie dokumentacji Systemu Zarządzania Bezpieczeństwem Informacji (SZBI), audytu cyberbezpieczeństwa oraz wypełnienie Ankiety Dojrzałości Cyberbezpieczeństwa w Jednostkach Samorządu Terytorialnego w ramach Projektu: „Poprawa cyberbezpieczeństwa w Gminie Miejskiej Lidzbark Warmiński”",bazakonk,https://bazakonkurencyjnosci.funduszeeuropejskie.gov.pl/ogloszenia/285400
2026-07-17,"Gracio Paweł Łukaszewski",firma_prywatna,uslugi_it,0,"Zakup usług programistycznych w celu do stworzenia trzech sklepów internetowych na platformie Shoper wraz ze szkoleniami z ich obsługi",bazakonk,https://bazakonkurencyjnosci.funduszeeuropejskie.gov.pl/ogloszenia/285452
2026-07-17,"Instytut Technologii Bezpieczeństwa ""MORATEX""",uczelnia_nauka,uslugi_it,0,"Opracowanie dokumentacji aplikacyjnej do konkursu o dofinansowanie ze środków programu Fundusze Europejskie dla Łódzkiego 2021-2027 Priorytet FELD.01 Fundusze Europejskie dla innowacyjnego łódzkiego Działanie FELD.01.04 Cyfryzacja – typ 2 (typ projektu).",bazakonk,https://bazakonkurencyjnosci.funduszeeuropejskie.gov.pl/ogloszenia/285319
2026-07-17,"Kruko Global Sp. z o.o.",firma_prywatna,uslugi_it,1,"Kopia Świadczenie usług eksperckich z dziedziny IT na potrzeby realizacji Zadania nr 1 w ramach projektu pn. „Voicesphere platforma AI do automatyzacji obsługi klienta”",bazakonk,https://bazakonkurencyjnosci.funduszeeuropejskie.gov.pl/ogloszenia/285286
2026-07-17,"Miejski Ośrodek Pomocy Społecznej",samorzad,sprzet_it,0,"Dostawa walizek do monitorowania stanu zdrowia (na odległość) dla jednocześnie maksymalnie 10 osób korzystających ze wsparcia Miejskiego Ośrodka Pomocy Społecznej w Kędzierzynie-Koźlu wraz z zapewnieniem całodobowego monitoringu przez Centrum Teleopieki. Zadanie finansowane jest w ramach Szwajcarsko-Polskiego Programu Współpracy pn. „ReGeneracja Kędzierzyna-Koźla. Społeczne, środowiskowe i kulturowe inicjatywy na rzecz rozwoju Młodego Miasta”, realizowanego na terenie Gminy Kędzierzyn-Koźle.",bazakonk,https://bazakonkurencyjnosci.funduszeeuropejskie.gov.pl/ogloszenia/285100
2026-07-17,"NADLEŚNICTWO SZCZYTNO",administracja_centralna,inne,0,"„Razem dla natury – ochrona gatunków i siedlisk na terenach cennych przyrodniczo” OPL2",bazakonk,https://bazakonkurencyjnosci.funduszeeuropejskie.gov.pl/ogloszenia/285411
2026-07-17,"Novacode Spółka z ograniczoną odpowiedzialnością",firma_prywatna,oprogramowanie,0,"Moduł klasy OMS do tworzenia ofert sprzedażowych wraz z automatycznym generowaniem zamówień sprzedażowych w zintegrowanym środowisku systemowym w przedsiębiorstwie",bazakonk,https://bazakonkurencyjnosci.funduszeeuropejskie.gov.pl/ogloszenia/285332
2026-07-17,"Ogólnopolska Federacja na rzecz Rozwiązywania Problemu Bezdomności",ngo,szkolenie,0,"Szkolenia z DI dla organizacji pozarządowych - 4 części",bazakonk,https://bazakonkurencyjnosci.funduszeeuropejskie.gov.pl/ogloszenia/285351
2026-07-17,"Państwowe Gospodarstwo Wodne Wody Polskie",administracja_centralna,inne,0,"Zakup znaków nawigacyjnych dla Zarządu Zlewni w Opolu",ted,https://ted.europa.eu/pl/notice/-/detail/496544-2026
2026-07-17,"Phoenix Systems Sp. z o.o.",firma_prywatna,uslugi_it,0,"Wykonanie audytu bezpieczeństwa systemu operacyjnego Phoenix-RTOS w ramach realizacji projektu pn: System operacyjny Phoenix-RTOS – fundament dla Distributed Multi Provider Cloud-Edge-IoT Continuum",bazakonk,https://bazakonkurencyjnosci.funduszeeuropejskie.gov.pl/ogloszenia/285348
2026-07-17,"Polskie Porty Lotnicze S.A.",firma_prywatna,inne,0,"Sprzedaż i dostawa przez wykonawcę/wykonawców 31 szt. dyspozycyjnych, operacyjnych i dodatkowych samochodów użytkowych dla Lotniska Chopina w Warszawie i Lotniska Zielona Góra-Babimost",ted,https://ted.europa.eu/pl/notice/-/detail/494486-2026
2026-07-17,"Przedsiębiorstwo Produkcyjno-Handlowo-Usługowe GOLBALUX Spółka z ograniczoną odpowiedzialnością",firma_prywatna,inne,0,"dostawa ŚT w postaci urządzeń do obróbki drewna",bazakonk,https://bazakonkurencyjnosci.funduszeeuropejskie.gov.pl/ogloszenia/285457
2026-07-17,"SANTE Spółka z ograniczoną odpowiedzialnością",firma_prywatna,badania_rd,0,"Zakup i dostawa surowców niezbędnych do realizacji prac badawczo-rozwojowych ukierunkowanych na opracowanie receptury oraz technologii wytwarzania innowacyjnych batonów o zróżnicowanej strukturze (multiteksturalnych).",bazakonk,https://bazakonkurencyjnosci.funduszeeuropejskie.gov.pl/ogloszenia/285410
2026-07-17,"Screenmed spółka z ograniczoną odpowiedzialnością",firma_prywatna,badania_rd,0,"„Funkcjonalizowane nanocząstki magnetokatalityczne w systemach lab-on-foil i mikrofluidyce cyfrowej do detekcji biomarkerów medycznych (StepDiag).”",bazakonk,https://bazakonkurencyjnosci.funduszeeuropejskie.gov.pl/ogloszenia/285365
2026-07-17,"SEWIK Tatrzańska Komunalna Grupa Kapitałowa",spolka_komunalna,inne,0,"„Działania informacyjno-promocyjne dla projektu FENX: Uporządkowanie gospodarki wodno-ściekowej w aglomeracji Zakopane – etap III” realizowane w ramach Umowy o dofinansowanie nr FENX.01.03-IW.01-0013/25 z dn. 27.01.2026 r. Projektu „Uporządkowanie gospodarki wodno-ściekowej na terenie aglomeracji Zakopane - etap III” nr FENX.01.03-IW.01-0013/25 w ramach działania FENX.01.03 Gospodarka wodno‐ściekowa, priorytetu FENX.01 Wsparcie sektorów energetyka i środowisko z Funduszu Spójności programu Fundusze Europejskie na Infrastrukturę, Klimat, Środowisko 2021-2027",bazakonk,https://bazakonkurencyjnosci.funduszeeuropejskie.gov.pl/ogloszenia/285191
2026-07-17,"SLW BIOLAB Weterynaryjne Laboratorium Diagnostyczne spółka cywilna",firma_prywatna,badania_rd,0,"Zapytanie ofertowe nr BIOLAB/FEWM.01.02-02/2024/1.20 na dostawę materiałów do prowadzenia badań w zakresie zadania pod nazwą „Optymalizacja procesów zabezpieczania materiału biologicznego pod produkcję antygenów do szczepionek autogenicznych” w ramach projektu „Opracowanie innowacyjnych szczepionek autogenicznych dla zwierząt gospodarskich” dofinansowanego w ramach działania 1.2 „Działalność B+R+I przedsiębiorstw” dla Funduszy Europejskich dla Warmii i Mazur 2021-2027.",bazakonk,https://bazakonkurencyjnosci.funduszeeuropejskie.gov.pl/ogloszenia/285434
2026-07-17,"Uczelnia Techniczno-Handlowa im. Heleny Chodkowskiej",uczelnia_nauka,szkolenie,0,"UTH4.0/2026/07/03 kompleksowa realizacja certyfikowanego szkolenia: Diagnostyka pojazdów i analiza danych wypadkowych w oparciu o odczyty elektronicznych systemów pokładowych.",bazakonk,https://bazakonkurencyjnosci.funduszeeuropejskie.gov.pl/ogloszenia/285334
2026-07-17,"Uniwersytet Jana Kochanowskiego w Kielcach",uczelnia_nauka,oprogramowanie,0,"Wykonanie i wdrożenie aplikacji mobilnej",bazakonk,https://bazakonkurencyjnosci.funduszeeuropejskie.gov.pl/ogloszenia/285364
2026-07-17,"Uniwersytet WSB Merito w Poznaniu",uczelnia_nauka,szkolenie,0,"Wybór trenera/ki do przygotowania i realizacji szkoleń z emisji głosu dla kadry dydaktycznej Uniwersytetu WSB Merito w Poznaniu",bazakonk,https://bazakonkurencyjnosci.funduszeeuropejskie.gov.pl/ogloszenia/285424
2026-07-17,"Uniwersytet WSB Merito w Poznaniu",uczelnia_nauka,inne,0,"Kompleksowa usługa hotelowo-konferencyjna dla uczestników studiów podyplomowych PSZ",bazakonk,https://bazakonkurencyjnosci.funduszeeuropejskie.gov.pl/ogloszenia/285378
2026-07-17,"WSPÓLNOTA MIESZKANIOWA PRZY UL. DĘBOWEJ NR 8 W ŚWIDNICY",inne,inne,0,"Renowacja zwiększająca efektywność energetyczną budynku mieszkalnego przy ul. Dębowej 8 w Świdnicy",bazakonk,https://bazakonkurencyjnosci.funduszeeuropejskie.gov.pl/ogloszenia/285467
2026-07-17,"WSPÓLNOTA MIESZKANIOWA PRZY UL. GEN. WŁADYSŁAWA SIKORSKIEGO NR 19 W ŚWIDNICY",inne,inne,0,"Renowacja zwiększająca efektywność energetyczną budynku mieszkalnego przy ul. Gen. Władysława Sikorskiego 19 w Świdnicy",bazakonk,https://bazakonkurencyjnosci.funduszeeuropejskie.gov.pl/ogloszenia/285464
2026-07-17,"WSPÓLNOTA MIESZKANIOWA PRZY UL. KSIĘCIA BOLKA ŚWIDNICKIEGO NR 17 W ŚWIDNICY",inne,inne,0,"Renowacja zwiększająca efektywność energetyczną budynku wspólnoty Wspólnota Mieszkaniowa Przy ul. Księcia Bolka Świdnickiego nr 17 w Świdnicy",bazakonk,https://bazakonkurencyjnosci.funduszeeuropejskie.gov.pl/ogloszenia/285462
2026-07-17,"Zakład Poligraficzny „Kolor-Druk” Bogusław Wcisło",firma_prywatna,inne,0,"Zakup instalacji OZE – instalacji fotowoltaicznej",bazakonk,https://bazakonkurencyjnosci.funduszeeuropejskie.gov.pl/ogloszenia/285428
2026-07-17,"ZGK PSARY SP. Z.O.O.",spolka_komunalna,uslugi_it,0,"Zamówienie na modernizację serwerów i sieci w obszarze technicznym IT oraz wdrożenie systemów monitorowania i ochrony sieci w obszarze technicznym OT w infrastrukturze wodociągowej (z podziałem na części).",bazakonk,https://bazakonkurencyjnosci.funduszeeuropejskie.gov.pl/ogloszenia/285415
2026-07-16,"„HENKOR” J.M. Kordylak Spółka Jawna",firma_prywatna,inne,0,"Zapytanie ofertowe nr 2/07/2026/FBiW na zakup używanej prasy z agregatem hydraulicznym (1 szt.)",bazakonk,https://bazakonkurencyjnosci.funduszeeuropejskie.gov.pl/ogloszenia/285236
2026-07-16,"CARGOUNIT Sp. z o.o.",firma_prywatna,inne,0,"Modernizacja taboru kolejowego CARGOUNIT Sp. z o. o.",bazakonk,https://bazakonkurencyjnosci.funduszeeuropejskie.gov.pl/ogloszenia/266741
2026-07-16,"CARITAS DIECEZJI KIELECKIEJ",ngo,oprogramowanie,0,"„Światło nadziei"" - system wsparcia środowiskowego osób niesamodzielnych w Caritas Diecezji Kieleckiej",bazakonk,https://bazakonkurencyjnosci.funduszeeuropejskie.gov.pl/ogloszenia/285187
2026-07-16,"Cityschool sp. z. o.o.",firma_prywatna,szkolenie,0,"Zapytanie ofertowe na realizację usług obejmujących szkolenia zawodowe i certyfikację zewnętrzną dla Uczestników/czek projektu ""Aktywność się opłaca!""",bazakonk,https://bazakonkurencyjnosci.funduszeeuropejskie.gov.pl/ogloszenia/285254
2026-07-16,"CLIMATIC Sp. z o.o. Sp.k.",firma_prywatna,badania_rd,0,"R-1.3-v2 Zapytanie ofertowe na wykonanie usług w postaci „Badanie współczynnika tarcia statycznego oraz wytrzymałości połączeń na rozciąganie""",bazakonk,https://bazakonkurencyjnosci.funduszeeuropejskie.gov.pl/ogloszenia/285229
2026-07-16,"FABRYKA OKIEN I DRZWI ”BAS” SPÓŁKA Z OGRANICZONĄ ODPOWIEDZIALNOŚCIĄ",firma_prywatna,inne,0,"Zapytanie ofertowe z dnia 16.07.2026 - okucia, osłonki, zawiasy, uszczelni, materiały dodatkowe",bazakonk,https://bazakonkurencyjnosci.funduszeeuropejskie.gov.pl/ogloszenia/285200
2026-07-16,"FABRYKA OKIEN I DRZWI ”BAS” SPÓŁKA Z OGRANICZONĄ ODPOWIEDZIALNOŚCIĄ",firma_prywatna,inne,0,"Uszczelki PPOŻ– 120mb",bazakonk,https://bazakonkurencyjnosci.funduszeeuropejskie.gov.pl/ogloszenia/285210
2026-07-16,"Fundacja na rzecz Collegium Polonicum",ngo,szkolenie,0,"ZAPYTANIE OFERTOWE nr 2/CW/2026_2 na organizację i przeprowadzenie szkoleń z zakresu komunikacji marketingowej, budowania wizerunku i public relations w sektorze NGO wraz z wydaniem dokumentu potwierdzającego uzyskanie kwalifikacji lub kompetencji",bazakonk,https://bazakonkurencyjnosci.funduszeeuropejskie.gov.pl/ogloszenia/285272
2026-07-16,"FUNDACJA ROZWOJU INICJATYW OBYWATELSKICH",ngo,szkolenie,0,"Zapytanie ofertowe nr 16/Łukowski/2026 - warsztaty",bazakonk,https://bazakonkurencyjnosci.funduszeeuropejskie.gov.pl/ogloszenia/285184
2026-07-16,"Fundacja Rozwoju Przemysłu",ngo,inne,0,"ZAPYTANIE OFERTOWE nr 1/ FESW.01.03-IZ.00-0004/24",bazakonk,https://bazakonkurencyjnosci.funduszeeuropejskie.gov.pl/ogloszenia/285073
2026-07-16,"GI4C Spółka z ograniczoną odpowiedzialnością",firma_prywatna,oprogramowanie,0,"ZAPYTANIE OFERTOWE NR 05/2026- System WMS ( licencja wieczysta) z wdrożeniem - 1 szt. wraz ze sprzętem peryferyjnym niezbędnym do obsługi systemu",bazakonk,https://bazakonkurencyjnosci.funduszeeuropejskie.gov.pl/ogloszenia/285280
2026-07-16,"Gmina Mikołajki Pomorskie",samorzad,sprzet_it,0,"Dostawa sprzętu komputerowego i elektronicznego dla Gminnego Centrum Kulturalno-Bibliotecznego w Mikołajkach Pomorskich",bazakonk,https://bazakonkurencyjnosci.funduszeeuropejskie.gov.pl/ogloszenia/285123
2026-07-16,"Gminny Ośrodek Pomocy Społecznej w Igołomi - Wawrzeńczycach",samorzad,szkolenie,0,"GOPS.271.7.2.2026 Prowadzenie zajęć z języka angielskiego realizowanych w ramach zadania dotyczącego realizacji zajęć dla dzieci w świetlicy specjalistycznej w gminie Igołomia – Wawrzeńczyce 32 -125 Igołomia realizowanych - projekt: „Rozwój placówek wsparcia dziennego dla dzieci i młodzieży w gminie Igołomia - Wawrzeńczyce”, współfinansowanego przez Unię Europejską w ramach środków Europejskiego Funduszu Społecznego Plus.",bazakonk,https://bazakonkurencyjnosci.funduszeeuropejskie.gov.pl/ogloszenia/285173
2026-07-16,"Inter Play A. Pawłowski, M. Soroka Sp. k.",firma_prywatna,sprzet_it,0,"Dostawa bramowego plotera frezującego przemysłowego – CNC",bazakonk,https://bazakonkurencyjnosci.funduszeeuropejskie.gov.pl/ogloszenia/285214
2026-07-16,"Komisja Krajowa Niezależny Samorządny Związek Zawodowy „Solidarność”",ngo,szkolenie,0,"""Zdrowi i aktywni w pracy - wsparcie aktywności zawodowej osób starszych"" Warsztaty Konsultacyjne Warszawa 18.09.2026",bazakonk,https://bazakonkurencyjnosci.funduszeeuropejskie.gov.pl/ogloszenia/285266
2026-07-16,"Komisja Krajowa Niezależny Samorządny Związek Zawodowy „Solidarność”",ngo,szkolenie,0,"""Zdrowi i aktywni w pracy - wsparcie aktywności zawodowej osób starszych"" Seminarium Upowszechniające 15.10.2026r. Gdańsk",bazakonk,https://bazakonkurencyjnosci.funduszeeuropejskie.gov.pl/ogloszenia/285316
2026-07-16,"Lokalna Grupa Działania Zielone Światło",ngo,szkolenie,0,"ZAPYTANIE OFERTOWE nr 2/2026/OWES na organizację i przeprowadzenie szkoleń z zakresu marketingu, promocji i zarządzania dla podmiotów ekonomii społecznej wraz z wydaniem dokumentu potwierdzającego uzyskanie kwalifikacji lub kompetencji.",bazakonk,https://bazakonkurencyjnosci.funduszeeuropejskie.gov.pl/ogloszenia/285268
2026-07-16,"Lubelska Szkoła Biznesu Sp. z o.o. Fundacji Rozwoju KUL",oswiata,szkolenie,0,"ZAPYTANIE OFERTOWE NR 08/S/ZTS",bazakonk,https://bazakonkurencyjnosci.funduszeeuropejskie.gov.pl/ogloszenia/285058
2026-07-16,"MAGDA PLANT-BASED SPÓŁKA Z OGRANICZONĄ ODPOWIEDZIALNOŚCIĄ",firma_prywatna,oprogramowanie,0,"Zapytanie ofertowe 08/2026 dotyczące wdrożenia systemu autoryzacji i kontroli dostępu do pomieszczeń przedsiębiorstwa, zgodnie z założeniami projektu transformacji cyfrowej, poprzez rozbudowę istniejącego systemu kontroli dostępu oraz wdrożenie zewnętrznych punktów autoryzacji wejścia.",bazakonk,https://bazakonkurencyjnosci.funduszeeuropejskie.gov.pl/ogloszenia/285295
2026-07-16,"Muzeum Historii Zydow Polskich Polin",inne,inne,0,"Zaprojektowanie, produkcja oraz wdrożenie projekcji mappingowej (wideomappingu 3D) na makiecie przestrzennej „Kraków/Kazimierz” na wystawie stałej Muzeum Historii Żydów Polskich POLIN. Zamówienie udzielane w ramach projektu predefiniowanego pn. „Żydowskie Dziedzictwo Kulturowe” dofinansowanego ze środków Norweskiego Mechanizmu Finansowego 2021-2028 (85%) oraz ze środków budżetu państwa (15%) w ramach Programu „Kultura”.",bazakonk,https://bazakonkurencyjnosci.funduszeeuropejskie.gov.pl/ogloszenia/285283
2026-07-16,"Novacode Spółka z ograniczoną odpowiedzialnością",firma_prywatna,oprogramowanie,0,"Zakup i wdrożenie systemu magazynowego klasy WMS z funcjonalnością komunikacji API umożliwiającą integrację z systemami sterowania autonomicznych wózków widłowych",bazakonk,https://bazakonkurencyjnosci.funduszeeuropejskie.gov.pl/ogloszenia/285277
2026-07-16,"Parafia Rzymsko-Katolicka pw. Najświętszej Maryi Panny Matki Kościoła",ngo,inne,0,"Kopia Dostawa kabli elektroenergetycznych i urządzeń towarzyszących",bazakonk,https://bazakonkurencyjnosci.funduszeeuropejskie.gov.pl/ogloszenia/285227
2026-07-16,"PGE Energia Ciepła S.A.",spolka_komunalna,inne,0,"Sukcesywna dostawa i montaż węzłów cieplnych dla PGE Energia Ciepła Oddział w Gorzowie Wielkopolskim",ted,https://ted.europa.eu/pl/notice/-/detail/491514-2026
2026-07-16,"PIK Instruments Sp. z o.o.",firma_prywatna,badania_rd,0,"Zapytanie ofertowe Nr 05/R/FENG/2026 na świadczenie usług Specjalisty ds. inżynierii materiałowej i preparatyki próbek w ramach projektu pn. „Konstrukcja nanotwardościomierza opartego o metalowy czujnik mikrosił wytworzony metodami przyrostowymi opartymi na elektrochemii”",bazakonk,https://bazakonkurencyjnosci.funduszeeuropejskie.gov.pl/ogloszenia/285147
2026-07-16,"POLITECHNIKA CZĘSTOCHOWSKA, Częstochowa",uczelnia_nauka,sprzet_it,1,"Dostawa robota humanoidalnego -1 szt. dla Katedry Sztucznej Inteligencji Politechniki Częstochowskiej",ezam,https://ezamowienia.gov.pl/mp-client/search/list/08dee325-e5e6-1988-ebd1-650001550ecf
2026-07-16,"Polski Związek Eksploratorów",ngo,szkolenie,0,"Rzecznictwo na rzecz edukacji - Przeprowadzenie szkoleń (mazowieckie)",bazakonk,https://bazakonkurencyjnosci.funduszeeuropejskie.gov.pl/ogloszenia/285299
2026-07-16,"Polski Związek Eksploratorów",ngo,szkolenie,0,"Rzecznictwo na rzecz edukacji - Przeprowadzenie szkoleń (świętokrzyskie)",bazakonk,https://bazakonkurencyjnosci.funduszeeuropejskie.gov.pl/ogloszenia/285297
2026-07-16,"Polski Związek Eksploratorów",ngo,szkolenie,0,"Rzecznictwo na rzecz edukacji - Przeprowadzenie szkoleń (opolskie)",bazakonk,https://bazakonkurencyjnosci.funduszeeuropejskie.gov.pl/ogloszenia/285294
2026-07-16,"Powiatowe Centrum Pomocy Rodzinie w Lęborku",samorzad,inne,0,"Usługa specjalistycznego wsparcia dla osób doświadczających przemocy i objętych interwencją kryzysową – konsultacje psychodietetyczne, indywidualne w ramach projektu pn. „Centrum wsparcia społecznego w powiecie lęborskim” w ramach umowy nr FEPM.05.17-IZ.00-0041/24-00 współfinansowanej ze środków Europejskiego Funduszu Społecznego Plus (EFS+) Priorytet 5 Fundusze europejskie dla silnego społecznie Pomorza (EFS+) Działanie 5.17. Usługi społeczne i zdrowotne w ramach programu Fundusze Europejskie dla Pomorza 2021-2027 (FEP 2021-2027).",bazakonk,https://bazakonkurencyjnosci.funduszeeuropejskie.gov.pl/ogloszenia/285263
2026-07-16,"Przedsiębiorstwo Gospodarki Komunalnej Sp. z o.o. w Zamościu",spolka_komunalna,uslugi_it,0,"„Poprawa cyberbezpieczeństwa w Przedsiębiorstwie Gospodarki Komunalnej Sp. z o.o. w Zamościu”",bazakonk,https://bazakonkurencyjnosci.funduszeeuropejskie.gov.pl/ogloszenia/285086
2026-07-16,"Przedsiębiorstwo Wodno-Kanalizacyjne ""Eko-Skawa"" Sp. z.o.o",spolka_komunalna,inne,0,"System wodno-kanalizacyjny dorzecza górnej Skawy w miejscowości Grzechynia i Maków Podhalański",bazakonk,https://bazakonkurencyjnosci.funduszeeuropejskie.gov.pl/ogloszenia/285237
2026-07-16,"Stowarzyszenie dla Europy",ngo,inne,0,"„IGŁA - Koncepcja z tołkiem na siebie”",bazakonk,https://bazakonkurencyjnosci.funduszeeuropejskie.gov.pl/ogloszenia/285226
2026-07-16,"TELE-FONIKA KABLE S.A.",firma_prywatna,badania_rd,0,"Opracowanie projektu, dostarczenie i uruchomienie nowej linii skręcającej wraz z układem uszczelniania skręcanej żyły roboczej zwaną dalej linią skręcającą Development of a design, delivery and commissioning of a new stranding line with a sealing system for the twisted cores hereinafter referred to as the stranding line.",bazakonk,https://bazakonkurencyjnosci.funduszeeuropejskie.gov.pl/ogloszenia/285217
2026-07-16,"TOMSTAL Grzegorz Tomczyk",firma_prywatna,inne,0,"ZO/TOMSTAL/03/2026 - dostawa spawarki MIG/MAG oraz przecinarki taśmowej",bazakonk,https://bazakonkurencyjnosci.funduszeeuropejskie.gov.pl/ogloszenia/285216
2026-07-16,"Uniwersytet Rzeszowski",uczelnia_nauka,sprzet_it,0,"Polska – Sprzęt laboratoryjny, optyczny i precyzyjny (z wyjątkiem szklanego) – SSprzedaż i dostawa zestawu do badań aktywności mikrobiolgicznej odpadów dla Wydziału Technologiczno – Przyrodniczego",ted,https://ted.europa.eu/pl/notice/-/detail/493097-2026
2026-07-16,"Wspólnota Mieszkaniowa Pomorska 74-76",inne,inne,0,"Modernizacja instalacji grzewczej poprzez wymianę kotłów na węgiel w lokalach mieszkalnych budynku Wspólnoty Mieszkaniowej Pomorska 74-76 w Suchaniu na pompy ciepła i klimatyzatory z funkcją grzania oraz cwu.",bazakonk,https://bazakonkurencyjnosci.funduszeeuropejskie.gov.pl/ogloszenia/285141
2026-07-16,"WSPÓLNOTA MIESZKANIOWA PRZY UL. DŁUGIEJ NR 52 W ŚWIDNICY",inne,inne,0,"Renowacja zwiększająca efektywność energetyczną budynku wspólnoty Wspólnota Mieszkaniowa przy ul. Długiej nr 52 w Świdnicy",bazakonk,https://bazakonkurencyjnosci.funduszeeuropejskie.gov.pl/ogloszenia/285302
2026-07-16,"Zakład Gospodarki Komunalnej i Mieszkaniowej w Kamieniu Krajeńskim Sp. z o.o.",spolka_komunalna,uslugi_it,0,"Zwiększenie cyberodporności i ciągłości działania Zakładu Gospodarki Komunalnej i Mieszkaniowej w Kamieniu Krajeńskim Sp. z o.o. poprzez wdrożenie nowoczesnych rozwiązań, modernizację infrastruktury oraz podniesienie kompetencji personelu” w ramach Inwestycji C3.1.1 „Cyberbezpieczeństwo - CyberPL” - Cyberbezpieczne Wodociągi, finansowanego z Krajowego Planu Odbudowy i Zwiększania Odporności.",bazakonk,https://bazakonkurencyjnosci.funduszeeuropejskie.gov.pl/ogloszenia/285070
2026-07-16,"Zakład Wodociągów i Kanalizacji Sp. z o.o.",spolka_komunalna,uslugi_it,0,"""Wzmocnienie cyberodporności sieci IT i OT oraz ciągłości działania w Zakładzie Wodociągów i Kanalizacji Sp. z o.o. Świecie poprzez wdrożenie kluczowych środków technicznych oraz rozwój kompetencji.""",bazakonk,https://bazakonkurencyjnosci.funduszeeuropejskie.gov.pl/ogloszenia/285077
2026-07-16,"ZBÓR KOŚCIOŁA CHRZEŚCIJAN BAPTYSTÓW W EŁKU",ngo,inne,0,"Kopia Równy dostęp do dobrej jakościowo oferty kształcenia przedszkolnego poprzez tworzenie nowych miejsc edukacji przedszkolnej i zwiększenie atrakcyjności edukacji przedszkolnej w Chrześcijańskim Centrum Wsparcia Rodziny w Ełku",bazakonk,https://bazakonkurencyjnosci.funduszeeuropejskie.gov.pl/ogloszenia/285291
2026-07-16,"Zespół Szkół nr 2 im. prof. Janusza Groszkowskiego w Pabianicach",oswiata,szkolenie,0,"Nowoczesne kształcenie zawodowe w obszarze ochrony środowiska i zielonych technologii",bazakonk,https://bazakonkurencyjnosci.funduszeeuropejskie.gov.pl/ogloszenia/285309
2026-07-15,"„SADEX” Spółka z ograniczoną odpowiedzialnością",firma_prywatna,inne,0,"Zakup suwnicy wraz z budową wewnętrznego torowiska (estakady)",bazakonk,https://bazakonkurencyjnosci.funduszeeuropejskie.gov.pl/ogloszenia/284325
2026-07-15,"Agencja Mienia Wojskowego",administracja_centralna,inne,0,"Usługę całodobowej ochrony fizycznej BP AMW",ted,https://ted.europa.eu/pl/notice/-/detail/488210-2026
2026-07-15,"BART SP. Z O.O.",firma_prywatna,inne,0,"Dostawa i montaż REGAŁÓW MAGAZYNOWYCH PRZEZNACZONYCH DO MAGAZYNOWANIA SUROWCÓW DLA AUTOMATU DOZUJĄCEGO DO PRODUKCJI AROMATÓW.",bazakonk,https://bazakonkurencyjnosci.funduszeeuropejskie.gov.pl/ogloszenia/285013
2026-07-15,"Bartosz Skuza ""TARTAK""",firma_prywatna,inne,0,"Wzrost konkurencyjności i rozwój potencjału produktowego oraz produkcyjnego przedsiębiorstwa Bartosz Skuza TARTAK poprzez realizację działań inwestycyjnych, których efektem będzie wdrożenie do działalności przedsiębiorstwa nowego produktu w postaci drewna konstrukcyjnego C24 zgodnie z normami UE: EN 14081-1:2005+A1:2011 oraz dodatkowo nowych i ulepszonych produktów na jego bazie, w tym: skrzynkopalety; belki struganej; palety, deski szalufkowej oraz przenośnych drewnianych podjazdów",bazakonk,https://bazakonkurencyjnosci.funduszeeuropejskie.gov.pl/ogloszenia/284377
2026-07-15,"Bodyscope Sp. z o.o.",firma_prywatna,badania_rd,1,"ZAPYTANIE OFERTOWE nr 02/2026 - wykonanie zaawansowanej optymalizacji modeli pod kątem parametrów diagnostycznych (czułość i swoistość), klasyfikacji zmian oraz rozwiązanie problemu nierównowagi klas w danych dermatologicznych",bazakonk,https://bazakonkurencyjnosci.funduszeeuropejskie.gov.pl/ogloszenia/285140
2026-07-15,"CARITAS DIECEZJI KIELECKIEJ",ngo,inne,0,"""Światło Nadziei"" system wsparcia środowiskowego osób niesamodzielnych w Caritas Diecezji Kieleckiej",bazakonk,https://bazakonkurencyjnosci.funduszeeuropejskie.gov.pl/ogloszenia/285009
2026-07-15,"Centrum Rozwoju Społeczno-Ekonomicznego",ngo,szkolenie,0,"ZAPYTANIE OFERTOWE nr 26/2026/MI/SZK dotyczące realizacji szkolenia „Marketing i sprzedaż z obsługą kasy fiskalnej” (w tym zapewnienie kadry trenerskiej, materiałów szkoleniowych, sal szkoleniowych, ubezpieczenia NNW oraz egzaminu) – część A, usługi cateringowej podczas usługi szkoleniowej – część B dla uczestników projektu „Most Integracji – Podkarpackie Centrum Wsparcia OPT”, prowadzone w oparciu o zasadę konkurencyjności.",bazakonk,https://bazakonkurencyjnosci.funduszeeuropejskie.gov.pl/ogloszenia/285125
2026-07-15,"Centrum Szkoleń i Innowacji sp. z o. o.",firma_prywatna,szkolenie,0,"Lokalny Ośrodek Kształcenia - Podregion Warszawski Wschodni",bazakonk,https://bazakonkurencyjnosci.funduszeeuropejskie.gov.pl/ogloszenia/284749
2026-07-15,"Centrum Usług Społecznych w Kluczach",samorzad,inne,0,"„Bo liczy się człowiek” Projekt współfinansowany jest ze środków Unii Europejskiej w ramach Europejskiego Funduszu Społecznego Plus Program Fundusze Europejskie dla Małopolski 2021-2027, Priorytet 6 Fundusze europejskie dla rynku pracy, edukacji i włączenia społecznego, Działanie 6.26 Integracja społeczna osób w szczególnie trudnej sytuacji życiowej, Typ projektu: A. Działania mające na celu integrację osób w szczególnej sytuacji realizowane przez gminy i powiaty.",bazakonk,https://bazakonkurencyjnosci.funduszeeuropejskie.gov.pl/ogloszenia/285018
2026-07-15,"ELKOL SPÓŁKA Z OGRANICZONĄ ODPOWIEDZIALNOŚCIĄ",firma_prywatna,uslugi_it,0,"Analiza cyberbezpieczeństwa systemu",bazakonk,https://bazakonkurencyjnosci.funduszeeuropejskie.gov.pl/ogloszenia/285067
2026-07-15,"ESKULAP BIS S.C. Ewa Molska Stanisław Molski ",szpital_zdrowie,inne,0,"„Rozwój ambulatoryjnej opieki specjalistycznej oraz leczenia jednego dnia w Szpitalu Eskulap w Osielsku""",bazakonk,https://bazakonkurencyjnosci.funduszeeuropejskie.gov.pl/ogloszenia/285050
2026-07-15,"Fundacja ""Integracja JP II""",ngo,inne,0,"„Rozszerzenie oferty Centrum wsparcia Dziennego „TRATWA”",bazakonk,https://bazakonkurencyjnosci.funduszeeuropejskie.gov.pl/ogloszenia/285148
2026-07-15,"Fundacja Challenge Europe",ngo,inne,0,"ZAPYTANIE OFERTOWE 13-SNNS-SZ13-2026",bazakonk,https://bazakonkurencyjnosci.funduszeeuropejskie.gov.pl/ogloszenia/285139
2026-07-15,"Give a Hand Aleksandra Rozmarynowska",firma_prywatna,szkolenie,0,"Nowoczesny rynek pracy",bazakonk,https://bazakonkurencyjnosci.funduszeeuropejskie.gov.pl/ogloszenia/285095
2026-07-15,"Gmina Czarny Dunajec",samorzad,inne,0,"„Zielone Podhale - zagospodarowanie strefy parkowej w Czarnym Dunajcu”, współfinansowanego przez Unię Europejską z Europejskiego Funduszu Rozwoju Regionalnego w ramach Programu Fundusze Europejskie dla Małopolski 2021-2027",bazakonk,https://bazakonkurencyjnosci.funduszeeuropejskie.gov.pl/ogloszenia/285038
2026-07-15,"Gmina Czempiń",samorzad,inne,0,"Kopia Rozwój infrastruktury rekreacyjno-sportowej na terenie Gminy Czempiń",bazakonk,https://bazakonkurencyjnosci.funduszeeuropejskie.gov.pl/ogloszenia/285030
2026-07-15,"GMINA ŁADZICE",samorzad,inne,0,"„Szkoła nowego wymiaru”",bazakonk,https://bazakonkurencyjnosci.funduszeeuropejskie.gov.pl/ogloszenia/285048
2026-07-15,"Gmina Miejska Giżycko",samorzad,uslugi_it,0,"Zapytanie ofertowe na zaprojektowanie i wytworzenie strony www w ramach projektu LTPL00354 FORT - UNION - Polsko-litewska integracja sieci fortyfikacji na rzecz rozwoju flagowych produktów turystycznych.",bazakonk,https://bazakonkurencyjnosci.funduszeeuropejskie.gov.pl/ogloszenia/285047
2026-07-15,"Gmina Nowa Sól-Miasto",samorzad,badania_rd,0,"Opracowanie ekspertyz technicznych nośności konstrukcji dachowych pod instalacje fotowoltaiczne (PV) wraz z oceną stanu technicznego pokrycia i konstrukcji w budynkach użyteczności publicznej w Nowej Soli” realizowanych w ramach projektu: o objęcie przedsięwzięcia wsparciem w ramach inwestycji B2.2.2 poddziałanie A.1a: Rozwój istniejących klastrów energii (klastry wymagające opracowania koncepcji rozwoju) – etap II wniosek KPOD.03.12-IP.05-0238/23 „Realizacja przedsięwzięcia w ramach utworzenia nowej społeczności energetycznej w mieście Nowa Sól”",bazakonk,https://bazakonkurencyjnosci.funduszeeuropejskie.gov.pl/ogloszenia/285031
2026-07-15,"KGHM ZANAM S.A.",firma_prywatna,inne,0,"LD14e Ładowarka kopalniana z napędem elektrycznym.",bazakonk,https://bazakonkurencyjnosci.funduszeeuropejskie.gov.pl/ogloszenia/284802
2026-07-15,"Klaster Innowacji Społecznych",ngo,szkolenie,0,"2/07/2026/KIS - przeprowadzenie 480 godzin szkoleń eksperckich dla 300 uczestników projektu w ramach drugiego zjazdu edukacyjnego, realizowanego w projekcie „Liderzy Partycypacji w obszarze edukacji i kształcenia”",bazakonk,https://bazakonkurencyjnosci.funduszeeuropejskie.gov.pl/ogloszenia/285131
2026-07-15,"MARSOFT Marcin Rokoszewski",firma_prywatna,szkolenie,0,"Wybór wykonawcy do przeprowadzenia szkolenia zawodowego pn. ""Magazynier"", w projekcie ""Nowe perspektywy zawodowe"" nr. projektu FELU.09.07-IP.02-0030/23",bazakonk,https://bazakonkurencyjnosci.funduszeeuropejskie.gov.pl/ogloszenia/285055
2026-07-15,"Narodowy Instytut Leków",uczelnia_nauka,sprzet_it,0,"Dostawa chromatografu cieczowego ze spektrometrem masowym",ted,https://ted.europa.eu/pl/notice/-/detail/487248-2026
2026-07-15,"Novacode Spółka z ograniczoną odpowiedzialnością",firma_prywatna,oprogramowanie,0,"Zakup i wdrożenie oprogramowania dedykowanego e-commerce B2B",bazakonk,https://bazakonkurencyjnosci.funduszeeuropejskie.gov.pl/ogloszenia/284729
2026-07-15,"NSTEEL SPÓŁKA Z OGRANICZONĄ ODPOWIEDZIALNOŚCIĄ",firma_prywatna,sprzet_it,0,"Dostawa, montaż, uruchomienie oraz konfiguracja systemu wizyjnego przeznaczonego do detekcji wad powierzchniowych blach stalowych.",bazakonk,https://bazakonkurencyjnosci.funduszeeuropejskie.gov.pl/ogloszenia/285012
2026-07-15,"PLACEMEPL SPÓŁKA Z OGRANICZONĄ ODPOWIEDZIALNOŚCIĄ",firma_prywatna,badania_rd,1,"Świadczenie usługi B+R na stanowisku Data Engineer w oparciu o umowę zlecenia w ramach projektu ""Trafficore - zaawansowany model predykcji rzeczywistego ruchu ludzi, udostępniony na platformie location intelligence, w oparciu o mobilne dane lokalizacyjne""",bazakonk,https://bazakonkurencyjnosci.funduszeeuropejskie.gov.pl/ogloszenia/285120
2026-07-15,"POWIAT KARTUSKI",samorzad,szkolenie,0,"Zorganizowanie i przeprowadzenie kursu z zakresu Samoobrony w ramach projektu pn. „Z korzyścią dla pracownika – ergonomia i bezpieczeństwo miejsca pracy” współfinansowanego ze środków Europejskiego Funduszu Społecznego Plus (EFS+),",bazakonk,https://bazakonkurencyjnosci.funduszeeuropejskie.gov.pl/ogloszenia/285051
2026-07-15,"Starostwo Powiatowe w Olkuszu, Wydział Edukacji, Kultury i Kultury Fizycznej w Olkuszu",samorzad,inne,0,"Opracowanie pakietów materiałów edukacyjno-dydaktycznych „Małopolskiego Centrum Rozwoju Kompetencji Zrównoważonego Przemysłu”",bazakonk,https://bazakonkurencyjnosci.funduszeeuropejskie.gov.pl/ogloszenia/285043
2026-07-15,"SUPERVET Gabinet Weterynaryjny Jędrzej Wąsowski",firma_prywatna,badania_rd,0,"„Opracowanie i wdrożenie innowacyjnego preparatu probiotycznego dla bydła”",bazakonk,https://bazakonkurencyjnosci.funduszeeuropejskie.gov.pl/ogloszenia/282821
2026-07-15,"SZUKSZTUL-LENARCZYK BARBARA ATELIER FRYZUR",firma_prywatna,wdrozenie_ai,1,"Świadczenie usług eksperckich z dziedziny IT na potrzeby realizacji Zadania nr 1 w ramach projektu pn. „Voicesphere platforma AI do automatyzacji obsługi klienta”",bazakonk,https://bazakonkurencyjnosci.funduszeeuropejskie.gov.pl/ogloszenia/285134
2026-07-15,"Towarzystwo Salezjańskie Inspektoria Krakowska p.w. św. Jacka - organ prowadzący Zespół Szkół Zawodowych Towarzystwa Salezjańskiego w Oświęcimiu",oswiata,szkolenie,0,"Dobry zawód, dobra praca. Kształcenie zawodowe w Zespole Szkół Zawodowych Towarzystwa Salezjańskiego",bazakonk,https://bazakonkurencyjnosci.funduszeeuropejskie.gov.pl/ogloszenia/285143
2026-07-15,"Uniwersytet Rzeszowski",uczelnia_nauka,sprzet_it,0,"Polska – Sprzęt laboratoryjny, optyczny i precyzyjny (z wyjątkiem szklanego) – Sprzedaż i dostawa kompletu emiterów wraz z akcesoriami i instalacją do wysokorozdzielczego spektrometru masowego TOF SIMS 5",ted,https://ted.europa.eu/pl/notice/-/detail/489085-2026
2026-07-15,"Uniwersytet WSB Merito w Poznaniu",uczelnia_nauka,sprzet_it,0,"Dostawa wyposażenia laboratoriów do realizacji praktycznych elementów kształcenia na kierunkach KOSMETOLOGIA i DIETETYKA w Uniwersytecie WSB Merito Szczecin",bazakonk,https://bazakonkurencyjnosci.funduszeeuropejskie.gov.pl/ogloszenia/284905
2026-07-15,"Wirex Construction Spółka z ograniczoną odpowiedzialnością",firma_prywatna,inne,0,"Zapytanie ofertowe nr 1/FELD.09.01/1 na zakup, dostawę, instalację, uruchomienie wraz ze specjalistycznym instruktażem w obsłudze automatycznej i zrobotyzowanej linii do produkcji ścian, stropów i dachów – 1 szt.",bazakonk,https://bazakonkurencyjnosci.funduszeeuropejskie.gov.pl/ogloszenia/285059
2026-07-15,"Wodociągi Chrzanowskie",spolka_komunalna,oprogramowanie,0,"Dostawa licencji, usług serwisowych i oprogramowania dla środowiska IT Zamawiającego W ramach projektu „Cyfrowa tarcza dla Wodociągów Chrzanowskich”",bazakonk,https://bazakonkurencyjnosci.funduszeeuropejskie.gov.pl/ogloszenia/285005
2026-07-15,"Wyższa Szkoła Planowania Strategicznego w Dąbrowie Górniczej",uczelnia_nauka,inne,0,"„Zawsze osiągniesz cel - WSPS jako Uczelnia minimalizująca zjawisko drop-out”",bazakonk,https://bazakonkurencyjnosci.funduszeeuropejskie.gov.pl/ogloszenia/284908
2026-07-14,"Akademia Zdrowia Izabela Łajs",firma_prywatna,szkolenie,0,"Przeprowadzenie doradztwa zawodowego i psychologicznego, coachingu indywidualnego oraz pośrednictwa pracy w ramach projektu „Młodzi na łódzkim rynku pracy”",bazakonk,https://bazakonkurencyjnosci.funduszeeuropejskie.gov.pl/ogloszenia/284937
2026-07-14,"ARTINLEAN Sp. z o.o.",firma_prywatna,sprzet_it,0,"Wynajem serwerów do obliczenia – 1 usługa – etap 1,2",bazakonk,https://bazakonkurencyjnosci.funduszeeuropejskie.gov.pl/ogloszenia/284907
2026-07-14,"Burmistrz Miasta Piastowa w imieniu Miasta Piastów.",samorzad,inne,0,"Lepszy klimat dla Piastowa – miasta zrównoważonego rozwoju 2030",bazakonk,https://bazakonkurencyjnosci.funduszeeuropejskie.gov.pl/ogloszenia/284974
2026-07-14,"Centrum Usług Społecznych w Kluczach",samorzad,inne,0,"""Bo liczy się człowiek"" Projekt współfinansowany jest ze środków Unii Europejskiej w ramach Europejskiego Funduszu Społecznego Plus Program Fundusze Europejskie dla Małopolski 2021-2027, Priorytet 6 Fundusze europejskie dla rynku pracy, edukacji i włączenia społecznego, Działanie 6.26 Integracja społeczna osób w szczególnie trudnej sytuacji życiowej, Typ projektu: A. Działania mające na celu integrację osób w szczególnej sytuacji realizowane przez gminy i powiaty.",bazakonk,https://bazakonkurencyjnosci.funduszeeuropejskie.gov.pl/ogloszenia/284945
2026-07-14,"Drewnolit - Cezary Rułka",firma_prywatna,inne,0,"Dostawa i uruchomienie linii do wytwarzania WKD oraz usługi badawcze, recepturowe i środowiskowe",bazakonk,https://bazakonkurencyjnosci.funduszeeuropejskie.gov.pl/ogloszenia/284861
2026-07-14,"FABRYKA OKIEN I DRZWI ”BAS” SPÓŁKA Z OGRANICZONĄ ODPOWIEDZIALNOŚCIĄ",firma_prywatna,inne,0,"Zapytanie ofertowe z dn. 14.07.2026 - Klamki - 29 szt.",bazakonk,https://bazakonkurencyjnosci.funduszeeuropejskie.gov.pl/ogloszenia/284886
2026-07-14,"FMD Jadwiga Wieczorek",firma_prywatna,oprogramowanie,0,"ZAPYTANIE OFERTOWE nr 04/07/2026 Dotyczy: System zarządzania energią",bazakonk,https://bazakonkurencyjnosci.funduszeeuropejskie.gov.pl/ogloszenia/284918
2026-07-14,"FMD Jadwiga Wieczorek",firma_prywatna,inne,0,"ZAPYTANIE OFERTOWE nr 01/07/2026 Dotyczy: WENTYLACJA, SYSTEM GRZEWCZY, INSTALACJA CWU",bazakonk,https://bazakonkurencyjnosci.funduszeeuropejskie.gov.pl/ogloszenia/284915
2026-07-14,"FMD Jadwiga Wieczorek",firma_prywatna,inne,0,"ZAPYTANIE OFERTOWE nr 03/07/2026 Dotyczy: SYSTEM GRZEWCZY - INSTALACJA HVAC",bazakonk,https://bazakonkurencyjnosci.funduszeeuropejskie.gov.pl/ogloszenia/284917
2026-07-14,"Fundacja Challenge Europe",ngo,inne,0,"Zapytanie ofertowe nr 7/FCE/ND/2026",bazakonk,https://bazakonkurencyjnosci.funduszeeuropejskie.gov.pl/ogloszenia/284999
2026-07-14,"FUNDACJA NIEPODLEGŁOŚCI",ngo,szkolenie,0,"1/EWLR - Usługi szkoleniowe, wynajem sal oraz catering w ramach projektu „Europejskie Wartości – Lokalny Rozwój”",bazakonk,https://bazakonkurencyjnosci.funduszeeuropejskie.gov.pl/ogloszenia/284972
2026-07-14,"Fundacja Niezależni",ngo,szkolenie,0,"Szansa na nowy start",bazakonk,https://bazakonkurencyjnosci.funduszeeuropejskie.gov.pl/ogloszenia/284929
2026-07-14,"Fundacja Razem do celu",ngo,inne,0,"Społeczność najważniejsza – razem zmieniamy naszą okolicę.",bazakonk,https://bazakonkurencyjnosci.funduszeeuropejskie.gov.pl/ogloszenia/284993
2026-07-14,"Gmina Miasto Złotów",samorzad,inne,0,"„Dostawa agregatu prądotwórczego do Urzędu Miejskiego w Złotowie wraz z montażem i dostosowaniem układu zasilania do współpracy z rezerwowym źródłem zasilania w ramach projektu „Cyberbezpieczny samorząd w Złotowie”",bazakonk,https://bazakonkurencyjnosci.funduszeeuropejskie.gov.pl/ogloszenia/284707
2026-07-14,"Gmina Miejska Rumia",samorzad,szkolenie,0,"Rumskie Super przedszkolaki – podniesienie jakości edukacji przedszkolnej",bazakonk,https://bazakonkurencyjnosci.funduszeeuropejskie.gov.pl/ogloszenia/284863
2026-07-14,"Gmina Wrocław",samorzad,inne,0,"Opracowanie dokumentacji projektowej dla zadania nr 08020 pn. „Rozbudowa układu drogowego w rejonie skrzyżowania ulicy Na Grobli i Międzyrzeckiej we Wrocławiu”",ted,https://ted.europa.eu/pl/notice/-/detail/484430-2026
2026-07-14,"IKEA Industry Poland sp. z o.o.",firma_prywatna,inne,0,"Comprehensive mechanical assembly and process connections of a production line for thin recycled wood-based boards",bazakonk,https://bazakonkurencyjnosci.funduszeeuropejskie.gov.pl/ogloszenia/284949
2026-07-14,"INNEKO Sp. z o.o.",firma_prywatna,inne,0,"Dostawa energii elektrycznej w okresie od 01.01.2027 do 31.12.2027 do wskazanych punktów poboru.",ted,https://ted.europa.eu/pl/notice/-/detail/484129-2026
2026-07-14,"Innovations for Heart and Vessels Sp. z o.o.",firma_prywatna,sprzet_it,0,"Dostawa 1 sztuki myjki ultradźwiękowej z funkcją podgrzewania na potrzeby realizacji projektu pn. „Opracowanie technologii produkcji oraz prototypów polimerowych implantów zastawkowych do przezskórnego i małoinwazyjnego leczenia wad zastawkowych”.",bazakonk,https://bazakonkurencyjnosci.funduszeeuropejskie.gov.pl/ogloszenia/284932
2026-07-14,"Miasto Międzyrzec Podlaski",samorzad,uslugi_it,0,"Dostawa, wdrożenie oraz uruchomienie systemu klasy DLP w ramach projektu: „Podniesienie poziomu cyberbezpieczeństwa w Mieście Międzyrzec Podlaski""",bazakonk,https://bazakonkurencyjnosci.funduszeeuropejskie.gov.pl/ogloszenia/284953
2026-07-14,"Państwowe Gospodarstwo Wodne Wody Polskie",spolka_komunalna,inne,0,"Opracowanie dokumentacji projektowej dla zadania pn.: Prace na lewostronnym wale przeciwpowodziowym w km 164+000 - 168+000 rzeki Odry w m. Otok, gm. Dobrzeń Wielki, Dąbrowa",ted,https://ted.europa.eu/pl/notice/-/detail/486981-2026
2026-07-14,"Państwowe Gospodarstwo Wodne Wody Polskie",spolka_komunalna,inne,0,"Przeglądy budowlane roczne oraz kontrole okresowe obiektów hydrotechnicznych",ted,https://ted.europa.eu/pl/notice/-/detail/484613-2026
2026-07-14,"Phoenix Systems Sp. z o.o.",firma_prywatna,uslugi_it,0,"Opracowanie i wykonanie zestawu stanowisk testowych dla podsystemów cyfrowych oraz zintegrowanych konstrukcji Bezzałogowych Statków Powietrznych (w tym projekt mechaniki, systemów elektronicznych, oprogramowania, montaż i uruchomienie) w ramach realizacji projektu pn: System operacyjny Phoenix-RTOS – fundament dla Distributed Multi Provider Cloud-Edge-IoT Continuum.",bazakonk,https://bazakonkurencyjnosci.funduszeeuropejskie.gov.pl/ogloszenia/284913
2026-07-14,"Piotr Truszczyński Firma Handlowo-Usługowa ""Szkłomal""",firma_prywatna,oprogramowanie,0,"Zapytanie ofertowe nr SZKŁOMAL/FEPW.01.04/2024/2.1.A na opracowanie systemu sprzedaży on-line (konfiguratora) w ramach projektu pod nazwą „Wzrost konkurencyjności firmy ""Szkłomal"" poprzez wdrożenie strategii wzorniczej” dofinansowanego w ramach działania 1.4 „Wzornictwo w MŚP” Fundusze Europejskie dla Polski Wschodniej 2021-2027.",bazakonk,https://bazakonkurencyjnosci.funduszeeuropejskie.gov.pl/ogloszenia/284959
2026-07-14,"PKP Polskie Linie Kolejowe S.A. - Centrum Realizacji Inwestycji  - Region Śląski",firma_prywatna,uslugi_it,0,"PEŁNIENIE NADZORU AUTORSKIEGO NAD DOKUMENTACJĄ PROJEKTOWĄ W RAMACH PROJEKTU: „Prace na linii kolejowej nr 143 na odcinku Wrocław Psie Pole – Wrocław Sołtysowice” w ramach programu FEnIKS.",bazakonk,https://bazakonkurencyjnosci.funduszeeuropejskie.gov.pl/ogloszenia/278993
2026-07-14,"Project Hub Sp. z o.o.",firma_prywatna,szkolenie,0,"Zapytanie ofertowe w sprawie zamówienia na dostarczenie usług szkolenia dla uczniów w projekcie „Wsparcie szkolnictwa w Zespole Szkół Centrum Kształcenia Rolniczego w Sichowie Dużym” z dnia 14.07.2026 r. - SZKOLENIE ROLNICTWO 4.0",bazakonk,https://bazakonkurencyjnosci.funduszeeuropejskie.gov.pl/ogloszenia/284987
2026-07-14,"PRZEDSIĘBIORSTWO PRODUKCYJNO-HANDLOWE ""WR"" SPÓŁKA Z OGRANICZONĄ ODPOWIEDZIALNOŚCIĄ",firma_prywatna,uslugi_it,0,"Dostawa, instalacja, konfiguracja, integracja, uruchomienie oraz wdrożenie inteligentnego teleinformatycznego systemu optymalizacji i usprawniania procesu produkcyjnego, przeznaczonego do pracy w procesie nakładania powłok galwanicznych w firmie Zamawiającego.",bazakonk,https://bazakonkurencyjnosci.funduszeeuropejskie.gov.pl/ogloszenia/284988
2026-07-14,"UNIWERSYTET ŚLĄSKI W KATOWICACH",uczelnia_nauka,szkolenie,0,"Wsparcie Procesu Sprawiedliwej Transformacji poprzez Promocję Edukacji Wyższej",bazakonk,https://bazakonkurencyjnosci.funduszeeuropejskie.gov.pl/ogloszenia/284883
2026-07-14,"Uniwersytet WSB Merito w Gdańsk",uczelnia_nauka,szkolenie,0,"47/2026/WPAU372 Przeprowadzenie 84 sesji coachingowych dla pracowników UWSB Merito w Gdańsku Część 1: Przeprowadzenie 28 sesji coachingowych dla min. 4 pracowników Część 2: Przeprowadzenie 28 sesji coachingowych dla min. 4 pracowników Część 3: Przeprowadzenie 28 sesji coachingowych dla min. 4 pracowników",bazakonk,https://bazakonkurencyjnosci.funduszeeuropejskie.gov.pl/ogloszenia/284405
2026-07-14,"Uniwerytet Jagielloński",uczelnia_nauka,badania_rd,0,"Wykonanie ekspertyz polegających na wycenie własności intelektualnej",bazakonk,https://bazakonkurencyjnosci.funduszeeuropejskie.gov.pl/ogloszenia/284865
2026-07-14,"WSPÓLNOTA MIESZKANIOWA UL. BOLESŁAWA CHROBREGO 2 W BOLESŁAWCU",firma_prywatna,inne,0,"Zapytanie ofertowe - Dokończenie robót niewykonanych oraz robót wykonanych wadliwie, nieodebranych przez Zamawiającego, w ramach termomodernizacji budynku mieszkalnego usytuowanego w Bolesławcu przy ul. Bolesława Chrobrego 2 oraz pozostałych robót budowlanych, w ramach projektu „Termomodernizacja sześciu budynków w Bolesławcu"" w ramach Priorytetu nr 2 „Fundusze Europejskie na rzecz środowiska na Dolnym Śląsku"", Działania nr 2.2 „Efektywność energetyczna w budynkach mieszkalnych"", naboru nr FEDS.02.02-IP.01-043/23 Programu Fundusze Europejskie dla Dolnego Śląska 2021–2027 ws",bazakonk,https://bazakonkurencyjnosci.funduszeeuropejskie.gov.pl/ogloszenia/284983
2026-07-14,"Zielone Międzyzdroje Sp. z o.o.",firma_prywatna,badania_rd,0,"Sporządzenie planu rewitalizacji i zagospodarowania terenów zielonych historycznej nekropolii.",bazakonk,https://bazakonkurencyjnosci.funduszeeuropejskie.gov.pl/ogloszenia/284992
2026-07-13,"Akademia Górniczo-Hutnicza im. Stanisława Staszica w Krakowie, Kraków",uczelnia_nauka,sprzet_it,1,"Dostawa notebooków przeznaczonych przez producenta do zaawansowanych prac z dziedziny animacji trójwymiarowej oraz sztucznej inteligencji dla WI KC-DE-zp.25.331.2026",ezam,https://ezamowienia.gov.pl/mp-client/search/list/08dee0d0-ccec-f86c-ebd1-650001a84289
2026-07-13,"Akademia WSB",uczelnia_nauka,szkolenie,1,"70/FESL/10_25_2/2025 Przygotowanie i przeprowadzenie szkoleń dla pracowników Akademii WSB w Dąbrowie Górniczej, w tym: 1) Część 1: Zaawansowana Analityka, Automatyzacja i Sztuczna Inteligencja (AI) w Microsoft Excel 2) Część 2:Matlab for Engineers & Data scientists 3) Część 3: Python for Engineers & Data scientists",bazakonk,https://bazakonkurencyjnosci.funduszeeuropejskie.gov.pl/ogloszenia/284790
2026-07-13,"Biuro Return Dominika Szramiak",firma_prywatna,szkolenie,0,"ZAPYTANIE OFERTOWE nr 7/ZPDR/07/26 Organizacja i przeprowadzenie szkolenia zawodowego „Pracownik biurowy z elementami sprzedaży i obsługi klienta” podnoszącego kompetencje/kwalifikacje i przygotowanie do egzaminu zewnętrznego dla 10 Uczestników/czek Projektu",bazakonk,https://bazakonkurencyjnosci.funduszeeuropejskie.gov.pl/ogloszenia/284784
2026-07-13,"Chrzanowski sp. z o.o.",firma_prywatna,uslugi_it,0,"Wykonanie modułu zintegrowanego do cyfrowej obsługi klienta wraz z dostawą serwera",bazakonk,https://bazakonkurencyjnosci.funduszeeuropejskie.gov.pl/ogloszenia/284858
2026-07-13,"CLIMATIC Sp. z o.o. Sp.k.",firma_prywatna,badania_rd,0,"R-1.10-v1 Zapytanie ofertowe na wykonanie usług w postaci „Badania odporności ogniowej przegród""",bazakonk,https://bazakonkurencyjnosci.funduszeeuropejskie.gov.pl/ogloszenia/284809
2026-07-13,"Elbląskie Przedsiębiorstwo Energetyki Cieplnej  Sp. z o.o.",spolka_komunalna,oprogramowanie,0,"Dostawa systemu monitorowania serwerowni",bazakonk,https://bazakonkurencyjnosci.funduszeeuropejskie.gov.pl/ogloszenia/284724
2026-07-13,"EPIONE Spółka z ograniczoną odpowiedzialnością",szpital_zdrowie,inne,0,"4/VII/2026 „Świadczenie porad rehabilitacyjnych” „Zdrowy, zdrowszy, najzdrowszy - program rehabilitacji i edukacji zdrowotnej dla mieszkańców powiatu pajęczańskiego”",bazakonk,https://bazakonkurencyjnosci.funduszeeuropejskie.gov.pl/ogloszenia/284721
2026-07-13,"GLOBMETAL Kamil Pawlak",firma_prywatna,inne,0,"„Zwiększenie efektywności energetycznej przedsiębiorstwa GLOBMETAL Kamil Pawlak poprzez modernizację infrastruktury technicznej i instalację PV.”",bazakonk,https://bazakonkurencyjnosci.funduszeeuropejskie.gov.pl/ogloszenia/284815
2026-07-13,"Gmina Aleksandrów Łódzki",samorzad,inne,0,"„Opracowanie Miejskiego Planu Adaptacji do zmian klimatu dla miasta Aleksandrów Łódzki” wraz z organizacją partycypacji społecznej i działaniami informacyjno – promocyjnymi",bazakonk,https://bazakonkurencyjnosci.funduszeeuropejskie.gov.pl/ogloszenia/284734
2026-07-13,"Gmina Miasta Gdańska",samorzad,oprogramowanie,0,"Budowa Aplikacji mobilnej łączącej mieszkańców Gdańska z rzemieślnikami w ramach projektu LIFE Pom GOZilla.PL",ted,https://ted.europa.eu/pl/notice/-/detail/483388-2026
2026-07-13,"GMINA MIEJSKA W CHODZIEŻY",samorzad,inne,0,"- „Szwajcaria Chodzieska – miejsce, w którym chce się żyć!” - Badanie przez biegłego rewidenta dokumentów finansowo-księgowych projektu nr 001/SPPW II.DOT/PRM/2026 pn. „Szwajcaria Chodzieska – miejsce, w którym chce się żyć!” realizowanego w Polsko-Szwajcarskim Programie Rozwoju Miast",bazakonk,https://bazakonkurencyjnosci.funduszeeuropejskie.gov.pl/ogloszenia/284593
2026-07-13,"Gmina Orchowo",samorzad,sprzet_it,0,"Zakup routery WIFI w celu utworzenia zaszyfrowanej bezprzewodowej sieci VPN dla UG i GOPS",bazakonk,https://bazakonkurencyjnosci.funduszeeuropejskie.gov.pl/ogloszenia/284797
2026-07-13,"Gmina Orchowo",samorzad,sprzet_it,0,"Zakup switchy zarządzalnych w celu wprowadzenia polityk bezpieczeństwa na obszarze sieci Urzędu Gminy Orchowo i Gminnego Ośrodka Pomocy Społecznej w Orchowie",bazakonk,https://bazakonkurencyjnosci.funduszeeuropejskie.gov.pl/ogloszenia/284806
2026-07-13,"HALMOD GROUP SPÓŁKA Z OGRANICZONĄ ODPOWIEDZIALNOŚCIĄ",firma_prywatna,badania_rd,0,"Realizacja prac badawczo-rozwojowych prowadzących do opracowania zautomatyzowanej metody projektowania i optymalizacji węzłów hal stalowych z profili zimnogiętych poprzez integrację środowisk Rhino + Grasshopper, ConSteel oraz IDEA StatiCa",bazakonk,https://bazakonkurencyjnosci.funduszeeuropejskie.gov.pl/ogloszenia/284794
2026-07-13,"Innovations for Heart and Vessels Sp. z o.o.",firma_prywatna,inne,0,"Dostawa 1 sztuki cieplarki laboratoryjnej na potrzeby realizacji projektu pn. „Opracowanie technologii produkcji oraz prototypów polimerowych implantów zastawkowych do przezskórnego i małoinwazyjnego leczenia wad zastawkowych”.",bazakonk,https://bazakonkurencyjnosci.funduszeeuropejskie.gov.pl/ogloszenia/284735
2026-07-13,"IT Partners Telco Sp. z o.o.",firma_prywatna,sprzet_it,0,"Dostawa 5 sztuk prototypowych pakietów elektronicznych",bazakonk,https://bazakonkurencyjnosci.funduszeeuropejskie.gov.pl/ogloszenia/284816
2026-07-13,"Izba Administracji Skarbowej w Poznaniu",administracja_centralna,inne,0,"Świadczenie usług sprzątania dla Izby Administracji Skarbowej w Poznaniu oraz podległych jednostek na terenie województwa wielkopolskiego",ted,https://ted.europa.eu/pl/notice/-/detail/482240-2026
2026-07-13,"IZBA RZEMIEŚLNICZA I PRZEDSIĘBIORCZOŚCI W BIAŁYMSTOKU",ngo,inne,0,"Zakup, dostawa, wniesienie, montaż, ustawienie, uruchomienie oraz instruktaż użytkowania wyposażenia punktu demonstracyjnego „Pracownia Ergonomii Pracy”, zwanego dalej także PEP, na potrzeby realizacji projektu „NOWE HORYZONTY RZEMIOSŁA – regionalny program zwiększenia adaptacyjności rzemiosła FEPD.07.03-IP.01-0013/24 realizowanego w ramach Programu Fundusze Europejskie dla Podlaskiego 2021-2027, Priorytet VII Fundusze na rzecz zatrudnienia i kształcenia osób dorosłych, Działanie 7.3 Rozwój kadr regionalnej gospodarki.",bazakonk,https://bazakonkurencyjnosci.funduszeeuropejskie.gov.pl/ogloszenia/284836
2026-07-13,"Kigema Spółka z ograniczoną odpowiedzialnością",firma_prywatna,inne,0,"Pierścienie o wysokiej rozciągliwości i niskim uziarnieniu przeznaczone do pracy w środowisku wysokiego ciśnienia płynów do turbin wiatrowych i przemysłu maszynowego",bazakonk,https://bazakonkurencyjnosci.funduszeeuropejskie.gov.pl/ogloszenia/284799
2026-07-13,"Niepubliczny Zakład Opieki Zdrowotnej Medicus s.c.  Alicja i Dariusz Leończyk",szpital_zdrowie,inne,0,"Modernizacja zaplecza diagnostyczno-zabiegowego w Niepublicznym Zakładzie Opieki Zdrowotnej MEDICUS S.C.",bazakonk,https://bazakonkurencyjnosci.funduszeeuropejskie.gov.pl/ogloszenia/284848
2026-07-13,"Państwowe Gospodarstwo Wodne Wody Polskie",spolka_komunalna,inne,0,"Dostawa związana z utrzymaniem szlaków żeglugowych Systemu WJM",ted,https://ted.europa.eu/pl/notice/-/detail/483627-2026
2026-07-13,"Polska Agencja Żeglugi Powietrznej",administracja_centralna,uslugi_it,0,"SERWIS UPS W PODZIALE NA 2 CZĘŚCI",ted,https://ted.europa.eu/pl/notice/-/detail/483756-2026
2026-07-13,"PRZEDSIĘBIORSTWO PRODUKCYJNO-HANDLOWO-USŁUGOWE  ""EKO-INŻ"" MISZTAL SPÓŁKA JAWNA",firma_prywatna,inne,0,"ZAPYTANIE OFERTOWE NR 2_07_2026 na zakup, dostawę, uruchomienie oraz przeszkolenie z obsługi 5-osiowego centrum frezerskiego CNC wraz z oprzyrządowaniem do produkcji systemu modułowych płyt wykładzinowych LPS (Lining Plate System) dla PRZEDSIĘBIORSTWA PRODUKCYJNO-HANDLOWO-USŁUGOWEGO ""EKO-INŻ"" MISZTAL SPÓŁKA JAWNA",bazakonk,https://bazakonkurencyjnosci.funduszeeuropejskie.gov.pl/ogloszenia/284748
2026-07-13,"Salus Medycyna Spółka z ograniczoną odpowiedzialnością",szpital_zdrowie,wdrozenie_ai,1,"System Voice Botów",bazakonk,https://bazakonkurencyjnosci.funduszeeuropejskie.gov.pl/ogloszenia/284796
2026-07-13,"SOFIA EuroInvest Magdalena Nowacka",firma_prywatna,inne,0,"Kopia Lubelskie bez granic",bazakonk,https://bazakonkurencyjnosci.funduszeeuropejskie.gov.pl/ogloszenia/284813
2026-07-13,"Stowarzyszenie Grupa Inicjatyw Kulturalnych",ngo,oprogramowanie,0,"Zapytanie ofertowe nr 1/GIK/2026 PRZEPROWADZANE W TRYBIE ZASADY KONKURENCYJNOŚCI PROCEDURA WYBORU WYKONAWCY USŁUGI – „zakupu wartości niematerialnej i prawnej w postaci oprogramowania”",bazakonk,https://bazakonkurencyjnosci.funduszeeuropejskie.gov.pl/ogloszenia/284822
2026-07-13,"SYNTEA Spółka Akcyjna",firma_prywatna,sprzet_it,0,"PUMP-GS/1/2026 - Dostawa sprzętu informatycznego oraz oprogramowania - stanowiących doposażenie pracowni szkolnych w szkołach objętych wsparciem w Projekcie „Podnoszenie umiejętności w zakresie kompetencji matematyczno–przyrodniczych i informatycznych w grudziądzkich szkołach”.",bazakonk,https://bazakonkurencyjnosci.funduszeeuropejskie.gov.pl/ogloszenia/284793
2026-07-13,"Szkoła Podstawowa nr 10 z Oddziałami Integracyjnymi im. Olimpijczyków Polskich w Suwałkach",oswiata,inne,0,"edukacja włączająca",bazakonk,https://bazakonkurencyjnosci.funduszeeuropejskie.gov.pl/ogloszenia/284800
2026-07-13,"THE TRUE GREEN SPÓŁKA AKCYJNA",firma_prywatna,inne,0,"Zapytanie ofertowe: Opracowanie układu technologicznego do korowania surowca potartacznego 13.07.2026",bazakonk,https://bazakonkurencyjnosci.funduszeeuropejskie.gov.pl/ogloszenia/284779
2026-07-13,"THE TRUE GREEN SPÓŁKA AKCYJNA",firma_prywatna,inne,0,"Zapytanie ofertowe: zaprojektowanie, wykonanie oraz walidacja modelu fizycznego walcowego rozdrabniacza wzdłużnego przeznaczonego do beztermicznego rozszczepiania oczyszczonych oflisów tartacznych 13.07.2026",bazakonk,https://bazakonkurencyjnosci.funduszeeuropejskie.gov.pl/ogloszenia/284780
2026-07-13,"Tomasz Guderski PPHU ""GETH""",firma_prywatna,inne,0,"Wózek narzędziowy do prac elektrycznych (2 szt.)",bazakonk,https://bazakonkurencyjnosci.funduszeeuropejskie.gov.pl/ogloszenia/284731
2026-07-13,UMWP,samorzad,szkolenie,0,"Zorganizowanie i przeprowadzenie w siedzibie Zamawiającego 1-dniowego szkolenia, pn. „Analiza finansowa i ekonomiczna w projektach UE (analiza sprawozdań finansowych, pełna księgowość, uproszczona księgowość, poprawna weryfikacja trwałości finansowej projektów, ocena efektywności inwestycji, analiza wskaźników finansowych i ekonomicznych)”.",bazakonk,https://bazakonkurencyjnosci.funduszeeuropejskie.gov.pl/ogloszenia/284712
2026-07-13,"Uniwersyteckie Centrum Kliniczne Warszawskiego Uniwersytetu Medycznego",szpital_zdrowie,inne,0,"Dostawa pomp insulinowych na potrzeby UCK WUM.",ted,https://ted.europa.eu/pl/notice/-/detail/482125-2026
2026-07-13,"Vet Planet Sp. z o.o.",firma_prywatna,inne,0,"Dostawa podstawowych materiałów zużywalnych niezbędnych do realizacji projektu",bazakonk,https://bazakonkurencyjnosci.funduszeeuropejskie.gov.pl/ogloszenia/284769
2026-07-13,"WSPÓLNOTA MIESZKANIOWA NIERUCHOMOŚCI PRZY UL. GŁÓWNEJ NR 16 W ŚWIDNICY",inne,inne,0,"Zwiększenie efektywności energetycznej budynku wspólnoty Wspólnota Mieszkaniowa Nieruchomości przy ul. Głównej nr 16 w Świdnicy",bazakonk,https://bazakonkurencyjnosci.funduszeeuropejskie.gov.pl/ogloszenia/284841
2026-07-13,"WSPÓLNOTA MIESZKANIOWA PRZY UL. GEN.WŁADYSŁAWA SIKORSKIEGO NR 27 W ŚWIDNICY",inne,inne,0,"Zwiększenie efektywności energetycznej budynku wspólnoty Wspólnota Mieszkaniowa przy ul. Gen. Władysława Sikorskiego nr 27 w Świdnicy",bazakonk,https://bazakonkurencyjnosci.funduszeeuropejskie.gov.pl/ogloszenia/284842
2026-07-13,"Z.P.H.U. HAK-POL SYLWESTER IMIOŁA",firma_prywatna,inne,0,"Automechanika Frankfurt 2026: WYKONANIE ZABUDOWY STOISKA WRAZ Z ZAPLECZEM Z WYPOSAŻENIEM ORAZ USŁUGĄ MONTAŻU I DEMONTAŻU STOISKA",bazakonk,https://bazakonkurencyjnosci.funduszeeuropejskie.gov.pl/ogloszenia/284781
2026-07-13,"Związek Centralny Dzieła Kolpinga w Polsce",ngo,szkolenie,0,"KURS JĘZYKA ANGIELSKIEGO ONLINE W CZASIE RZECZYWISTYM DLA 1 OSOBY NA POZIOMIE A2/B1 WRAZ Z EGZAMINEM ZEWNĘTRZNYM CERTYFIKUJĄCYM NA POZIOMIE B1",bazakonk,https://bazakonkurencyjnosci.funduszeeuropejskie.gov.pl/ogloszenia/284732
2026-07-13,"Związek Rzemiosła Polskiego",ngo,inne,0,"Zapytanie ofertowe na przygotowanie ekspertyzy dot. ustawy z dnia 5 lipca 2018 r. o krajowym systemie cyberbezpieczeństwa",bazakonk,https://bazakonkurencyjnosci.funduszeeuropejskie.gov.pl/ogloszenia/284701
2026-07-11,"Chrono R&D spółka z ograniczoną odpowiedzialnością",firma_prywatna,inne,0,"ZAPYTANIE OFERTOWE NR 1/2026/FENG",bazakonk,https://bazakonkurencyjnosci.funduszeeuropejskie.gov.pl/ogloszenia/284689
2026-07-11,"TOM&LUK SPÓŁKA Z OGRANICZONĄ ODPOWIEDZIALNOŚCIĄ",firma_prywatna,inne,0,"Dostawa, montaż i uruchomienie linii do produkcji profili ze stali ocynkowanej o grubości w zakresie min od 0,6 mm do 1,2 mm oraz szerokości 90 mm",bazakonk,https://bazakonkurencyjnosci.funduszeeuropejskie.gov.pl/ogloszenia/284687
2026-07-10,"""Szkłomal"" Spółka z ograniczoną odpowiedzialnością",firma_prywatna,inne,0,"Zapytanie ofertowe nr SZKŁOMALS/FEPW.01.04/2025/2.4.A na dostawę oraz instalację/uruchomienie lasera do grawerowania szkła w ra-mach projektu pod nazwą „Wzrost konkurencyjności firmy ""Szkłomal"" Spółka z ograniczoną odpowiedzialnością poprzez wdrożenie strategii wzorniczej” dofinansowanego w ramach działania 1.4 „Wzornictwo w MŚP” Fundusze Europejskie dla Polski Wschodniej 2021-2027.",bazakonk,https://bazakonkurencyjnosci.funduszeeuropejskie.gov.pl/ogloszenia/284555
2026-07-10,"Agencja Usług Oświatowych Ośrodek Szkolenia Kierowców ""OLIMP"" s.c.",oswiata,inne,0,"CZĘŚĆ 1: ELEKTRYCZNY WÓZEK JEZDNIOWY SPECJALIZOWANY – 1 SZTUKA CZĘŚĆ 2: ELEKTRYCZNY WÓZEK CZOŁOWY JEZDNIOWY – 1 SZTUKA",bazakonk,https://bazakonkurencyjnosci.funduszeeuropejskie.gov.pl/ogloszenia/284660
2026-07-10,"CARLIDER Sp. z o.o",firma_prywatna,inne,0,"Zapytanie ofertowe na kompleksową termomodernizację budynku pawilonu handlowo-usługowego na potrzeby firmy CARLIDER Spółka z ograniczoną odpowiedzialnością do realizacji projektu pt. „Termomodernizacja budynku „Pawilon handlowo-usługowy” przedsiębiorstwa CARLIDER Sp. z o.o wraz z montażem OZE” realizowanego w ramach Programu Fundusze Europejskie dla Nowoczesnej Gospodarki, priorytet Wsparcie dla przedsiębiorców, działanie 3.01 Kredyt ekologiczny.",bazakonk,https://bazakonkurencyjnosci.funduszeeuropejskie.gov.pl/ogloszenia/284556
2026-07-10,"Centrum Wiarygodnej Sztucznej Inteligencji, Politechnika Warszawska",uczelnia_nauka,badania_rd,1,"Badacz/badaczka w projekcie badawczym w CWSI PW",bazakonk,https://bazakonkurencyjnosci.funduszeeuropejskie.gov.pl/ogloszenia/284587
2026-07-10,"ENEA Operator Sp. z o.o.",firma_prywatna,inne,0,"Dostawa stacji transformatorowtch SN/nn oraz złącz/szaf kablowych SN - podział na 11 zadań",ted,https://ted.europa.eu/pl/notice/-/detail/477786-2026
2026-07-10,"Epartner Kursy <mark>Językowe</mark> Spółka z ograniczoną odpowiedzialnością.",firma_prywatna,inne,0,"„Kompleksowa realizacja grupy samopomocowej”",bazakonk,https://bazakonkurencyjnosci.funduszeeuropejskie.gov.pl/ogloszenia/284498
2026-07-10,"Epartner Kursy <mark>Językowe</mark> Spółka z ograniczoną odpowiedzialnością.",firma_prywatna,inne,0,"„Kompleksowa obsługa mobilnego punktu pomocy przedmedycznej”",bazakonk,https://bazakonkurencyjnosci.funduszeeuropejskie.gov.pl/ogloszenia/284501
2026-07-10,"Extral Sp. z o.o.",firma_prywatna,inne,0,"Elementy służące do utworzenia prototypu (złom aluminiowy).",bazakonk,https://bazakonkurencyjnosci.funduszeeuropejskie.gov.pl/ogloszenia/284561
2026-07-10,"Extral Sp. z o.o.",firma_prywatna,inne,0,"Elementy służące do utworzenia prototypu - aluminium pierwotne",bazakonk,https://bazakonkurencyjnosci.funduszeeuropejskie.gov.pl/ogloszenia/284564
2026-07-10,"Fundacja Wspierania Rozwoju Edukacji",ngo,inne,0,"Zakup i dostawa sprzętu do przezczaszkowej stymulacji magnetycznej (TMS)",bazakonk,https://bazakonkurencyjnosci.funduszeeuropejskie.gov.pl/ogloszenia/284540
2026-07-10,"Gmina Baćkowice",samorzad,uslugi_it,0,"Zaprojektowanie i wdrożenie portalu WWW ze zintegrowanym BIP dla Gminy Baćkowice",bazakonk,https://bazakonkurencyjnosci.funduszeeuropejskie.gov.pl/ogloszenia/284615
2026-07-10,"Gmina Miasta Radomia",samorzad,szkolenie,0,"Zapytanie ofertowe na przeprowadzenie wykładów z obszaru psychoedukacji, warsztatów pracy w zespole, warsztatów dla kadry zarządzającej obejmujących zagadnienia z zakresu profilaktyki wypalenia zawodowego w ramach projektu ""Reset Zawodowy pracowników radomskiego magistratu"" współfinansowanego z Europejskiego Funduszu Społecznego Plus.",bazakonk,https://bazakonkurencyjnosci.funduszeeuropejskie.gov.pl/ogloszenia/284624
2026-07-10,"Gmina Miasto Szczecin Zarząd Dróg i Transportu Miejskiego",samorzad,inne,0,"Sprzedaż energii elektrycznej na potrzeby Zarządu Dróg i Transportu Miejskiego w Szczecinie w podziale na dwie części.....",ted,https://ted.europa.eu/pl/notice/-/detail/476885-2026
2026-07-10,"Gmina Swarzędz",samorzad,inne,0,"Przebudowa ul. Przybylskiego w Swarzędzu.",ted,https://ted.europa.eu/pl/notice/-/detail/477123-2026
2026-07-10,"Gmina Swarzędz",samorzad,inne,0,"Polska – Usługi architektoniczne, budowlane, inżynieryjne i kontrolne – Opracowanie pełno-branżowej dokumentacji projektowej budowlanej i wykonawczej wraz z uzyskaniem 2 odrębnych decyzji umożliwiających realizację zadania dla budowy drogi pieszo - rowerowej wraz z wielopoziomowym parkingiem w ciągu ul. Tabaki w Swarzędzu.",ted,https://ted.europa.eu/pl/notice/-/detail/476981-2026
2026-07-10,"Gmina Wilków",samorzad,uslugi_it,0,"Wzmocnienie cyberbezpieczeństwa w Gminie Wilków. Dostawa, wdrożenie oraz uruchomienie systemu informatycznego wspierającego proces identyfikacji, analizy, oceny, monitorowania i raportowania ryzyka w organizacji oraz zarządzanie ochroną danych osobowych, wraz z przeprowadzeniem szkolenia użytkowników Zamawiającego.",bazakonk,https://bazakonkurencyjnosci.funduszeeuropejskie.gov.pl/ogloszenia/284535
2026-07-10,"Katedralna Parafia Rzymsko-Katolickiej św. Jana Chrzciciela i św. Jana Apostoła",ngo,inne,0,"Prace konserwatorskie i restauratorskie wraz z towarzyszącymi robotami budowlanymi przy posadzce w Katedrze pw. św. Jana Chrzciciela i św. Jana Ewangelisty w Toruniu",bazakonk,https://bazakonkurencyjnosci.funduszeeuropejskie.gov.pl/ogloszenia/284407
2026-07-10,"Konfederacja Lewiatan",ngo,szkolenie,0,"Realizacja 2 jednodniowych szkoleń z zakresu projektowania graficznego w programie Canva.",bazakonk,https://bazakonkurencyjnosci.funduszeeuropejskie.gov.pl/ogloszenia/284665
2026-07-10,"Labplus Spółka Akcyjna",firma_prywatna,wdrozenie_ai,1,"ZAPYTANIE OFERTOWE NR 1/2026 KOMPLEKSOWA USŁUGA KONFIGURACJI I PRZYGOTOWANIA ŚRODOWISKA EKSPERYMENTALNEGO AI/ML",bazakonk,https://bazakonkurencyjnosci.funduszeeuropejskie.gov.pl/ogloszenia/284629
2026-07-10,"Miasto Bielsk Podlaski",samorzad,badania_rd,0,"Opracowanie Miejskiego Planu Adaptacji do zmian klimatu dla Miasta Bielsk Podlaski",bazakonk,https://bazakonkurencyjnosci.funduszeeuropejskie.gov.pl/ogloszenia/284592
2026-07-10,"MS KONSTAL MARZEC SPÓŁKA JAWNA",firma_prywatna,inne,0,"ZAPYTANIE OFERTOWE NR 2 / 2026",bazakonk,https://bazakonkurencyjnosci.funduszeeuropejskie.gov.pl/ogloszenia/284552
2026-07-10,"Nadleśnictwo Międzyzdroje",administracja_centralna,badania_rd,0,"""Wykonanie dokumentacji projektowo-kosztorysowej dla urządzeń hydrotechnicznych na terenie Nadleśnictwa Międzyzdroje wraz z pełnieniem nadzoru autorskiego"" - II postępowanie",bazakonk,https://bazakonkurencyjnosci.funduszeeuropejskie.gov.pl/ogloszenia/284464
2026-07-10,"Niepubliczny Zakład Opieki Zdrowotnej ETER-MED sp. z o.o.",szpital_zdrowie,badania_rd,1,"Przedmiotem zamówienia są usługi wykonywane na stanowisku główny badacz w trakcie realizacji projektu badawczego pt. „Opracowanie inteligentnego systemu do półautomatycznego prowadzenia ozonoterapii z hemotransfuzją krwi, dedykowanego do leczenia powikłań Zespołu Stopy Cukrzycowej (ZSC).”, umowa o dofinasowanie nr.: FEPM.01.01-IP.03-0100/25",bazakonk,https://bazakonkurencyjnosci.funduszeeuropejskie.gov.pl/ogloszenia/284667
2026-07-10,"Niepubliczny Zakład Opieki Zdrowotnej ETER-MED sp. z o.o.",szpital_zdrowie,badania_rd,1,"Przedmiotem zamówienia są usługi wykonywane na stanowisku inżynier elektronik w formie umowy cywilno–prawnej w trakcie realizacji projektu badawczego pt. „Opracowanie inteligentnego systemu do półautomatycznego prowadzenia ozonoterapii z hemotransfuzją krwi, dedykowanego do leczenia powikłań Zespołu Stopy Cukrzycowej (ZSC).",bazakonk,https://bazakonkurencyjnosci.funduszeeuropejskie.gov.pl/ogloszenia/284669
2026-07-10,"NOTEL  SPÓŁKA Z OGRANICZONĄ ODPOWIEDZIALNOŚCIĄ",firma_prywatna,oprogramowanie,0,"Dostawa referencyjnego oprogramowania pomiarowego i analitycznego do pozyskiwania, przetwarzania, analizy i walidacji danych pomiarowych dotyczących jakości serwisów w sieciach ruchomych nowej generacji 5G.",bazakonk,https://bazakonkurencyjnosci.funduszeeuropejskie.gov.pl/ogloszenia/284630
2026-07-10,"Ochotnicza Straż Pożarna w Osetnie",sluzby_wojsko,inne,0,"Dostawa średniego samochodu ratowniczo – gaśniczego",ted,https://ted.europa.eu/pl/notice/-/detail/476282-2026
2026-07-10,"Piotr Matysiak EL-TRANS",firma_prywatna,inne,0,"ZAPYTANIE OFERTOWE nr 1/ZO/PKII/2026",bazakonk,https://bazakonkurencyjnosci.funduszeeuropejskie.gov.pl/ogloszenia/284628
2026-07-10,"Politechnika Gdańska",uczelnia_nauka,sprzet_it,0,"Dostawa podzespołów komputerowych do realizacji zadań w projektach PROACTIF, Shift2SDV oraz AIMS5.0. na potrzeby Wydziału Elektroniki, Telekomunikacji i Informatyki Politechniki Gdańskiej",ted,https://ted.europa.eu/pl/notice/-/detail/477173-2026
2026-07-10,"Politechnika Świętokrzyska, Kielce",uczelnia_nauka,szkolenie,1,"Usługa przygotowania i przeprowadzenia szkolenia z zakresu sztucznej inteligencji (3 części) w ramach projektu nr umowy FERS.01.05-IP.08-0234/23-00",ezam,https://ezamowienia.gov.pl/mp-client/search/list/08dede87-64f0-21b7-ebd1-6500012abdc4
2026-07-10,"Powiatowe Centrum Pomocy Rodzinie w Kaliszu",samorzad,szkolenie,0,"Wsparcie deinstytucjonalizacji pieczy zastępczej w podregionie kaliskim - vouchery na kurs prawa jazdy kat. B",bazakonk,https://bazakonkurencyjnosci.funduszeeuropejskie.gov.pl/ogloszenia/284470
2026-07-10,"Powiatowy Urząd Pracy w Wągrowcu",samorzad,szkolenie,0,"Aktywizacja zawodowa bezrobotnych mieszkańców powiatu wągrowieckiego (II)",bazakonk,https://bazakonkurencyjnosci.funduszeeuropejskie.gov.pl/ogloszenia/284565
2026-07-10,"Przedsiębiorstwo Usług Komunalnych sp. z o.o.",spolka_komunalna,uslugi_it,0,"Przeprowadzenie audytu, szkoleń oraz dostawa sprzętu, usług i oprogramowania realizowanego przez Przedsiębiorstwo Usług Komunalnych sp. z o.o. w ramach Inwestycji C3.1.1 „Cyberbezpieczeństwo - CyberPL” - Cyberbezpieczne Wodociągi, finansowanego z Krajowego Planu Odbudowy i Zwiększania Odporności",bazakonk,https://bazakonkurencyjnosci.funduszeeuropejskie.gov.pl/ogloszenia/284036
2026-07-10,"REMONDIS AQUA TRZEMESZNO SPÓŁKA Z OGRANICZONĄ ODPOWIEDZIALNOŚCIĄ",spolka_komunalna,uslugi_it,0,"Budowa i wdrożenie kompleksowego Systemu Zarządzania Bezpieczeństwem Informacji (SZBI) oraz Systemu Zarządzania Ciągłością Działania (SZCD), audyt, doradztwo w zakresie cyberbezpieczeństwa",bazakonk,https://bazakonkurencyjnosci.funduszeeuropejskie.gov.pl/ogloszenia/284598
2026-07-10,"Stylus Sp. z o.o. sp. k.",firma_prywatna,oprogramowanie,0,"Kompleksowa usługa zaprojektowania, wykonania, integracji, wdrożenia, konfiguracji i uruchomienia środowiska ERP Optima Produkcja wraz z integratorem JTL (system e-commerce / sprzedażowy) oraz szkoleniem użytkowników pn. Transformacja cyfrowa poprzez integrację i automatyzację procesów wewnętrznych, nr FEPZ.01.06-IZ.00-0021/25.",bazakonk,https://bazakonkurencyjnosci.funduszeeuropejskie.gov.pl/ogloszenia/284670
2026-07-10,"Świętokrzyskie Centrum Psychiatrii w Morawicy",szpital_zdrowie,badania_rd,0,"Sporządzenie dokumentacji projektowej oraz pełnienie w trakcie realizacji robót budowlanych nadzoru autorskiego na zadaniu: „Rozwój infrastruktury Poradni Zdrowia Psychicznego dla Dzieci w Świętokrzyskim Centrum Psychiatrii w Morawicy” w ramach działania FENX.06.01 System ochrony zdrowia, priorytet FENX.06 Zdrowie Programu Fundusze Europejskie na Infrastrukturę, Klimat, Środowisko 2021-2027.",bazakonk,https://bazakonkurencyjnosci.funduszeeuropejskie.gov.pl/ogloszenia/284278
2026-07-10,"Szymon Bałazy SB GRANIT",firma_prywatna,inne,0,"ZAPYTANIE OFERTOWE NR 5 / 2026",bazakonk,https://bazakonkurencyjnosci.funduszeeuropejskie.gov.pl/ogloszenia/284539
2026-07-10,"Tomasz Guderski PPHU ""GETH""",firma_prywatna,oprogramowanie,0,"Zakup licencji oprogramowania do prowadzenia prac projektowych",bazakonk,https://bazakonkurencyjnosci.funduszeeuropejskie.gov.pl/ogloszenia/284603
2026-07-10,"Uczelnia KorczakaUczelnia Korczaka – Akademia Nauk Stosowanych",uczelnia_nauka,oprogramowanie,0,"Zakup i wdrożenie nowego, responsywnego serwisu BIP wraz z migracją danych w ramach projektu „Uczelnia Korczaka – Uczelnia Dostępna”.",bazakonk,https://bazakonkurencyjnosci.funduszeeuropejskie.gov.pl/ogloszenia/284573
2026-07-10,"Uniwersytet WSB Merito w Gdańsk",uczelnia_nauka,szkolenie,0,"40/2026/WPAU372 Zakup dostępu do kursów językowych na platformie online do nauki języków obcych dla pracowników UWSB Merito w Gdańsku.",bazakonk,https://bazakonkurencyjnosci.funduszeeuropejskie.gov.pl/ogloszenia/284606
2026-07-10,"Uniwersytet WSB Merito w Poznaniu",uczelnia_nauka,szkolenie,0,"Wybór trenerów/ek do przygotowania i realizacji szkolenia dla kadry dydaktycznej Uniwersytetu WSB Merito w Poznaniu",bazakonk,https://bazakonkurencyjnosci.funduszeeuropejskie.gov.pl/ogloszenia/284373
2026-07-10,"ZAJAZD JURAJSKI SPÓŁKA Z OGRANICZONĄ ODPOWIEDZIALNOŚCIĄ",firma_prywatna,inne,0,"Przedsięwzięcie termoizolacyjne budynku znajdującego się w Zajeździe Jurajskim w Podlesicach 1 celem zmniejszenia zapotrzebowania na energię użytkową.",bazakonk,https://bazakonkurencyjnosci.funduszeeuropejskie.gov.pl/ogloszenia/284475
2026-07-10,"Zakład Opiekuńczo - Leczniczy ""Dom Rodzinny"" s.c.",szpital_zdrowie,inne,0,"ZAPYTANIE OFERTOWE na dostawę wyposażenia, sprzętu medycznego, terapeutycznego i mebli na potrzeby projektu „Rodzinny Dom - Mazowiecki Dom Opieki Medycznej”",bazakonk,https://bazakonkurencyjnosci.funduszeeuropejskie.gov.pl/ogloszenia/284608
2026-07-10,"Zakład Ubezpieczeń Społecznych",administracja_centralna,inne,0,"Zakup i dostawa fabrycznie nowych mebli do Oddziału ZUS w Bydgoszczy i podległych jednostek terenowych z podziałem na trzy części",ted,https://ted.europa.eu/pl/notice/-/detail/478539-2026
2026-07-10,"Zakład Usługowo - Handlowy ""KOMUNALNIK"" Sp. z o.o.",spolka_komunalna,uslugi_it,0,"Zwiększenie cyberodporności i ciągłości działania w Zakładzie Usługowo- Handlowy ""KOMUNALNIK"" w Reczu poprzez wdrożenie nowoczesnych rozwiązań, modernizację infrastruktury oraz podniesienie kompetencji personelu.",bazakonk,https://bazakonkurencyjnosci.funduszeeuropejskie.gov.pl/ogloszenia/282683
2026-07-10,"Zakład Wodociągów i Kanalizacji w Łomiankach Sp. z o.o.",spolka_komunalna,uslugi_it,0,"Projekt poprawy odporności infrastruktury IT i OT w Zakładzie Wodociągów i Kanalizacji w Łomiankach Sp. z o.o.",bazakonk,https://bazakonkurencyjnosci.funduszeeuropejskie.gov.pl/ogloszenia/284620
2026-07-09,"""SPIROFLEX"" SPÓŁKA Z OGRANICZONĄ ODPOWIEDZIALNOŚCIĄ",firma_prywatna,inne,0,"ZAPYTANIE OFERTOWE nr 1/WZ/2026 z dnia 09.07.2026 r. dotyczące usługi doradczej związanej z wdrożeniem opracowanej strategii wzorniczej - realizacją procesu projektowego wraz z prototypowaniem i testowaniem.",bazakonk,https://bazakonkurencyjnosci.funduszeeuropejskie.gov.pl/ogloszenia/284493
2026-07-09,"Akademia WSB",uczelnia_nauka,szkolenie,0,"Przygotowanie oraz prowadzenie szkoleń pn. WDRAŻANIE ROZWIĄZAŃ WODOROWYCH W PRZEDSIĘBIORSTWACH PRODUKCYJNYCH/PRZEMYŚLE/TRANSPORCIE",bazakonk,https://bazakonkurencyjnosci.funduszeeuropejskie.gov.pl/ogloszenia/284465
2026-07-09,"Akademia WSB",uczelnia_nauka,szkolenie,0,"Przygotowanie oraz prowadzenie szkoleń pn. System zarządzania bezpieczeństwem i higieną pracy wg normy ISO 45001 w ramach realizacji projektu ""Rozwój kompetencji przyszłości dopasowanych do oczekiwań rynku pracy i pracodawców""",bazakonk,https://bazakonkurencyjnosci.funduszeeuropejskie.gov.pl/ogloszenia/284458
2026-07-09,"Akademia Wychowania Fizycznego im. Polskich Olimpijczyków we Wrocławiu",uczelnia_nauka,inne,0,"Dostawa, instalacja oraz uruchomienie wirtualnej strzelnicy szkoleniowej opartej o technologię laserową, przeznaczonej do realizacji zajęć dydaktycznych oraz szkoleń z zakresu bezpiecznego i praktycznego treningu strzeleckiego dla Akademii Wychowania Fizycznego im. Polskich Olimpijczyków we Wrocławiu, w ramach realizacji projektu: „Transformacja gospodarcza czystą energią dla kompleksowych zmian AWF Wrocław”.",bazakonk,https://bazakonkurencyjnosci.funduszeeuropejskie.gov.pl/ogloszenia/283917
2026-07-09,"ALMANIA SPÓŁKA Z OGRANICZONĄ ODPOWIEDZIALNOŚCIĄ",firma_prywatna,inne,0,"Wdrożenie strategii wzorniczej przez przedsiębiorstwo Almania Sp.z o.o.",bazakonk,https://bazakonkurencyjnosci.funduszeeuropejskie.gov.pl/ogloszenia/284402
2026-07-09,"AMPRO BUDOWNICTWO SPÓŁKA Z OGRANICZONĄ ODPOWIEDZIALNOŚCIĄ",firma_prywatna,inne,0,"ZAPYTANIE OFERTOWE NR 6/2026/FELD.09.01 Recykler samojezdny – 1 sztuka",bazakonk,https://bazakonkurencyjnosci.funduszeeuropejskie.gov.pl/ogloszenia/284351
2026-07-09,"BEŁCHATOWSKA SPÓŁDZIELNIA MIESZKANIOWA",inne,inne,0,"ZAPYTANIE OFERTOWE nr 3/ Rozbiórka wiat oraz zagospodarowanie terenu",bazakonk,https://bazakonkurencyjnosci.funduszeeuropejskie.gov.pl/ogloszenia/284393
2026-07-09,"Centrum Rozwoju Społeczno-Ekonomicznego",samorzad,szkolenie,0,"ZAPYTANIE OFERTOWE nr 25/2026/MI/SZK dotyczące realizacji szkolenia „Wózki jezdniowe podnośnikowe z mechanicznym napędem podnoszenia” (w tym zapewnienie kadry trenerskiej, materiałów szkoleniowych, sal szkoleniowych, ubezpieczenia NNW, badań lekarskich oraz egzaminu) – część A, usługi cateringowej podczas usługi szkoleniowej – część B dla uczestników projektu „Most Integracji – Podkarpackie Centrum Wsparcia OPT”, prowadzone w oparciu o zasadę konkurencyjności.",bazakonk,https://bazakonkurencyjnosci.funduszeeuropejskie.gov.pl/ogloszenia/284502
2026-07-09,"Colours Factory Sp. z o. o.",firma_prywatna,inne,0,"Dostawa, montaż i uruchomienie falcerki arkuszowej (maszyny do złamywania arkuszy)",bazakonk,https://bazakonkurencyjnosci.funduszeeuropejskie.gov.pl/ogloszenia/284442
2026-07-09,"DUOLIFE SPÓŁKA AKCYJNA",firma_prywatna,inne,0,"Zapytanie Ofertowe na zakup robót i materiałów budowlanych – instalacje wodociągowe, kanalizacja sanitarna, centralne ogrzewanie, instalacje elektryczne i teletechniczne (dwie części) OZNACZENIE SPRAWY 2/2026/12/24",bazakonk,https://bazakonkurencyjnosci.funduszeeuropejskie.gov.pl/ogloszenia/284370
2026-07-09,"Edbak Sp. z o.o.",firma_prywatna,inne,0,"ZAPYTANIE OFERTOWE nr 2/1.4/FEPW z dnia 09.07.2026",bazakonk,https://bazakonkurencyjnosci.funduszeeuropejskie.gov.pl/ogloszenia/284433
2026-07-09,"Fundacja Aktywizacja Bez Granic",ngo,wdrozenie_ai,1,"Pracownik biurowy z wykorzystaniem nowoczesnych technologii, automatyzacji i sztucznej inteligencji",bazakonk,https://bazakonkurencyjnosci.funduszeeuropejskie.gov.pl/ogloszenia/284520
2026-07-09,"Gmina Baćkowice",samorzad,oprogramowanie,0,"System do zarządzania stacjami roboczymi i inwentaryzacją sprzętu IT w Ośrodku Pomocy Społecznej",bazakonk,https://bazakonkurencyjnosci.funduszeeuropejskie.gov.pl/ogloszenia/284415
2026-07-09,"Gmina Baćkowice",samorzad,oprogramowanie,0,"System do zarządzania stacjami roboczymi i inwentaryzacją sprzętu IT w Urzędzie Gminy",bazakonk,https://bazakonkurencyjnosci.funduszeeuropejskie.gov.pl/ogloszenia/284411
2026-07-09,"Hemplab Spółka z o.o.",firma_prywatna,inne,0,"Zapytanie ofertowe: System oczyszczania wody – 1 komplet",bazakonk,https://bazakonkurencyjnosci.funduszeeuropejskie.gov.pl/ogloszenia/284459
2026-07-09,"INSTYTUT BIOTECHNOLOGII SUROWIC I SZCZEPIONEK BIOMED SPÓŁKA AKCYJNA",uczelnia_nauka,sprzet_it,1,"Zapytanie ofertowe nr 4/2026 z dnia 09.07.2026 r. dotyczące dostawy, montażu, instalacji i uruchomienia urządzenia do automatycznej wizyjnej kontroli zanieczyszczeń oraz kontroli szczelności produktów w opakowaniu bezpośrednim w ramach projektu pt. „Automatyzacja i cyfryzacja procesu wytwarzania szczepionek krytycznych DTP, Clodivac, Tetana, DT, D, d i TyT, w celu wzmocnienia odporności łańcucha dostaw UE”, w ramach programu Fundusze Europejskie dla Nowoczesnej Gospodarki 2021-2027, Priorytet FENG.05 Wsparcie projektów realizujących cele inicjatywy STEP, Działanie: Fundusz ",bazakonk,https://bazakonkurencyjnosci.funduszeeuropejskie.gov.pl/ogloszenia/284456
2026-07-09,"KARKONOSKA AKADEMIA NAUK STOSOWANYCH W JELENIEJ GÓRZE",uczelnia_nauka,szkolenie,0,"„Zorganizowanie i przeprowadzenie studiów podyplomowych w roku akademickim 2026/2027” 2027 w ramach projektu pn. Razem po sukces – wzmocnienie potencjału zarządzającego i administracyjnego KANS”, w podziale na części: Część 1 – Executive MBA – Business Trends – dla 3 uczestników, 2 semestry w formie stacjonarnej, Część 2 – MBA Finanse – dla 2 uczestników, 2 semestry w formie e-learning (on-line), Część 3 – w zakresie angielskiego języka specjalistycznego – dla 1 uczestnika, 2 semestry w formie online, Część 4 – w zakresie coachingu/doradztwa – dla 2 uczestników, 2 semestry ",bazakonk,https://bazakonkurencyjnosci.funduszeeuropejskie.gov.pl/ogloszenia/284457
2026-07-09,"Lokalna Grupa Działania Małe Morze",samorzad,szkolenie,0,"Kurs Zawodowy ""Profesjonalne sprzątanie w praktyce""",bazakonk,https://bazakonkurencyjnosci.funduszeeuropejskie.gov.pl/ogloszenia/284417
2026-07-09,"Lubelska Izba Rzemieślnicza",ngo,szkolenie,0,"Kompleksowe przygotowanie i przeprowadzenie usługi szkolenia zawodowego (kursu) pn.: „Pracownik ochrony” w ramach projektu pt. „ZASILACZ - lubelski program wsparcia zatrudnienia” dla 12 osób na terenie miasta Lublin.",bazakonk,https://bazakonkurencyjnosci.funduszeeuropejskie.gov.pl/ogloszenia/284525
2026-07-09,"Maspex Food Sp. z o.o.",firma_prywatna,inne,0,"Montaż układu odzysku ciepła z kondensatu",bazakonk,https://bazakonkurencyjnosci.funduszeeuropejskie.gov.pl/ogloszenia/284422
2026-07-09,"Miasto i Gmina Działoszyn",samorzad,uslugi_it,0,"Opracowanie i wdrożenie SZBI dla Urzędu Miasta i Gminy Działoszyn",bazakonk,https://bazakonkurencyjnosci.funduszeeuropejskie.gov.pl/ogloszenia/284374
2026-07-09,"Miasto Ostrołęka",samorzad,inne,0,"Usługa przeprowadzenia promocyjnej akcji edukacyjnej w zakresie ochrony powietrza, przeciwdziałania trendom zmian klimatycznych i wykorzystania OZE dla mieszkańców Miasta Ostrołęki realizowana w ramach projektu „Termomodernizacja budynków jednostek oświatowych prowadzonych przez Miasto Ostrołęka” w ramach Programu priorytetowego „Wymiana źródeł ciepła i poprawa efektywności energetycznej szkół"", dofinansowanego w ramach Programu realizującego Inwestycję B1.1.3. Wymiana źródeł ciepła i poprawa efektywności energetycznej szkół, Komponent B ""Zielona energia i zmniejszenie ener",bazakonk,https://bazakonkurencyjnosci.funduszeeuropejskie.gov.pl/ogloszenia/283760
2026-07-09,"Miejski Zarząd Dróg",samorzad,inne,0,"Zimowe utrzymanie dróg na terenie miasta Zabrze w sezonie zimowym 2026/207 w podziale na części.",ted,https://ted.europa.eu/pl/notice/-/detail/474172-2026
2026-07-09,"Muzeum Warmii i Mazur w Olsztynie",inne,inne,0,"Usługa nadzoru inwestorskiego nad zadaniem pn. Wykonanie robót budowlanych prac i konserwatorskich w ramach projektu pn. „Nowoczesne muzeum w zabytkowych murach – podniesienie atrakcyjności turystycznej Zamku Kapituły Warmińskiej w Olsztynie – Pomnika Historii, będącego świadectwem działalności Mikołaja Kopernika""",ted,https://ted.europa.eu/pl/notice/-/detail/475030-2026
2026-07-09,"Ogólnopolski Operator Oświaty",oswiata,inne,0,"POSTĘPOWANIE NR 1/FEWP/31/2026 O UDZIELENIE ZAMÓWIENIA ZGODNIE Z ZASADĄ KONKURENCYJNOŚCI NA ZAKUP, DOSTAWĘ, WNIESIENIE ORAZ MONTAŻ KABINY AKUSTYCZNEJ TYPU „CICHY DOMEK” LUB ROZWIĄZANIA RÓWNOWAŻNEGO POD WZGLĘDEM FUNKCJONALNYM DO PUBLICZNEGO PRZEDSZKOLA RUBI W CZERWONAKU",bazakonk,https://bazakonkurencyjnosci.funduszeeuropejskie.gov.pl/ogloszenia/284439
2026-07-09,"OIC POLAND Fundacja Akademii WSEI",ngo,szkolenie,0,"Zaproszenie do składania ofert nr 14/O/2026 dotyczące organizacji i przeprowadzenia szkolenia zawodowego: Pracownik biurowy w erze AI, ze znajomością RODO i umów w zakresie praw konsumenckich oraz umiejętnością budżetowania w arkuszu kalkulacyjnym i certyfikacją ECDL Profile",bazakonk,https://bazakonkurencyjnosci.funduszeeuropejskie.gov.pl/ogloszenia/284409
2026-07-09,"Ośrodek Żeglarstwa i Turystyki Wodnej Camp-Pisz Łachacz Marek",inne,inne,0,"Odtwarzanie dziedzictwa cukierniczego regionu w hotelu Joseph Conrad.",bazakonk,https://bazakonkurencyjnosci.funduszeeuropejskie.gov.pl/ogloszenia/284446
2026-07-09,"Państwowe Gospodarstwo Wodne Wody Polskie",administracja_centralna,inne,0,"Polska – Usługi w zakresie napraw i konserwacji materiałów dla bezpieczeństwa i obrony – Usuwanie awarii i przegląd agregatów i instalacji hydraulicznych ZPH śluza Kłodnica, ZPH śluza Łabędy oraz ZPH Stopień Wodny Koźle",ted,https://ted.europa.eu/pl/notice/-/detail/474184-2026
2026-07-09,"PGL LP Nadleśnictwo Nawojowa",administracja_centralna,inne,0,"Konserwacja wolier born to be free w 2026 roku wraz z ogrodzeniami okalającymi, w ramach realizacji realizacji projektu „Razem dla natury - ochrona gatunków i siedlisk na terenach cennych przyrodniczo”, współfinansowanego z Programu FEnIKS 2021-2027.",bazakonk,https://bazakonkurencyjnosci.funduszeeuropejskie.gov.pl/ogloszenia/284250
2026-07-09,"Powiat Myszkowski",samorzad,inne,0,"Organizacja kampanii informacyjno-edukacyjnych kształtujących świadomość ekologiczną w ramach realizacji projektu pn.: „Kompleksowa termomodernizacja budynku Starostwa Powiatowego w Myszkowie” współfinansowanego ze środków Unii Europejskiej oraz Budżetu Powiatu Myszkowskiego w ramach Funduszy Europejskich dla Śląskiego 2021-2027. Priorytet FESL.02.00 Fundusze Europejskie na zielony rozwój, FESL.02.02-Efektywność energetyczna budynków użyteczności publicznej – ZIT",bazakonk,https://bazakonkurencyjnosci.funduszeeuropejskie.gov.pl/ogloszenia/284453
2026-07-09,"Przedsiębiorstwo Gospodarki Komunalnej ""Dolina Baryczy"" sp. z o.o.",spolka_komunalna,uslugi_it,0,"Wzmocnienie cyberodporności sieci IT i OT oraz ciągłości działania w Przedsiębiorstwie Gospodarki Komunalnej ""Dolina Baryczy"" sp. z o.o. poprzez wdrożenie kluczowych środków technicznych oraz rozwój kompetencji",bazakonk,https://bazakonkurencyjnosci.funduszeeuropejskie.gov.pl/ogloszenia/284391
2026-07-09,"Quality Meat Pawęta Spółka z ograniczoną odpowiedzialnością",firma_prywatna,inne,0,"Dostawa i montaż fabrycznie nowych maszyn/urządzeń w częściach: Część I: automatycznej krajalnicy do krojenia wędlin, Część II: automatu ważąco-etykietującego wraz z oprogramowaniem do tworzenia etykiet, zbierania danych z ważeń, tworzenia raportów produkcyjnych",bazakonk,https://bazakonkurencyjnosci.funduszeeuropejskie.gov.pl/ogloszenia/284510
2026-07-09,"RHS SPÓŁKA Z OGRANICZONĄ ODPOWIEDZIALNOŚCIĄ",firma_prywatna,inne,0,"Zapytanie ofertowe nr red_RHS_3",bazakonk,https://bazakonkurencyjnosci.funduszeeuropejskie.gov.pl/ogloszenia/284352
2026-07-09,"RHS SPÓŁKA Z OGRANICZONĄ ODPOWIEDZIALNOŚCIĄ",firma_prywatna,inne,0,"Zapytanie ofertowe nr red_RHS_2",bazakonk,https://bazakonkurencyjnosci.funduszeeuropejskie.gov.pl/ogloszenia/284350
2026-07-09,"RHS SPÓŁKA Z OGRANICZONĄ ODPOWIEDZIALNOŚCIĄ",firma_prywatna,inne,0,"Zapytanie ofertowe nr red_RHS_4",bazakonk,https://bazakonkurencyjnosci.funduszeeuropejskie.gov.pl/ogloszenia/284354
2026-07-09,"RHS SPÓŁKA Z OGRANICZONĄ ODPOWIEDZIALNOŚCIĄ",firma_prywatna,inne,0,"Zapytanie ofertowe nr red_RHS_1",bazakonk,https://bazakonkurencyjnosci.funduszeeuropejskie.gov.pl/ogloszenia/284348
2026-07-09,"RHS SPÓŁKA Z OGRANICZONĄ ODPOWIEDZIALNOŚCIĄ",firma_prywatna,inne,0,"Zapytanie ofertowe nr red_RHS_5",bazakonk,https://bazakonkurencyjnosci.funduszeeuropejskie.gov.pl/ogloszenia/284356
2026-07-09,"Riot Sp. z o.o.",firma_prywatna,inne,0,"Dostawa materiałów skrawających",bazakonk,https://bazakonkurencyjnosci.funduszeeuropejskie.gov.pl/ogloszenia/284429
2026-07-09,"Stowarzyszenie Youth Human Impact",ngo,inne,0,"Pracownik biurowy z elementami sprzedaży",bazakonk,https://bazakonkurencyjnosci.funduszeeuropejskie.gov.pl/ogloszenia/284509
2026-07-09,"Uniwersytet Rzeszowski",uczelnia_nauka,sprzet_it,0,"Sprzedaż i dostawa fabrycznie nowego, nieużywanego sprzętu komputerowego dla Wydziału Prawa i Administracji Uniwersytetu Rzeszowskiego.",ted,https://ted.europa.eu/pl/notice/-/detail/474011-2026
2026-07-09,"Uniwersytet WSB Merito w Gdańsk",uczelnia_nauka,inne,0,"48/2026/WPAU372 Blooming Inspire Space - Zorganizowanie spotkań dla pracowników uczelni UWSB Merito w Gdańsku z uznanymi liderami, przedsiębiorcami i ekspertami z wybranych dziedzin.",bazakonk,https://bazakonkurencyjnosci.funduszeeuropejskie.gov.pl/ogloszenia/284060
2026-07-09,"Uniwersytet WSB Merito w Gdańsk",uczelnia_nauka,szkolenie,0,"46/2026/WPAU372 Przeprowadzenie Kursu Mentora dla pracowników UWSB Merito w Gdańsku",bazakonk,https://bazakonkurencyjnosci.funduszeeuropejskie.gov.pl/ogloszenia/284104
2026-07-09,"Uniwersytet WSB Merito w Poznaniu",uczelnia_nauka,inne,0,"Dostawa wyposażenia laboratoriów do realizacji praktycznych elementów kształcenia na kierunku DIETETYKA na Uniwersytecie WSB Merito w Poznaniu",bazakonk,https://bazakonkurencyjnosci.funduszeeuropejskie.gov.pl/ogloszenia/284414
2026-07-09,"VISIMIND LTD SPÓŁKA Z OGRANICZONĄ ODPOWIEDZIALNOŚCIĄ",firma_prywatna,badania_rd,1,"„Zakup infrastruktury B+R przez VISIMIND LTD Sp. z o.o. służący tworzeniu innowacyjnych usług - dostawa Skalowalnej infrastruktury macierzy danych treningowych AI i GIS (hurtownia danych B+R) tj. dysków (32 szt.).”",bazakonk,https://bazakonkurencyjnosci.funduszeeuropejskie.gov.pl/ogloszenia/284443
2026-07-09,"Wodociągi Chrzanowskie",spolka_komunalna,uslugi_it,0,"Opracowanie, wdrożenie, przegląd i aktualizacja Systemu Zarządzania Bezpieczeństwem Informacji (SZBI) wraz ze szkoleniem z zakresu cyberbezpieczeństwa w ramach projektu „Cyfrowa tarcza dla Wodociągów Chrzanowskich”",bazakonk,https://bazakonkurencyjnosci.funduszeeuropejskie.gov.pl/ogloszenia/284440
2026-07-09,"Wodociągi Chrzanowskie",spolka_komunalna,uslugi_it,0,"Świadczenie usług cyberbezpieczeństwa oraz wdrożenie systemów bezpieczeństwa IT/OT dla Wodociągów Chrzanowskich w ramach projektu „Cyfrowa tarcza dla Wodociągów Chrzanowskich”.",bazakonk,https://bazakonkurencyjnosci.funduszeeuropejskie.gov.pl/ogloszenia/284419
2026-07-09,"Województwo Zachodniopomorskie",samorzad,inne,0,"Kompleksowe świadczenie usług na potrzeby organizacji 2 konferencji w ramach „Projektu szkoleniowego ROPS” Zapytanie składa się z dwóch części: Część 1 - Kompleksowe świadczenie usług na potrzeby organizacji konferencji w Szczecinie w ramach „Projektu szkoleniowego ROPS” Część 2 - Kompleksowe świadczenie usług na potrzeby organizacji konferencji w Kołobrzegu w ramach „Projektu szkoleniowego ROPS” Wykonawca nie jest zobowiązany do złożenia oferty w ramach obu części postępowania. Szczegóły dotyczące zapytania ofertowego wraz opisem przedmiotu zamówienia do pobrania w załącze",bazakonk,https://bazakonkurencyjnosci.funduszeeuropejskie.gov.pl/ogloszenia/284299
2026-07-09,"Zakład Doskonalenia Zawodowego",oswiata,szkolenie,0,"65/ZK/2025/NK-NS „Przeprowadzenie zajęć dydaktycznych i/lub procesu walidacji przez trenerów/instruktorów na kursie Opiekun(ka) w żłobku/klubie dziecięcym” w celu realizacji projektu pn. „NOWE KWALIFIKACJE-NOWY START”",bazakonk,https://bazakonkurencyjnosci.funduszeeuropejskie.gov.pl/ogloszenia/284412
2026-07-08,"""GÓRNOŚLĄSKO - ZAGŁĘBIOWSKA METROPOLIA""",samorzad,inne,0,"Zeroemisyjny tabor kolejowy dla Górnośląsko-Zagłębiowskiej Metropolii oraz Województwa Śląskiego",ted,https://ted.europa.eu/pl/notice/-/detail/471462-2026
2026-07-08,"Akademia Górniczo-Hutnicza im. Stanisława Staszica w Krakowie",uczelnia_nauka,sprzet_it,1,"Dostawa 5 szt. notebooków przeznaczonych przez producenta do zaawansowanych prac z dziedziny animacji trójwymiarowej oraz sztucznej inteligencji na potrzeby WI - KC-DE-zp.25.294.2026",ted,https://ted.europa.eu/pl/notice/-/detail/469197-2026
2026-07-08,"Akademia WSB",uczelnia_nauka,szkolenie,0,"Zapytanie ofertowe nr 4/FERS/0133/2026 - Przygotowanie i przeprowadzenie szkoleń dla pracowników(-czek) dydaktycznych Akademii WSB z zakresu metody case study w dydaktyce akademickiej",bazakonk,https://bazakonkurencyjnosci.funduszeeuropejskie.gov.pl/ogloszenia/284271
2026-07-08,"Akademia WSB",uczelnia_nauka,szkolenie,1,"Zapytanie ofertowe nr 3/FERS/0133/2026 - Przygotowanie i przeprowadzenie szkolenia pn.: „Wykorzystanie sztucznej inteligencji (AI) w dydaktyce akademickiej i pracy badawczej” dla osób prowadzących w Akademii WSB zajęcia dydaktyczne na różnych kierunkach.",bazakonk,https://bazakonkurencyjnosci.funduszeeuropejskie.gov.pl/ogloszenia/284230
2026-07-08,"ALBOR BOGDAN NIEDBAŁA SPÓŁKA Z OGRANICZONĄ ODPOWIEDZIALNOŚCIĄ",firma_prywatna,inne,0,"ZAPYTANIE OFERTOWE nr ALBOR/2/2026 dotyczące zakupu i montażu instalacji fotowoltaicznej o mocy 200640 Wp i nowego transformatora z przekaźnikami 400 kVA.",bazakonk,https://bazakonkurencyjnosci.funduszeeuropejskie.gov.pl/ogloszenia/284207
2026-07-08,Almus,firma_prywatna,uslugi_it,0,"Zaprojektowanie oraz wdrożenie systemu dla inteligentnego planowania kadr w kontekście projektu pn. ""Wdrożenie produkcji innowacyjnych papierów toaletowych i ręczników oraz unikalnego narzędzia informatycznego""",bazakonk,https://bazakonkurencyjnosci.funduszeeuropejskie.gov.pl/ogloszenia/284229
2026-07-08,"Centrum Kultury Podgórza w Krakowie",inne,uslugi_it,0,"Audyt dostępności informacyjno-komunikacyjnej Centrum Kultury Podgórza wraz z opracowaniem rekomendacji wdrożeniowych",bazakonk,https://bazakonkurencyjnosci.funduszeeuropejskie.gov.pl/ogloszenia/284312
2026-07-08,"Certes Sp. z o.o.",firma_prywatna,inne,0,"Zapytanie ofertowe nr NKNJ2/02/2026",bazakonk,https://bazakonkurencyjnosci.funduszeeuropejskie.gov.pl/ogloszenia/284251
2026-07-08,"Certes Sp. z o.o.",firma_prywatna,inne,0,"Zapytanie ofertowe nr NKNJ/02/07/2026",bazakonk,https://bazakonkurencyjnosci.funduszeeuropejskie.gov.pl/ogloszenia/284238
2026-07-08,"Europejski Dom Spotkań - Fundacja Nowy Staw",ngo,inne,0,"ZAPYTANIE OFERTOWE nr 14/NOM/2026 W TRYBIE ZASADY KONKURENCYJNOŚCI PROCEDURA WYBORU WYKONAWCY",bazakonk,https://bazakonkurencyjnosci.funduszeeuropejskie.gov.pl/ogloszenia/284270
2026-07-08,"Flukar Sp. z o. o.",firma_prywatna,badania_rd,0,"Dostawa surowców/odczynników na potrzeby prowadzonych prac B+R",bazakonk,https://bazakonkurencyjnosci.funduszeeuropejskie.gov.pl/ogloszenia/284318
2026-07-08,"GALPAK Konrad Galas",firma_prywatna,inne,0,"Dostawa i wdrożenie automatu drukującego do opakowań drewnianych",bazakonk,https://bazakonkurencyjnosci.funduszeeuropejskie.gov.pl/ogloszenia/284309
2026-07-08,"GLASS <mark>SYSTEM</mark> TECHNOLOGIES Spółka Akcyjna",firma_prywatna,inne,0,"Przedmiotem zamówienia jest zaprojektowanie i wykonanie kampanii promocyjnej dla firmy GLASS SYSTEM TECHNOLOGIES Spółka Akcyjna.",bazakonk,https://bazakonkurencyjnosci.funduszeeuropejskie.gov.pl/ogloszenia/284219
2026-07-08,"Gmina Baćkowice",samorzad,uslugi_it,0,"Wdrożenie domeny dla Urzędu Gminy",bazakonk,https://bazakonkurencyjnosci.funduszeeuropejskie.gov.pl/ogloszenia/284261
2026-07-08,"Gmina Kamienica Polska",samorzad,szkolenie,0,"Kopia Gmina Kamienica Polska kieruje zapytanie ofertowe na świadczenie usługi przeprowadzenia: Tematycznych warsztatów kompetencyjnych “life skills” – trening umiejętności społecznych, zdrowotnych, w ramach projektu pn. ""LOWE – Lokalny Ośrodek Wiedzy i Edukacji w Kamienicy Polskiej” w Gminie Kamienica Polska.",bazakonk,https://bazakonkurencyjnosci.funduszeeuropejskie.gov.pl/ogloszenia/284286
2026-07-08,"Gminny Osrodek Pomocy Społecznej w Radzyniu Podlaskim",samorzad,inne,0,"Realizacja usługi polegającej na organizacji dowozu i odwozu podopiecznych do Dziennego Domu Pobytu (DDP) w msc. Brzostówiec ,biorących udział w projekcie pn. „Wsparcie i integracja – usługi społeczne dla mieszkańców Gminy Radzyń Podlaski” nr FELU.08.05-IZ.00-0050/25",bazakonk,https://bazakonkurencyjnosci.funduszeeuropejskie.gov.pl/ogloszenia/284264
2026-07-08,"Gminny Ośrodek Pomocy Społecznej w Stoczku Łukowskim",samorzad,szkolenie,0,"Zapytanie Ofertowe w sprawie zamówienia dotyczącego organizacji i prowadzenia grupowych warsztatów terapeutycznych skierowanych do dzieci w projekcie pn. „Wsparcie rodziny w Gminie Stoczek Łukowski” nr FELU.08.08-IZ.00-0031/25",bazakonk,https://bazakonkurencyjnosci.funduszeeuropejskie.gov.pl/ogloszenia/284321
2026-07-08,"KMB Catalyst sp z o.o.",firma_prywatna,inne,0,"Katalizatory spalania dla kotłów: pyłowych, rusztowych i fluidalnych",bazakonk,https://bazakonkurencyjnosci.funduszeeuropejskie.gov.pl/ogloszenia/278787
2026-07-08,"Miejski Ośrodek Pomocy Społecznej w Suchej Beskidzkiej",samorzad,inne,0,"Aktywizacja zawodowa uczestników i uczestniczek projektu: Znowu aktywni realizowanego przez Miejski Ośrodek Pomocy Społecznej w Suchej Beskidzkiej.",bazakonk,https://bazakonkurencyjnosci.funduszeeuropejskie.gov.pl/ogloszenia/284239
2026-07-08,"Miejsko-Gminny Ośrodek Pomocy Społecznej",samorzad,inne,0,"Centrum Usług Społecznych w Solcu nad Wisłą",bazakonk,https://bazakonkurencyjnosci.funduszeeuropejskie.gov.pl/ogloszenia/280652
2026-07-08,"Miejsko-Gminny Ośrodek Pomocy Społecznej",samorzad,inne,0,"""Centrum Usług Społecznych w Solcu nad Wisłą""",bazakonk,https://bazakonkurencyjnosci.funduszeeuropejskie.gov.pl/ogloszenia/284265
2026-07-08,"Odlewnia Żeliwa Simiński-Ordon Spółka Komandytowo-Akcyjna",firma_prywatna,inne,0,"Dostawa automatycznej linii do formowania odlewów na potrzeby realizacji przedsięwzięcia „Wdrożenie innowacyjnej metody modyfikacji struktury żeliwa wermikularnego na potrzeby odlewów cienkościennych” – w ramach Priorytetu FENG 01. Wsparcie dla przedsiębiorców; Działanie FENG.01.01 Ścieżka SMART; Nabór FENG.01.01-IP.02-002/26",bazakonk,https://bazakonkurencyjnosci.funduszeeuropejskie.gov.pl/ogloszenia/284237
2026-07-08,"Ośrodek Promowania i Wspierania Przedsiębiorczości Rolnej w Sandomierzu",samorzad,inne,0,"ZAPYTANIE OFERTOWE NR 19/01.05/NRiPRS/2025 z dnia 08 lipca 2026 r. w projekcie „Nowoczesne rolnictwo i przetwórstwo rolno-spożywcze szansą na rozwój MŚP w regionie” współfinansowanego z Europejskiego Funduszu Rozwoju Regionalnego w ramach działania 1.5 „Zwiększenie potencjału MŚP i rozwój regionalnego ekosystemu innowacji” Priorytet 1 „Fundusze europejskie dla konkurencyjne gospodarki” Programu Fundusze Europejskie dla Świętokrzyskiego 2021-2027 Realizując projekt pn. „Nowoczesne rolnictwo i przetwórstwo rolno-spożywcze szansą na rozwój MŚP w regionie”” nr FESW.01.05-IZ.00-",bazakonk,https://bazakonkurencyjnosci.funduszeeuropejskie.gov.pl/ogloszenia/284215
2026-07-08,"POK ZACHÓD SPÓŁKA Z OGRANICZONĄ ODPOWIEDZIALNOŚCIĄ",firma_prywatna,inne,0,"POK Green Park- centrum magazynowania i przeładunku kolejowo-samochodowego.",bazakonk,https://bazakonkurencyjnosci.funduszeeuropejskie.gov.pl/ogloszenia/284247
2026-07-08,"Przedsiębiorstwo Wodociągów i Kanalizacji Sp. z o.o.",spolka_komunalna,oprogramowanie,0,"Dostawa i wdrożenie sprzętu informatycznego i oprogramowania oraz świadczenie usług w ramach projektu pn. „Cyberbezpieczne wodociągi w Dębnie"".",bazakonk,https://bazakonkurencyjnosci.funduszeeuropejskie.gov.pl/ogloszenia/284172
2026-07-08,"Smarter Diagnostics sp. z o.o.",firma_prywatna,inne,0,"FENG/SD/20/2026 - Umowa zlecenie na stanowisko radiologa celem opracowania danych obrazowych rezonansu magnetycznego na potrzeby projektu badawczego",bazakonk,https://bazakonkurencyjnosci.funduszeeuropejskie.gov.pl/ogloszenia/284211
2026-07-08,"Stowarzyszenie Youth Human Impact",ngo,inne,0,"01/PPwW/2026 Pośrednictwo Pracy",bazakonk,https://bazakonkurencyjnosci.funduszeeuropejskie.gov.pl/ogloszenia/284333
2026-07-08,"Uczelnia Techniczno-Handlowa im. Heleny Chodkowskiej",uczelnia_nauka,szkolenie,0,"UTH5.0/2026/07/01 Kompleksowa realizacja certyfikowanych szkoleń: SMS - System Zarządzania Bezpieczeństwem (Safety Management System) oraz Transport materiałów niebezpiecznych drogą powietrzną.",bazakonk,https://bazakonkurencyjnosci.funduszeeuropejskie.gov.pl/ogloszenia/284274
2026-07-08,"Uniwersytecki Szpital Kliniczny im. Fryderyka Chopina",szpital_zdrowie,uslugi_it,0,"Wdrożenie Systemu Zarządzania Bezpieczeństwem Informacji oraz przeprowadzenie szkoleń dla personelu i kadry zarządzającej",bazakonk,https://bazakonkurencyjnosci.funduszeeuropejskie.gov.pl/ogloszenia/284296
2026-07-08,"UNIWERSYTET OPOLSKI, Opole",uczelnia_nauka,sprzet_it,1,"D/60/2026/A Zakup i dostawa zestawu serwerowego obliczeniowego do zastosowań Sztucznej Inteligencji (serwer + 2 monitory + akcesoria) – 1 szt.",ezam,https://ezamowienia.gov.pl/mp-client/search/list/08dedcee-a280-334e-2028-230001af0f2c
2026-07-08,"Vortex Sp. z o. o.",firma_prywatna,oprogramowanie,0,"„RadAir - modułowy system obserwacyjno-analityczny dla wsparcia bezpieczeństwa i ochrony infrastruktury krytycznej oraz środowiska”",bazakonk,https://bazakonkurencyjnosci.funduszeeuropejskie.gov.pl/ogloszenia/284305
2026-07-08,"Warmińsko- Mazurska Agencja Rozwoju Regionalnego S.A. w Olsztynie",administracja_centralna,inne,0,"Projekt pn. „WA-MA Inkubator” jest realizowany zgodnie z umową o dofinansowanie projektu nr FEWM.01.08-IZ.00-0009/24-00 z dnia 18.07.2025 r. oraz Aneksem nr FEWM.01.08-IZ.00-0009/24-01 z dnia 18.07.2025 r. Projekt realizowany jest przez Warmińsko-Mazurską Agencją Rozwoju Regionalnego S.A. w Olsztynie, Gminę Olsztyn/Olsztyński Park Naukowo-Technologiczny w partnerstwie z Gminą Miasto Elbląg – Elbląski Park Technologiczny.",bazakonk,https://bazakonkurencyjnosci.funduszeeuropejskie.gov.pl/ogloszenia/284301
2026-07-08,"Zakład Wodociągów i Kanalizacji",spolka_komunalna,uslugi_it,0,"Wdrożenie zintegrowanej architektury odporności IT i OT wraz z przygotowaniem kompetencyjnym i organizacyjnym Zamawiającego na cyberataki.",bazakonk,https://bazakonkurencyjnosci.funduszeeuropejskie.gov.pl/ogloszenia/284204
2026-07-08,"Związek Centralny Dzieła Kolpinga w Polsce",ngo,szkolenie,1,"Szkolenie z zakresu AI, wraz z egzaminem certyfikującym, KRAKÓW",bazakonk,https://bazakonkurencyjnosci.funduszeeuropejskie.gov.pl/ogloszenia/284263
2026-07-08,"Związek Komunalny ""Wodociąg Lisowice""",spolka_komunalna,uslugi_it,0,"„Cyberbezpieczne Wodociągi” dofinansowanego w formie grantu z Krajowego Planu Odbudowy i Zwiększenia Odporności ze środków Instrumentu na Rzecz Odbudowy i Zwiększania Odporności Inwestycji C3.1.1. Cyberbezpieczeństwo – CyberPL, infrastruktura przetwarzania danych oraz optymalizacja infrastruktury służb państwowych odpowiedzialnych za bezpieczeństwo Cyberbezpieczeństwo – Cyberbezpieczne Wodociągi",bazakonk,https://bazakonkurencyjnosci.funduszeeuropejskie.gov.pl/ogloszenia/284218
2026-07-07,Almus,firma_prywatna,inne,0,"Dostawa urządzeń do produkcji chusteczek oraz do ich pakowania i paletyzowania w kontekście projektu pn. ""Wdrożenie autorskiej technologii produkcji chusteczek oraz innowacyjnych rozwiązań IT w zakładzie Almus""",bazakonk,https://bazakonkurencyjnosci.funduszeeuropejskie.gov.pl/ogloszenia/284120
2026-07-07,"Anna Piekarska Ogrody Anna Piekarska",firma_prywatna,inne,0,"Zakup i dostawa: Obrotowy podnośnik teleskopowy – 1 sztuka ZAPYTANIE OFERTOWE NR 1/FELD.09.01-75/25",bazakonk,https://bazakonkurencyjnosci.funduszeeuropejskie.gov.pl/ogloszenia/284157
2026-07-07,"BEATA CHLEBIŃSKAGUŻEL",oswiata,inne,0,"Wyposażenie przedszkola w niezbędne zabawki i pomoce dydaktyczne",bazakonk,https://bazakonkurencyjnosci.funduszeeuropejskie.gov.pl/ogloszenia/284192
2026-07-07,"Biuro SULTUM Sylwia Brzechwa",firma_prywatna,szkolenie,0,"Zapytanie ofertowe nr 10/SP/07/26 – KURS pn.: „FLORYSTA” podnoszący kompetencje/kwalifikacje i przygotowanie do egzaminu zewnętrznego dla 12 Uczestników/czek projektu pn. „Siła przemiany”",bazakonk,https://bazakonkurencyjnosci.funduszeeuropejskie.gov.pl/ogloszenia/284093
2026-07-07,"CARITAS DIECEZJI KIELECKIEJ",ngo,oprogramowanie,0,"„Światło nadziei""-system wsparcia środowiskowego osób niesamodzielnych w Caritas Diecezji Kieleckiej",bazakonk,https://bazakonkurencyjnosci.funduszeeuropejskie.gov.pl/ogloszenia/283435
2026-07-07,"EKSPOL SPÓŁKA AKCYJNA",firma_prywatna,inne,0,"EuroTier 2026: WYKONANIE ZABUDOWY STOISKA WRAZ Z ZAPLECZEM Z WYPOSAŻENIEM ORAZ USŁUGĄ MONTAŻU I DEMONTAŻU STOISKA",bazakonk,https://bazakonkurencyjnosci.funduszeeuropejskie.gov.pl/ogloszenia/284127
2026-07-07,"Fundacja INGENIUM",ngo,szkolenie,0,"Zapytanie ofertowe 8/PPCAL/2026 dot. szkolenia z sensoplastyki",bazakonk,https://bazakonkurencyjnosci.funduszeeuropejskie.gov.pl/ogloszenia/282905
2026-07-07,"Fundacja Razem",ngo,inne,0,"ZAPYTANIE OFERTOWE NR 10/NKLZ/FR/2025",bazakonk,https://bazakonkurencyjnosci.funduszeeuropejskie.gov.pl/ogloszenia/284141
2026-07-07,"Fundacja Razem",ngo,inne,0,"ZAPYTANIE OFERTOWE NR 12/NPZ/FR/2026",bazakonk,https://bazakonkurencyjnosci.funduszeeuropejskie.gov.pl/ogloszenia/284138
2026-07-07,"FUNDACJA ROZWOJU INICJATYW OBYWATELSKICH",ngo,inne,0,"Zapytanie ofertowe wraz załącznikami nr 07/ZAK/2026",bazakonk,https://bazakonkurencyjnosci.funduszeeuropejskie.gov.pl/ogloszenia/284195
2026-07-07,"FUNDACJA ROZWOJU INICJATYW OBYWATELSKICH",ngo,inne,0,"Zapytanie ofertowe nr 03/WRW/2026",bazakonk,https://bazakonkurencyjnosci.funduszeeuropejskie.gov.pl/ogloszenia/284191
2026-07-07,"Gmina Bytom – Miejski Zarząd Dróg i Mostów",samorzad,inne,0,"Polska – Usługi sprzątania oraz usługi sanitarne na obszarach miejskich lub wiejskich oraz usługi powiązane – Letnie i zimowe utrzymanie czystości i konserwacja zieleni poza pasem drogowym na terenie miasta Bytomia w podziale na części z możliwością zastosowania opcji",ted,https://ted.europa.eu/pl/notice/-/detail/467140-2026
2026-07-07,"Gmina Deszczno",samorzad,uslugi_it,0,"Dostawa i wdrożenie systemu klasy NDR (Network Detection and Response) dla Urzędu Gminy Deszczno w ramach projektu „Cyberbezpieczny Samorząd”",bazakonk,https://bazakonkurencyjnosci.funduszeeuropejskie.gov.pl/ogloszenia/284186
2026-07-07,"Innovations for Heart and Vessels Sp. z o.o.",firma_prywatna,inne,0,"Dostawa 2 sztuk dygestoriów nastołowych na potrzeby realizacji projektu pn. „Opracowanie technologii produkcji oraz prototypów polimerowych implantów zastawkowych do przezskórnego i małoinwazyjnego leczenia wad zastawkowych”",bazakonk,https://bazakonkurencyjnosci.funduszeeuropejskie.gov.pl/ogloszenia/284128
2026-07-07,"Konfederacja Lewiatan",ngo,inne,0,"Analiza prawna dotycząca stosowania przepisów UE w zakresie konfliktu interesów i zasad partnerstwa przy realizacji projektów współfinansowanych ze środków UE.",bazakonk,https://bazakonkurencyjnosci.funduszeeuropejskie.gov.pl/ogloszenia/284137
2026-07-07,"Locon Sp.zo.o.",firma_prywatna,wdrozenie_ai,1,"Zapytanie ofertowe dotyczy pozyskania podwykonawcy usług badawczych (software android developer) w zakresie rozwoju i integracji aplikacji mobilnej na platformę Android, w tym implementacji i optymalizacji modelu AI działającego lokalnie na urządzeniach mobilnych, integracji z danymi w czasie rzeczywistym oraz testowania wydajności i kompatybilności aplikacji na różnych urządzeniach, przeprowadzane jest w związku z realizacją projektu pod nazwą „Stop Hejt: Opracowanie i implementacja zaawansowanego modelu AI do ochrony dzieci przed hejtem i cyberprzemocą w mediach społeczno",bazakonk,https://bazakonkurencyjnosci.funduszeeuropejskie.gov.pl/ogloszenia/284155
2026-07-07,"Locon Sp.zo.o.",firma_prywatna,uslugi_it,0,"Zapytanie ofertowe dotyczy pozyskania podwykonawcy usług badawczych (analityk systemowy) w zakresie projektowania systemu IT - analizy systemowej, w tym analizy i specyfikacji wymagań funkcjonalnych i niefunkcjonalnych, wymagań wydajnościowych oraz integracyjnych dla systemu AI i aplikacji mobilnej, przeprowadzane jest w związku z realizacją projektu pod nazwą „Stop Hejt: Opracowanie i implementacja zaawansowanego modelu AI do ochrony dzieci przed hejtem i cyberprzemocą w mediach społecznościowych”, o numerze FENG.01.01-IP.02-0206/24.",bazakonk,https://bazakonkurencyjnosci.funduszeeuropejskie.gov.pl/ogloszenia/284151
2026-07-07,"Locon Sp.zo.o.",firma_prywatna,wdrozenie_ai,1,"Zapytanie ofertowe dotyczy pozyskania podwykonawcy usług badawczych (Tester wiodący), w zakresie planowania, prowadzenia i nadzorowania testów funkcjonalnych, wydajnościowych i długoterminowych aplikacji mobilnej zintegrowanej z modelem AI na platformie Android, przeprowadzane jest w związku z realizacją projektu pod nazwą „Stop Hejt: Opracowanie i implementacja zaawansowanego modelu AI do ochrony dzieci przed hejtem i cyberprzemocą w mediach społecznościowych”, o numerze FENG.01.01-IP.02-0206/24.",bazakonk,https://bazakonkurencyjnosci.funduszeeuropejskie.gov.pl/ogloszenia/284159
2026-07-07,"Maxfrut Sp. z o. o.",firma_prywatna,inne,0,"Dostawa, montaż i uruchomienie stacji filtracji do eliminacji bakterii ACB",bazakonk,https://bazakonkurencyjnosci.funduszeeuropejskie.gov.pl/ogloszenia/284117
2026-07-07,"Mega Sp. z o.o.",firma_prywatna,inne,0,"Wykrawarka młoteczkowa - 1 szt.",bazakonk,https://bazakonkurencyjnosci.funduszeeuropejskie.gov.pl/ogloszenia/284072
2026-07-07,"Miasto Stołeczne Warszawa Dzielnica Wola",samorzad,inne,0,"Świadczenie usług z zakresu zimowego i letniego oczyszczania dróg będących w zarządzie Dzielnicy Wola – numer postępowania: 43/ZP/26.",ted,https://ted.europa.eu/pl/notice/-/detail/464937-2026
2026-07-07,"MIX Filters Spółka z ograniczoną odpowiedzialnością",firma_prywatna,inne,0,"Dostawa kleju do pakietu filtracyjnego na potrzeby realizacji projektu pn. „Filtr wielokrotnego zastosowania z wymiennym pakietem filtracyjnym o wysokości 1200 mm”",bazakonk,https://bazakonkurencyjnosci.funduszeeuropejskie.gov.pl/ogloszenia/284071
2026-07-07,"Muzeum Narodowe we Wrocławiu",inne,inne,0,"Dostawa energii elektrycznej do Muzeum Narodowego we Wrocławiu i jego Oddziałów w okresie 12 miesięcy.",ted,https://ted.europa.eu/pl/notice/-/detail/464855-2026
2026-07-07,"Nadleśnictwo Iława",administracja_centralna,inne,0,"Opracowanie dokumentacji projektowej budowy zastawek i zasypywania rowów w leśnictwach Gardyny, Rydzewo, Smolniki.",bazakonk,https://bazakonkurencyjnosci.funduszeeuropejskie.gov.pl/ogloszenia/284118
2026-07-07,"Ogólnopolskie Porozumienie Związków Zawodowych",ngo,inne,0,"Opracowanie poradnika „Profesjonalny Związkowiec – Kompendium Wiedzy dla Przedstawicieli Związków Zawodowych” zgodnie z wytycznymi określonymi przez Zamawiającego.",bazakonk,https://bazakonkurencyjnosci.funduszeeuropejskie.gov.pl/ogloszenia/284190
2026-07-07,"Państwowe Gospodarstwo Wodne Wody Polskie",administracja_centralna,inne,0,"Dostawy mebli na potrzeby RZGW Gliwice i jednostek podległych",ted,https://ted.europa.eu/pl/notice/-/detail/465762-2026
2026-07-07,"Phoenix Systems Sp. z o.o.",firma_prywatna,badania_rd,0,"Przeprowadzenie badań kompatybilności elektromagnetycznej (EMC) dla kontrolera lotu Phoenix-pilot (seria IV) oraz badań zgodności z dyrektywą radiową (RED) dla SensorBox (seria III) w ramach realizacji projektu pn: System operacyjny Phoenix-RTOS – fundament dla Distributed Multi Provider Cloud-Edge-IoT Continuum,",bazakonk,https://bazakonkurencyjnosci.funduszeeuropejskie.gov.pl/ogloszenia/284100
2026-07-07,"Piekarnia Jul-Ka Danuta Wojciechowska",firma_prywatna,inne,0,"""Wdrożenie innowacyjnego pieczywa o wydłużonej świeżości i zwiększonej zawartości prebiotyków""",bazakonk,https://bazakonkurencyjnosci.funduszeeuropejskie.gov.pl/ogloszenia/284089
2026-07-07,"Politechnika Morska w Szczecinie",uczelnia_nauka,sprzet_it,0,"Polska – Sprzęt laboratoryjny, optyczny i precyzyjny (z wyjątkiem szklanego) – Dostawa Laboratorium Zastosowań Sztucznej Inteligencji w Logistyce dla Politechniki Morskiej w Szczecinie w ramach zadania inwestycyjnego pn. „Rozbudowa i modernizacja bazy laboratoryjnej Politechniki Morskiej w Szczecinie”",ted,https://ted.europa.eu/pl/notice/-/detail/466372-2026
2026-07-07,"POLITECHNIKA ŚLĄSKA",uczelnia_nauka,uslugi_it,0,"Usługę przygotowania baz danych przypadków w środowisku medycznym i okołomedycznym: BD1 - Baza przypadków opracowanych obrazów warstwowych CT/MR",bazakonk,https://bazakonkurencyjnosci.funduszeeuropejskie.gov.pl/ogloszenia/283895
2026-07-07,"Politechnika Warszawska",uczelnia_nauka,sprzet_it,0,"WE.ZP.261.14.2026 Dostawa sprzętu komputerowego do Laboratorium 404GG Wydziału Elektrycznego Politechniki Warszawskiej.",ted,https://ted.europa.eu/pl/notice/-/detail/467596-2026
2026-07-07,"Powiatowe Centrum Pomocy Rodzinie w Braniewie",samorzad,inne,0,"Szczęśliwe dzieciństwo - dorosłość bez lęku",bazakonk,https://bazakonkurencyjnosci.funduszeeuropejskie.gov.pl/ogloszenia/284123
2026-07-07,"Pracodawcy Rzeczypospolitej Polskiej",ngo,inne,0,"Dialog społeczny Pracodawców RP w okresie transformacji cyfrowej",bazakonk,https://bazakonkurencyjnosci.funduszeeuropejskie.gov.pl/ogloszenia/284092
2026-07-07,"PROFAMILIA ANNA LESIEWICZ-KSYCIŃSKA LIDIA ZWIERZAK MARCIN ZWIERZAK SPÓŁKA JAWNA",firma_prywatna,inne,0,"Prowadzenie terapii grupowej w ramach projektu „(PO) MOC W NASTROJU”",bazakonk,https://bazakonkurencyjnosci.funduszeeuropejskie.gov.pl/ogloszenia/284167
2026-07-07,"PROFAMILIA ANNA LESIEWICZ-KSYCIŃSKA LIDIA ZWIERZAK MARCIN ZWIERZAK SPÓŁKA JAWNA",firma_prywatna,inne,0,"Świadczenie usług lekarza psychiatry w zakresie porad psychiatrycznych kwalifikacyjnych oraz wizyt końcowych w ramach projektu „(PO) MOC W NASTROJU”",bazakonk,https://bazakonkurencyjnosci.funduszeeuropejskie.gov.pl/ogloszenia/284161
2026-07-07,"PROFAMILIA ANNA LESIEWICZ-KSYCIŃSKA LIDIA ZWIERZAK MARCIN ZWIERZAK SPÓŁKA JAWNA",firma_prywatna,inne,0,"Świadczenie indywidualnej terapii DBT wraz ze wsparciem telefonicznym w ramach projektu ""(PO) MOC W NASTROJU""",bazakonk,https://bazakonkurencyjnosci.funduszeeuropejskie.gov.pl/ogloszenia/284153
2026-07-07,"Przedsiębiorstwo Wielobranżowe SYREX Czesław Syrek",firma_prywatna,inne,0,"Inwestycja firmy CZESŁAW SYREK Przedsiębiorstwo Wielobranżowe ""SYREX"" w działania wspierające efektywność energetyczną",bazakonk,https://bazakonkurencyjnosci.funduszeeuropejskie.gov.pl/ogloszenia/284111
2026-07-07,"Sages Sp. z o.o.",firma_prywatna,badania_rd,1,"ZAPYTANIE OFERTOWE NR 1/2026 - usługi badawcze w zakresie generowania wersji alternatywnych wykresów przy użyciu generatywnego modelu językowego",bazakonk,https://bazakonkurencyjnosci.funduszeeuropejskie.gov.pl/ogloszenia/284183
2026-07-07,"Samodzielny Publiczny Zakład Opieki Zdrowotnej w Mońkach",szpital_zdrowie,inne,0,"Zapytanie ofertowe na dostawę sprzętu medycznego i wyposażenia na rzecz SP ZOZ w Mońkach (Feniks).",bazakonk,https://bazakonkurencyjnosci.funduszeeuropejskie.gov.pl/ogloszenia/284103
2026-07-07,"Skarb Państwa - Państwowe Gospodarstwo Leśne Lasy Państwowe Nadleśnictwo Skwierzyna",administracja_centralna,inne,0,"Kompleksowy projekt adaptacji lasów i leśnictwa do zmian klimatu – mała retencja oraz przeciwdziałanie erozji wodnej na terenach nizinnych – kontynuacja (MRN3)",bazakonk,https://bazakonkurencyjnosci.funduszeeuropejskie.gov.pl/ogloszenia/272692
2026-07-07,"Vortex Sp. z o. o.",firma_prywatna,badania_rd,0,"„RadAir - modułowy system obserwacyjno-analityczny dla wsparcia bezpieczeństwa i ochrony infrastruktury krytycznej oraz środowiska” Usługa badawczo-rozwojowa obejmująca opracowanie, symulację, wykonanie, integrację, uruchomienie oraz walidację laboratoryjnego prototypu analogowego front-endu i układu antenowego dla radaru SAR pracującego w paśmie Ka.",bazakonk,https://bazakonkurencyjnosci.funduszeeuropejskie.gov.pl/ogloszenia/284174
2026-07-07,"Warszawski Uniwersytet Medyczny",uczelnia_nauka,inne,0,"Świadczenie usług ratownictwa wodnego w obiekcie Centrum Sportowo-Rehabilitacyjnego Warszawskiego Uniwersytetu Medycznego, znak sprawy: AEZ/S-095/2026",ted,https://ted.europa.eu/pl/notice/-/detail/465669-2026
2026-07-07,"Wlaź Spółka z ograniczoną odpowiedzialnością",firma_prywatna,inne,0,"ZAPYTANIE OFERTOWE nr 1/2026 na zakup stanowiska parafinowania palet.",bazakonk,https://bazakonkurencyjnosci.funduszeeuropejskie.gov.pl/ogloszenia/284162
2026-07-07,"Wodociągi Rewal Sp. z o. o.",spolka_komunalna,uslugi_it,0,"Wdrożenie rozwiązania klasy NAC lub równoważnego, w tym segmentację sieci oraz wdrożenie uwierzytelnienia wieloskładnikowego dla firmy Wodociągi Rewal Sp. z o. o.",bazakonk,https://bazakonkurencyjnosci.funduszeeuropejskie.gov.pl/ogloszenia/284181
2026-07-07,"Związek Centralny Dzieła Kolpinga w Polsce",ngo,szkolenie,0,"Kurs komputerowy ECDL BASE wraz z egzaminem zewnętrznym z modułu B4 Excel",bazakonk,https://bazakonkurencyjnosci.funduszeeuropejskie.gov.pl/ogloszenia/284096
2026-07-07,"ZWIĄZEK NAUCZYCIELSTWA POLSKIEGO",ngo,inne,0,"Dialog PLUS - wzmocnienie potencjału partnerów społecznych w procesie monitorowania i stanowienia prawa",bazakonk,https://bazakonkurencyjnosci.funduszeeuropejskie.gov.pl/ogloszenia/284032
2026-07-06,"AGENCJA ROZWOJU REGIONALNEGO S.A.",administracja_centralna,inne,0,"Integracja Obywateli Państw Trzecich",bazakonk,https://bazakonkurencyjnosci.funduszeeuropejskie.gov.pl/ogloszenia/283900
2026-07-06,"BEATA CHLEBIŃSKAGUŻEL",oswiata,inne,0,"Wyposażenie przedszkola w niezbędne drobne elementy wyposażenia, sprzęt i meble",bazakonk,https://bazakonkurencyjnosci.funduszeeuropejskie.gov.pl/ogloszenia/265788
2026-07-06,"BRC CONSULTING Renata Różycka",firma_prywatna,szkolenie,0,"ZAPYTANIE OFERTOWE nr 11/GNL/BRC/2026 na realizację szkolenia ""Stylistka paznokci” wraz z egzaminem prowadzącym do nabycia kwalifikacji/kompetencji",bazakonk,https://bazakonkurencyjnosci.funduszeeuropejskie.gov.pl/ogloszenia/283949
2026-07-06,"Federacja Zielonych ""GAJA""",ngo,inne,0,"Wykonanie inwentaryzacji i waloryzacji przyrodniczej zadrzewień przydrożnych przy drogach wojewódzkich w województwie lubuskim oraz drogach administrowanych przez władze powiatu Spree-Neiße.",bazakonk,https://bazakonkurencyjnosci.funduszeeuropejskie.gov.pl/ogloszenia/284022
2026-07-06,"Fundacja AKME",ngo,szkolenie,0,"ZAPYTANIE OFERTOWE NR 1/07/6.12/2026/Mosty Integracji - Kursu języka polskiego dla cudzoziemców, uczestników projektu",bazakonk,https://bazakonkurencyjnosci.funduszeeuropejskie.gov.pl/ogloszenia/283994
2026-07-06,"Fundacja Aktywizacja Bez Granic",ngo,szkolenie,0,"Usługa szkoleniowa w projekcie ""Super aktywni"" - „Excel i analiza danych”",bazakonk,https://bazakonkurencyjnosci.funduszeeuropejskie.gov.pl/ogloszenia/283985
2026-07-06,"Fundacja Rozwoju Przedsiębiorczości Społecznej ""Być Razem""",ngo,szkolenie,0,"Organizacja w Cieszynie 12 spotkań branżowych dla uczestników projektu SAMO-ES. Samoorganizacja PS jako odpowiedź na wyzwania społeczne",bazakonk,https://bazakonkurencyjnosci.funduszeeuropejskie.gov.pl/ogloszenia/283984
2026-07-06,"GI4C Spółka z ograniczoną odpowiedzialnością",firma_prywatna,inne,0,"Zap. 18 zakup sprzętu laboratoryjnego, akcesoriów laboratoryjnych, odczynników chemicznych",bazakonk,https://bazakonkurencyjnosci.funduszeeuropejskie.gov.pl/ogloszenia/283947
2026-07-06,"Global Service sp. z o.o.",firma_prywatna,sprzet_it,0,"WYMAGANIA DOTYCZĄCE ROZBUDOWY SYSTEMU WYŚWIETLANIA ALARMÓW I NAGŁOŚNIENIA W JEDNOSTCE RATOWNICZO-GAŚNICZEJ",bazakonk,https://bazakonkurencyjnosci.funduszeeuropejskie.gov.pl/ogloszenia/283978
2026-07-06,"Global Service sp. z o.o.",firma_prywatna,sprzet_it,0,"SYSTEM MONITORINGU WIZYJNEGO CCTV",bazakonk,https://bazakonkurencyjnosci.funduszeeuropejskie.gov.pl/ogloszenia/283946
2026-07-06,"Gmina Czarnocin",samorzad,inne,0,"„ Rewitalizacja miejscowości Czarnocin szansą na rozwój”",bazakonk,https://bazakonkurencyjnosci.funduszeeuropejskie.gov.pl/ogloszenia/283911
2026-07-06,"Gmina Miasta Krynica Morska",samorzad,inne,0,"Wykonanie robót budowlanych w ramach inwestycji pn. „Modernizacja łazienki w Szkole Podstawowej w Krynicy Morskiej – Błękitne Żagle Wiedzy”.",bazakonk,https://bazakonkurencyjnosci.funduszeeuropejskie.gov.pl/ogloszenia/283717
2026-07-06,"Gmina Wielopole Skrzyńskie",samorzad,inne,0,"„Dostawa i montaż instalacji fotowoltaicznej dla budynku Urzędu Gminy w Wielopolu Skrzyńskim”.",bazakonk,https://bazakonkurencyjnosci.funduszeeuropejskie.gov.pl/ogloszenia/283989
2026-07-06,"Gminny Ośrodek Kultury w Rokietnicy",inne,inne,0,"„Przestrzeń dla kultury. Teatralna metamorfoza Sali Gminnego Ośrodka Kultury w Rokietnicy” - FEWP.08.01-IZ.00-0018/25 w ramach Priorytetu 08 „Rozwój Lokalny Kierowany przez Społeczność (EFRR)"" Działania 08.01 ""Wspieranie rozwoju programowanego w Lokalnych Strategiach Rozwoju (RLKS)"" Programu Fundusze Europejskie dla Wielkopolski 2021-2027.",bazakonk,https://bazakonkurencyjnosci.funduszeeuropejskie.gov.pl/ogloszenia/283937
2026-07-06,"Komunalne Przedsiębiorstwo Wodociągów i Kanalizacji Spółka z o.o.",spolka_komunalna,uslugi_it,0,"Wdrożenie zintegrowanej architektury odporności IT i OT wraz z przygotowaniem kompetencyjnym i organizacyjnym Zamawiającego na cyberataki.",bazakonk,https://bazakonkurencyjnosci.funduszeeuropejskie.gov.pl/ogloszenia/283929
2026-07-06,"M.A.S. Sp. z o.o.",firma_prywatna,sprzet_it,0,"ZAPYTANIE OFERTOWE nr 9_FESW_2026 z dnia 06.07.2026 r. na zakup i dostawę komponentów stanowiska badawczego - zapytanie częściowe. W związku z realizacją projektu pn. „Pasteurisation Energy Optimizer PEnO – system odzysku ciepła procesów przetwórstwa żywności i zasilania energetycznego procesów pasteryzacji oparty na innowacyjnej wysokotemperaturowej pompie ciepła zintegrowanej z magazynem ciepła wykorzystującym zjawiska przemian fazowych” w ramach Działania 1.2 „Wsparcie działalności przedsiębiorstw w zakresie B+R” Priorytet 1 „Fundusze Europejskie dla konkurencyjnej gospo",bazakonk,https://bazakonkurencyjnosci.funduszeeuropejskie.gov.pl/ogloszenia/281072
2026-07-06,"Muzeum Warmii i Mazur w Olsztynie",inne,inne,0,"Polska – Budynki o szczególnej wartości historycznej lub architektonicznej – Wykonanie robót budowlanych i prac konserwatorskich w ramach projektu pn. „Nowoczesne muzeum w zabytkowych murach – podniesienie atrakcyjności turystycznej Zamku Kapituły Warmińskiej w Olsztynie – Pomnika Historii, będącego świadectwem działalności Mikołaja Kopernika""",ted,https://ted.europa.eu/pl/notice/-/detail/461110-2026
2026-07-06,"Ośrodek Profilaktyki i Epidemiologii Nowotworów im. Aliny Pienkowskiej Spółka Akcyjna",szpital_zdrowie,badania_rd,0,"Analiza mikrobiologiczna z wykorzystaniem metagenomiki",bazakonk,https://bazakonkurencyjnosci.funduszeeuropejskie.gov.pl/ogloszenia/283999
2026-07-06,"Państwowe Gospodarstwo Wodne Wody Polskie",administracja_centralna,inne,0,"Wycinka oraz uprzątnięcie drzew znajdujących się w obrębie zbiornika wodnego Dzierżno Małe oraz wzdłuż ul. Mickiewicza (DK40), m. Pyskowice",ted,https://ted.europa.eu/pl/notice/-/detail/462940-2026
2026-07-06,"Państwowe Gospodarstwo Wodne Wody Polskie",administracja_centralna,inne,0,"Polska – Usługi inżynierii projektowej w zakresie inżynierii lądowej i wodnej – Wykonanie dokumentacji projektowej dla zadania inwestycyjnego p.n. „Budowa zbiornika retencyjnego na rzece Wolica, gm. Skierbieszów”",ted,https://ted.europa.eu/pl/notice/-/detail/463248-2026
2026-07-06,"Państwowe Gospodarstwo Wodne Wody Polskie",administracja_centralna,inne,0,"Remont dławic klap na jazach hydrowęzła Opole",ted,https://ted.europa.eu/pl/notice/-/detail/462362-2026
2026-07-06,"PHU WILKON Ewa Michalska",firma_prywatna,inne,0,"„Udoskonalenie procesu produkcyjnego oraz wdrożenie nowej usługi w przedsiębiorstwie PHU Wilkon Ewa Michalska”",bazakonk,https://bazakonkurencyjnosci.funduszeeuropejskie.gov.pl/ogloszenia/284017
2026-07-06,"POD NAPIĘCIEM SPÓŁKA Z OGRANICZONĄ ODPOWIEDZIALNOŚCIĄ",firma_prywatna,inne,0,"Dostawa 1 sztuki fabrycznie nowego, nieużywanego samochodu dostawczego z napędem elektrycznym (BEV)",bazakonk,https://bazakonkurencyjnosci.funduszeeuropejskie.gov.pl/ogloszenia/283950
2026-07-06,"Politechnika Świętokrzyska",uczelnia_nauka,inne,0,"Dostawa odzieży ochronnej w ramach realizacji projektu pn. „Dziś uczeń – jutro student” w ramach programu regionalnego Fundusze Europejskie dla Świętokrzyskiego 2021-2027 współfinansowanego ze środków Europejskiego Funduszu Społecznego Plus (EFS+); nr umowy: FESW.08.03.IZ.00-0002/23",bazakonk,https://bazakonkurencyjnosci.funduszeeuropejskie.gov.pl/ogloszenia/283951
2026-07-06,"Powiat Olecki",samorzad,sprzet_it,0,"Zakup, dostawa i wdrożenie biblioteki taśmowej wraz z akcesoriami do Starostwa Powiatowego w Olecku, ul. Kolejowa 32, 19-400 Olecko w ramach konkursu grantowego „Cyberbezpieczny Samorząd”.",bazakonk,https://bazakonkurencyjnosci.funduszeeuropejskie.gov.pl/ogloszenia/283931
2026-07-06,"Przedszkole Samorządowe nr 36 w Kielcach",oswiata,inne,0,"ZAPROSZENIE DO SKŁADANIA OFERT NR PS36.1.2026/FEŚ dotyczące przebudowy części budynku wraz z adaptacją pomieszczeń na potrzeby utworzenia nowego oddziału wychowania przedszkolnego Przedszkola Samorządowego nr 36 w Kielcach",bazakonk,https://bazakonkurencyjnosci.funduszeeuropejskie.gov.pl/ogloszenia/283963
2026-07-06,"Riot Sp. z o.o.",firma_prywatna,sprzet_it,0,"Dostawa komponentów do stanowiska elektroniki",bazakonk,https://bazakonkurencyjnosci.funduszeeuropejskie.gov.pl/ogloszenia/284019
2026-07-06,"Riot Sp. z o.o.",firma_prywatna,sprzet_it,0,"Dostawa materiałów do prototypowania obwodów drukowanych",bazakonk,https://bazakonkurencyjnosci.funduszeeuropejskie.gov.pl/ogloszenia/284023
2026-07-06,"RYVU THERAPEUTICS S.A.",firma_prywatna,inne,0,"ZAPYTANIE OFERTOWE nr 06 07 2026 A",bazakonk,https://bazakonkurencyjnosci.funduszeeuropejskie.gov.pl/ogloszenia/283869
2026-07-06,"SONPEX A I K JANECZEK SPÓŁKA JAWNA",firma_prywatna,sprzet_it,0,"Zapytanie ofertowe nr 1/FELD.09.01/2026/5 na zakup automatu pakującego",bazakonk,https://bazakonkurencyjnosci.funduszeeuropejskie.gov.pl/ogloszenia/283990
2026-07-06,"TOWARZYSTWO PROFILAKTYKI ŚRODOWISKOWEJ ""MROWISKO""",ngo,szkolenie,0,Mentor/ka,bazakonk,https://bazakonkurencyjnosci.funduszeeuropejskie.gov.pl/ogloszenia/283939
2026-07-06,"UNISPAW Adam Mroczkowski",firma_prywatna,inne,0,"ZAPYTANIE OFERTOWE NA DOSTAWĘ, MONTAŻ I URUCHOMIENIE SYSTEMU FLTROWANIA POWIETRZA OBEJMUJĄCEGO KOMPRESOR ŚRUBOWY ORAZ FILTR ELEKTROSTATYCZNY",bazakonk,https://bazakonkurencyjnosci.funduszeeuropejskie.gov.pl/ogloszenia/284030
2026-07-06,"UNISPAW Adam Mroczkowski",firma_prywatna,sprzet_it,0,"ZAPYTANIE OFERTOWE NA DOSTAWĘ , MONTAŻ, INSTALACJĘ I WDROŻENIE 2 ROBOTÓW SPAWALNICZYCH WRAZ ZE STOŁAMI OBROTOWYMI",bazakonk,https://bazakonkurencyjnosci.funduszeeuropejskie.gov.pl/ogloszenia/284029
2026-07-06,"Urząd Miasta",samorzad,inne,0,"Zakup sprzętu, wyposażenia i umundurowania dla strażaków jednostek OSP z Jastrzębia-Zdroju. realizowanego w ramach Projektu „Razem przeciw żywiołom”.",bazakonk,https://bazakonkurencyjnosci.funduszeeuropejskie.gov.pl/ogloszenia/276646
2026-07-06,"VERSAMED Sp. z o.o.",firma_prywatna,inne,0,"Zakup, dostawa, instalacja i uruchomienie: okleiniarki jednostronnej do nakładania i obróbki płaskiego obrzeża w rolkach i w postaci pasków, numerycznego centrum obróbczego wraz z oprzyrządowaniem, piły panelowej, membranowej prasy próżniowej.",bazakonk,https://bazakonkurencyjnosci.funduszeeuropejskie.gov.pl/ogloszenia/283862
2026-07-06,"Wodociągi Rewal Sp. z o. o.",spolka_komunalna,uslugi_it,0,"Wdrożenie oprogramowania typu EDR wraz z monitorowaniem infrastruktury informatycznej dla firmy Wodociągi Rewal Sp. z o. o.",bazakonk,https://bazakonkurencyjnosci.funduszeeuropejskie.gov.pl/ogloszenia/284013
2026-07-06,"Wodociągi Rewal Sp. z o. o.",spolka_komunalna,oprogramowanie,0,"Wdrożenie centralnego systemu zarządzania hasłami dla firmy Wodociągi Rewal Sp. z o. o.",bazakonk,https://bazakonkurencyjnosci.funduszeeuropejskie.gov.pl/ogloszenia/284016
2026-07-06,"Województwo Lubelskie - Lubelskie Centrum Innowacji i Technologii, Lublin",administracja_centralna,oprogramowanie,1,"Dostawa subskrypcji oprogramowania PhpStorm Commercial wraz z dostępem do usługi sztucznej inteligencji na okres 24 miesięcy lub dostawa oprogramowania równoważnego.",ezam,https://ezamowienia.gov.pl/mp-client/search/list/08dedb58-2fde-17fb-2028-230001aeee2f
2026-07-06,"Zakład Gospodarki Komunalnej i Mieszkaniowej w Słomnikach",spolka_komunalna,uslugi_it,0,"Wdrożenie systemu cyberbezpieczeństwa w Zakładzie Gospodarki Komunalnej i Mieszkaniowej w Słomnikach",bazakonk,https://bazakonkurencyjnosci.funduszeeuropejskie.gov.pl/ogloszenia/283886
2026-07-06,"ZAKŁAD USŁUG KOMUNALNYCH SPÓŁKA Z O.O.",spolka_komunalna,uslugi_it,0,"„Dostawa i wdrożenie systemu monitorowania sieci przemysłowej (OT) wraz z sondami sprzętowymi oraz szkoleniem realizowana w ramach projektu Cyberbezpieczne Wodociągi”",bazakonk,https://bazakonkurencyjnosci.funduszeeuropejskie.gov.pl/ogloszenia/283888
2026-07-06,"Zespół Szkół Centrum Kształcenia Rolniczego w Gorzowie Wielkopolskim",oswiata,inne,0,"Unowocześnienie bazy dydaktycznej i demonstracyjnej na potrzeby edukacji w zakresie rolnictwa 4.0",bazakonk,https://bazakonkurencyjnosci.funduszeeuropejskie.gov.pl/ogloszenia/283958
2026-07-05,"Stowarzyszenie Centrum Wolontariatu",ngo,inne,0,"Domy nadziei - model integracji i reintegracji",bazakonk,https://bazakonkurencyjnosci.funduszeeuropejskie.gov.pl/ogloszenia/283849
2026-07-04,"POK ZACHÓD SPÓŁKA Z OGRANICZONĄ ODPOWIEDZIALNOŚCIĄ",firma_prywatna,inne,0,"POK Green Park- centrum magazynowania i przeładunku kolejowo-samochodowego",bazakonk,https://bazakonkurencyjnosci.funduszeeuropejskie.gov.pl/ogloszenia/283839
2026-07-03,"""Masarnia Kurek"" Justyna Kurek",firma_prywatna,sprzet_it,0,"ZAPYTANIE OFERTOWE NA DOSTAWĘ KOMORY WĘDZARNICZEJ nr FENG 1710/25-01/2026",bazakonk,https://bazakonkurencyjnosci.funduszeeuropejskie.gov.pl/ogloszenia/283698
2026-07-03,"""PANORAMA"" s.c. Leszek i Maria Staleńczyk",firma_prywatna,inne,0,"ZAPYTANIE OFERTOWE nr 9/2025/1.5 FEPD - zakup, dostawa i montaż automatu sztancującego – 1 szt.",bazakonk,https://bazakonkurencyjnosci.funduszeeuropejskie.gov.pl/ogloszenia/283762
2026-07-03,"C2C Sp. z o.o.",firma_prywatna,badania_rd,0,"Zapytanie ofertowe - Kompleksowe badanie strukturalne próbek folii",bazakonk,https://bazakonkurencyjnosci.funduszeeuropejskie.gov.pl/ogloszenia/283666
2026-07-03,"CX Engineering sp. z o.o",firma_prywatna,sprzet_it,0,"Dostawa urządzeń do automatycznej identyfikacji, mobilnej obsługi procesów logistycznych i magazynowych oraz infrastruktury zasilającej: Bezprzewodowe czytniki kodów kreskowych wraz z akcesoriami",bazakonk,https://bazakonkurencyjnosci.funduszeeuropejskie.gov.pl/ogloszenia/283768
2026-07-03,"Epartner Kursy <mark>Językowe</mark> Spółka z ograniczoną odpowiedzialnością.",firma_prywatna,inne,0,"Usługi włączające dla osób w kryzysie",bazakonk,https://bazakonkurencyjnosci.funduszeeuropejskie.gov.pl/ogloszenia/283068
2026-07-03,"FORM AT WOOD SPÓŁKA Z OGRANOCZONĄ ODPOWIEDZIALNOŚCIĄ",firma_prywatna,badania_rd,0,"ZAPYTANIE OFERTOWE NR 9/ FEOP.01.01-IP.01-0015/23 realizowane w ramach projektu pn. Opracowanie technologii produkcji drewnianych paneli ściennych wykonanych w krzywych trzeciego stopnia o najwyższej dla wyrobów drewnianych klasie reakcji na ogień B-s1, d0 obejmujące przeprowadzenie badań laboratoryjnych w zakresie badań cech pożarowych i klasyfikacji wyrobu oraz cech fizyczno-chemicznych dostarczanych przez Zamawiającego materiałów, półfabrykatów i prototypów drzewnych paneli ściennych 3D",bazakonk,https://bazakonkurencyjnosci.funduszeeuropejskie.gov.pl/ogloszenia/283687
2026-07-03,"Fundacja #Make Smart People Famous",ngo,oprogramowanie,0,"Opracowanie, wdrożenia i zakup autorskich praw majątkowych do specjalistycznego narzędzia informatycznego “Enryk” wspierającego realizację usług doradczych świadczonych przez Zamawiającego na rzecz MŚP w obszarze komercjalizacji wyników prac B+R wraz z usługą doradczo-szkoleniową dla 2 osób zespołu Zamawiającego obejmującą opracowanie procedur do efektywnego wykorzystania narzędzia ""Enryk"" a także innych rozwiązań opartych na sztucznej inteligencji (AI) dostępnych na rynku, w świadczeniu usług doradczych na rzecz MŚP w obszarze komercjalizacji innowacji.",bazakonk,https://bazakonkurencyjnosci.funduszeeuropejskie.gov.pl/ogloszenia/283746
2026-07-03,"Fundacja Rozwoju Demokracji Lokalnej im. Jerzego Regulskiego",ngo,badania_rd,0,"Zapytanie ofertowe numer 44/FERS/NGO/MISTIA na ekspertów opracowujących publikację dotyczącą standardów jakości i dostępności usług NGO w ramach projektu „NGO Excellence - wspieranie jakości i dostępności usług świadczonych przez NGO”",bazakonk,https://bazakonkurencyjnosci.funduszeeuropejskie.gov.pl/ogloszenia/283730
2026-07-03,"Gmina Miasto Zgierz",samorzad,inne,0,"Zaprojektowanie przebudowy dwóch odcinków ul. Miroszewskiej i przedłużenia ul. Energetykówdla potrzeb wykonania zabezpieczenia terenu obszaru składowisk historycznych odpadów przemysłowych i obszaru miejsca gromadzenia historycznych odpadów przemysłowych.",bazakonk,https://bazakonkurencyjnosci.funduszeeuropejskie.gov.pl/ogloszenia/283692
2026-07-03,"Gmina Miasto Zgierz",samorzad,inne,0,"Wykonanie zabezpieczenia terenu obszaru składowisk historycznych odpadów przemysłowych i obszaru miejsca gromadzenia historycznych odpadów przemysłowych poprzez wykonanie dokumentacji projektowej przebudowy mostu na rzece Bzurze w ciągu ul. Miroszewskiej wraz z niezbędnymi uzgodnieniami.",bazakonk,https://bazakonkurencyjnosci.funduszeeuropejskie.gov.pl/ogloszenia/283697
2026-07-03,"Gmina Miejska Ciechanów",samorzad,inne,0,"Dostawa energii elektrycznej w okresie od 01.01.2027 r. do 31.12.2027 r. na potrzeby Gminy Miejskiej Ciechanów i jej jednostek organizacyjnych",ted,https://ted.europa.eu/pl/notice/-/detail/458032-2026
2026-07-03,"Gmina Mielnik",samorzad,oprogramowanie,0,"Dostawa fabrycznie nowego, nieużywanego, kompletnego, wprowadzonego do obrotu na terytorium Rzeczypospolitej Polskiej, sprawnego technicznie sprzętowego urządzenia klasy UTM (Unified Threat Management) wraz z 12-miesięczną licencją na serwisy ochrony i monitorowania sieci WAN/LAN na potrzeby Urzędu Gminy Mielnik",bazakonk,https://bazakonkurencyjnosci.funduszeeuropejskie.gov.pl/ogloszenia/283774
2026-07-03,"GMINA PŁOTY",samorzad,uslugi_it,0,"Opracowanie wraz z wdrożeniem dokumentacji SZBI dla Urzędu Miejskiego w Płotach, ZGKiM w Płotach oraz OPS w Płotach wraz z wykonaniem testów podatności systemów teleinformatycznych w ramach konkursu grantowego „Cyberbezpieczny Samorząd” realizowanego w ramach Funduszy Europejskich na Rozwój Cyfrowy 2021-2027 (FERC) Priorytet II: Zaawansowane usługi cyfrowe. Działanie 2.2. – Wzmocnienie krajowego systemu cyberbezpieczeństwa.",bazakonk,https://bazakonkurencyjnosci.funduszeeuropejskie.gov.pl/ogloszenia/283749
2026-07-03,"Gmina Wilków",samorzad,uslugi_it,0,"Wzmocnienie cyberbezpieczeństwa w Gminie Wilków. Dostawa, wdrożenie oraz uruchomienie systemów klasy DLP i MDM wspierających bezpieczeństwo środowiska teleinformatycznego.",bazakonk,https://bazakonkurencyjnosci.funduszeeuropejskie.gov.pl/ogloszenia/283676
2026-07-03,"HERMES RECYCLING Sp. z o.o.",firma_prywatna,sprzet_it,0,"Zakup, dostawa, montaż i uruchomienie linii do czyszczenia odpadu tworzywowego na sucho bez użycia wody",bazakonk,https://bazakonkurencyjnosci.funduszeeuropejskie.gov.pl/ogloszenia/283750
2026-07-03,"ICD MACIEJ SORDYL",firma_prywatna,sprzet_it,0,"Dostawa, montaż i uruchomienie fabrycznie nowego samochodowego diagnostycznego podnośnika czterokolumnowego do obsługi i serwisowania samochodów osobowych i dostawczych o udźwigu minimum 6000 kg.",bazakonk,https://bazakonkurencyjnosci.funduszeeuropejskie.gov.pl/ogloszenia/283792
2026-07-03,"INTERLAN ANDRZEJ KUŁAKOWSKI I SPÓŁKA - SPÓŁKA JAWNA",firma_prywatna,wdrozenie_ai,1,"Kopia Badania nad UIAI - nowym typem interfejsu użytkownika do aplikacji webowej iSpeed w oparciu o narzędzia AI",bazakonk,https://bazakonkurencyjnosci.funduszeeuropejskie.gov.pl/ogloszenia/283773
2026-07-03,"IT Partners Telco Sp. z o.o.",firma_prywatna,sprzet_it,0,"Dostawa podzespołów elektronicznych, elektrycznych i telekomunikacyjnych",bazakonk,https://bazakonkurencyjnosci.funduszeeuropejskie.gov.pl/ogloszenia/282667
2026-07-03,"KEBELLA SPÓŁKA Z OGRANICZONĄ ODPOWIEDZIALNOŚCIĄ",firma_prywatna,wdrozenie_ai,1,"Przedmiotem zamówienia jest opracowanie modułu sztucznej inteligencji (AI) dla systemu laserowego DermaBeam.",bazakonk,https://bazakonkurencyjnosci.funduszeeuropejskie.gov.pl/ogloszenia/283538
2026-07-03,"Lazzoni Group Spółka z ograniczoną odpowiedzialnością Spółka Komandytowa",firma_prywatna,sprzet_it,0,"Zaprojektowanie wraz z wizualizacją 3D, wykonanie, dostawa, montaż oraz uruchomienie zautomatyzowanego stanowiska testowego wraz z systemem kontroli jakości, przeznaczonego do testowania głowic wiertarskich.",bazakonk,https://bazakonkurencyjnosci.funduszeeuropejskie.gov.pl/ogloszenia/283718
2026-07-03,"Liedmann Spółka z o. o.",firma_prywatna,inne,0,"ZAPYTANIE OFERTOWE NR 1 na: Zakup i dostawę linii produkcyjnej",bazakonk,https://bazakonkurencyjnosci.funduszeeuropejskie.gov.pl/ogloszenia/283703
2026-07-03,"Lubelska Akademia WSEI",uczelnia_nauka,uslugi_it,0,"ZAPYTANIE OFERTOWE nr 3/07/2026/Smart. Specjalista ds. analizy, akwizycji i testowania",bazakonk,https://bazakonkurencyjnosci.funduszeeuropejskie.gov.pl/ogloszenia/283797
2026-07-03,"Lubelska Akademia WSEI",uczelnia_nauka,uslugi_it,0,"ZAPYTANIE OFERTOWE nr 1/07/2026/Smart. Starszy projektant i analityk systemów złożonych",bazakonk,https://bazakonkurencyjnosci.funduszeeuropejskie.gov.pl/ogloszenia/283793
2026-07-03,"Lubelska Akademia WSEI",uczelnia_nauka,uslugi_it,0,"ZAPYTANIE OFERTOWE nr 2/07/2026/Smart. Specjalista ds. algorytmów inteligencji obliczeniowej",bazakonk,https://bazakonkurencyjnosci.funduszeeuropejskie.gov.pl/ogloszenia/283796
2026-07-03,"Lumel Spółka Akcyjna",firma_prywatna,uslugi_it,0,"Modernizacja aplikacji narzędziowej CZIP-SET do konfiguracji sterowników oraz stworzenie wieloplatformowej aplikacji pomocniczej",bazakonk,https://bazakonkurencyjnosci.funduszeeuropejskie.gov.pl/ogloszenia/283389
2026-07-03,"Metal Expert Sp. z o. o.",firma_prywatna,inne,0,"„Wdrożenie innowacji w przedsiębiorstwie Metal Expert“ realizowanego w ramach Osi priorytetowej FENG Programu Fundusze Europejskie dla Nowoczesnej Gospodarki – Wsparcie dla przedsiębiorców, Ścieżka SMART.",bazakonk,https://bazakonkurencyjnosci.funduszeeuropejskie.gov.pl/ogloszenia/283587
2026-07-03,"Miasto Konin / Zespół Szkół Technicznych w Koninie",oswiata,inne,0,"Kopia „Dostosowanie kształcenia zawodowego w Aglomeracji Konińskiej do zmieniającego się rynku pracy”.",bazakonk,https://bazakonkurencyjnosci.funduszeeuropejskie.gov.pl/ogloszenia/283731
2026-07-03,"Miejski Zakład Komunikacji Sp. z o.o. z siedzibą w Słupsku",spolka_komunalna,inne,0,"""Wzrost atrakcyjności komunikacji zbiorowej na terenie M. Słupska poprzez zakup autobusów zeroemisyjnych wraz z infrastrukturą towarzyszącą” w ramach Programu Fundusze Europejskie dla Pomorza 2021-2027, Priorytetu 3. Fundusze europejskie dla mobilnego Pomorza, Działania 3.3. Mobilność miejska – ZIT poza terenem obszaru metropolitalnego, współfinansowanego z Europejskiego Funduszu Rozwoju Regionalnego.",bazakonk,https://bazakonkurencyjnosci.funduszeeuropejskie.gov.pl/ogloszenia/283715
2026-07-03,"NTE - New Training Era",firma_prywatna,szkolenie,0,"Postępowanie nr 1/EDM/FESW.10.03 ZAPYTANIE OFERTOWE PRZEPROWADZANE W TRYBIE ZASADY KONKURENCYJNOŚCI w projekcie „Europa dla młodych – inicjatywa ALMA na rzecz zatrudnienia i rozwoju kompetencji” nr FESW.10.03-IP.01-0005/25 realizowanym w ramach programu regionalnego Fundusze Europejskie dla Świętokrzyskiego 2021-2027 współfinansowanego ze środków Europejskiego Funduszu Społecznego Plus",bazakonk,https://bazakonkurencyjnosci.funduszeeuropejskie.gov.pl/ogloszenia/283821
2026-07-03,"Ogólnopolskie Porozumienie Związków Zawodowych",ngo,szkolenie,0,"Przeprowadzenie jednego lub więcej webinaru w ramach projektu Społeczny Inspektor Pracy SIP - gwarancją przestrzegania praw pracowniczych w Twoim miejscu pracy",bazakonk,https://bazakonkurencyjnosci.funduszeeuropejskie.gov.pl/ogloszenia/283766
2026-07-03,"Państwowe Gospodarstwo Wodne Wody Polskie",administracja_centralna,badania_rd,0,"Wykonanie operatów szacunkowych w związku z realizacją celów statutowych Państwowego Gospodarstwa Wodnego Wody Polskie - Regionalnego Zarządu Gospodarki Wodnej w Gliwicach",ted,https://ted.europa.eu/pl/notice/-/detail/457728-2026
2026-07-03,"Państwowe Gospodarstwo Wodne Wody Polskie",administracja_centralna,inne,0,"Wycinka drzew na terenie działalności Zarządu Zlewni w Stalowej Woli – w ramach zawarcia umów ramowych.",ted,https://ted.europa.eu/pl/notice/-/detail/457725-2026
2026-07-03,"Politechnika Śląska",uczelnia_nauka,inne,0,"Dostawa i montaż mebli. Znak sprawy:DZPZ.282.47.2026.AG",ted,https://ted.europa.eu/pl/notice/-/detail/459237-2026
2026-07-03,"Protektel Sp. z o.o.",firma_prywatna,badania_rd,0,"Zapytanie ofertowe nr 1/2026 z dnia 15.06.2026 r.. na wykonanie badań laboratoryjnych w zakresie prób typu dla wysokonapięciowych ograniczników przepięć jednomodułowych (do 145 kV) zgodnie z normą IEC 60099-4:2014 w ramach projektu pt. „Zwiększenie bezpieczeństwa i niezależności energetycznej UE poprzez rozwój produkcji wysokonapięciowych ograniczników przepięć w PROTEKTEL”, w ramach programu Fundusze Europejskie dla Nowoczesnej Gospodarki 2021-2027, Priorytet FENG.05 Wsparcie projektów realizujących cele inicjatywy STEP, Działanie: FENG.05.01 Fundusz Wsparcia Technologii K",bazakonk,https://bazakonkurencyjnosci.funduszeeuropejskie.gov.pl/ogloszenia/281628
2026-07-03,"Riot Sp. z o.o.",firma_prywatna,inne,0,"Dostawa materiałów konstrukcyjnych",bazakonk,https://bazakonkurencyjnosci.funduszeeuropejskie.gov.pl/ogloszenia/283825
2026-07-03,"Riot Sp. z o.o.",firma_prywatna,sprzet_it,0,"Dostawa komponentów elektronicznych",bazakonk,https://bazakonkurencyjnosci.funduszeeuropejskie.gov.pl/ogloszenia/283819
2026-07-03,"Riot Sp. z o.o.",firma_prywatna,sprzet_it,0,"Dostawa elementów elektronicznych",bazakonk,https://bazakonkurencyjnosci.funduszeeuropejskie.gov.pl/ogloszenia/283818
2026-07-03,"Samodzielny Publiczny Zakład Opieki Zdrowotnej w Mońkach",szpital_zdrowie,inne,0,"Zapytanie ofertowe na dostawę artykułów promocyjnych (Feniks)",bazakonk,https://bazakonkurencyjnosci.funduszeeuropejskie.gov.pl/ogloszenia/283694
2026-07-03,"Śląskie Centrum Przedsiębiorczości",samorzad,inne,0,"Zakup usługi zaprojektowania, druku oraz dostawy ażurowych kartek świątecznych wraz z kopertami na potrzeby Śląskiego Centrum Przedsiębiorczości",bazakonk,https://bazakonkurencyjnosci.funduszeeuropejskie.gov.pl/ogloszenia/283742
2026-07-03,"Śląskie Centrum Przedsiębiorczości",samorzad,inne,0,"Zakup usługi zaprojektowania, druku oraz dostawy kalendarzy na 2027 rok na potrzeby Śląskiego Centrum Przedsiębiorczości",bazakonk,https://bazakonkurencyjnosci.funduszeeuropejskie.gov.pl/ogloszenia/283738
2026-07-03,"SLW BIOLAB Weterynaryjne Laboratorium Diagnostyczne spółka cywilna",firma_prywatna,badania_rd,0,"Zapytanie ofertowe nr BIOLAB/FEWM.01.02-02/2024/1.19 na dostawę materiałów do prowadzenia badań w zakresie zadania pod nazwą „Optymalizacja procesów zabezpieczania materiału biologicznego pod produkcję antygenów do szczepionek autogenicznych” w ramach projektu „Opracowanie innowacyjnych szczepionek autogenicznych dla zwierząt gospodarskich” dofinansowanego w ramach działania 1.2 „Działalność B+R+I przedsiębiorstw” dla Funduszy Europejskich dla Warmii i Mazur 2021-2027",bazakonk,https://bazakonkurencyjnosci.funduszeeuropejskie.gov.pl/ogloszenia/283713
2026-07-03,"Stowarzyszenie Inicjatywa Samorządowa Razem",ngo,sprzet_it,0,"Zakup i dostawa 2 sztuk drukarek 3D",bazakonk,https://bazakonkurencyjnosci.funduszeeuropejskie.gov.pl/ogloszenia/283722
2026-07-03,"Stowarzyszenie Inicjatywa Samorządowa Razem",ngo,sprzet_it,0,"Zakup i dostawa 4sztuk komputerów all-in-one",bazakonk,https://bazakonkurencyjnosci.funduszeeuropejskie.gov.pl/ogloszenia/283726
2026-07-03,"Szkoła Podstawowa im. Świętego Jana Pawła II w Gadce",oswiata,inne,0,"Zakup i dostawa materiałów plastycznych",bazakonk,https://bazakonkurencyjnosci.funduszeeuropejskie.gov.pl/ogloszenia/283683
2026-07-03,"Towarzystwo <mark>Wiedzy</mark> Powszechnej OR w Szczecinie",ngo,inne,0,"zakup i dostawa wyposażenia przedszkola w zakresie pomocy dydaktycznych do Niepublicznego Przedszkola MOZAIKA przy ul. Broniewskiego 14 w Szczecinie, 71-460.",bazakonk,https://bazakonkurencyjnosci.funduszeeuropejskie.gov.pl/ogloszenia/283436
2026-07-03,"Wirex Construction Spółka z ograniczoną odpowiedzialnością",firma_prywatna,inne,0,"ZAPYTANIE OFERTOWE nr 1/FELD.09.01/1 na zakup, dostawę, instalację, uruchomienie wraz ze specjalistycznym instruktażem w obsłudze automatycznej i zrobotyzowanej linii do produkcji ścian, stropów i dachów – 1 szt.",bazakonk,https://bazakonkurencyjnosci.funduszeeuropejskie.gov.pl/ogloszenia/283795
2026-07-03,"Zakład Doskonalenia Zawodowego  w Kielcach",oswiata,szkolenie,0,"57/ZK/2026/NK-NS ’’Przeprowadzenie zajęć dydaktycznych i/lub procesu walidacji na kursie Asystent(ka) osób niesamodzielnych” w celu realizacji projektu pn. „NOWE KWALIFIKACJE – NOWY START” współfinansowanego ze środków Europejskiego Funduszu Społecznego Plus (EFS+) w ramach programu regionalnego Fundusze Europejskie dla Świętokrzyskiego 2021-2027 w jednostkach szkoleniowych ZDZ Kielce CKZ Jędrzejów .",bazakonk,https://bazakonkurencyjnosci.funduszeeuropejskie.gov.pl/ogloszenia/283254
2026-07-03,"Zakład Komunalny w Halinowie Sp. z o.o.",spolka_komunalna,uslugi_it,0,"Poprawa odporności na cyberzagrożenia w Zakładzie Komunalnym w Halinowie sp. z o.o.",bazakonk,https://bazakonkurencyjnosci.funduszeeuropejskie.gov.pl/ogloszenia/283374
2026-07-02,"3N SOLUTIONS SPÓŁKA Z OGRANICZONĄ ODPOWIEDZIALNOŚCIĄ",firma_prywatna,inne,0,"Zapytanie ofertowe - Suchy lód – 10 080 kg.",bazakonk,https://bazakonkurencyjnosci.funduszeeuropejskie.gov.pl/ogloszenia/283591
2026-07-02,"Akademia Sztuk Pięknych im. Jana Matejki w Krakowie, Kraków",uczelnia_nauka,wdrozenie_ai,1,"Świadczenie usługi polegającej na wdrożeniu, konfiguracji, uruchomieniu oraz objęciu gwarancją rozwiązania typu Chatbot, przeznaczonego do obsługi kandydatów.",ezam,https://ezamowienia.gov.pl/mp-client/search/list/08ded849-89a9-80f5-92be-eb0001746eef
2026-07-02,"ANDREX-DĄBROWSKI SPÓŁKA JAWNA",firma_prywatna,inne,0,"MEBLE BIUROWE - Dostawa wraz z montażem 12 sztuk ergonomicznych biurek elektrycznych oraz 12 sztuk prozdrowotnych foteli biurowych w miejscowości Brzyście.",bazakonk,https://bazakonkurencyjnosci.funduszeeuropejskie.gov.pl/ogloszenia/283575
2026-07-02,"Biebrzański Park Narodowy",inne,inne,0,"Polska – Usługi rolnicze, leśne, ogrodnicze, hydroponiczne i pszczelarskie – Czynna ochrona nieleśnych siedlisk przyrodniczych biebrzańskich grądzików w Obwodzie Ochronnym Ciszewo oraz czynna ochrona łąk trzęślicowych i muraw kserotermicznych w Obwodzie Ochronnym Kapice",ted,https://ted.europa.eu/pl/notice/-/detail/453250-2026
2026-07-02,"Biuro Return Dominika Szramiak",firma_prywatna,szkolenie,0,"ZAPYTANIE OFERTOWE nr 6/ZPDR/07/26 Organizacja i przeprowadzenie szkolenia zawodowego „Pracownik biurowy z elementami sprzedaży i obsługi klienta” podnoszącego kompetencje/kwalifikacje i przygotowanie do egzaminu zewnętrznego dla 8 Uczestników/czek Projektu",bazakonk,https://bazakonkurencyjnosci.funduszeeuropejskie.gov.pl/ogloszenia/283644
2026-07-02,"Biuro SULTUM Sylwia Brzechwa",firma_prywatna,szkolenie,0,"Zapytanie ofertowe nr 8/SP/07/26 organizacja i przeprowadzenie szkolenia zawodowego PN. „Pracownik biurowy z elementami obsługi komputera” podnoszącego kompetencje/kwalifikacje i przygotowanie do egzaminu zewnętrznego dla 12 Uczestników/czek Projektu",bazakonk,https://bazakonkurencyjnosci.funduszeeuropejskie.gov.pl/ogloszenia/283657
2026-07-02,"Biuro SULTUM Sylwia Brzechwa",firma_prywatna,szkolenie,0,"Zapytanie ofertowe nr 9/SP/07/26 organizacja i przeprowadzenie szkolenia zawodowego PN. „Pracownik fizyczny w produkcji i pracach prostych” podnoszącego kompetencje/kwalifikacje i przygotowanie do egzaminu zewnętrznego dla 12 Uczestników/czek Projektu",bazakonk,https://bazakonkurencyjnosci.funduszeeuropejskie.gov.pl/ogloszenia/283654
2026-07-02,"Centrum Usług Społecznych w Łapach",samorzad,szkolenie,0,"Zapytanie ofertowe nr O.26.39.2026.MP z dnia 02.07.2026 roku na indywidualne zajęcia nauki języka polskiego dla obywateli państw trzecich w ramach realizacji projektu pn. „SUKCES W DZIAŁANIU - reintegracja społeczno-zawodowa mieszkańców Łap”",bazakonk,https://bazakonkurencyjnosci.funduszeeuropejskie.gov.pl/ogloszenia/283589
2026-07-02,"CISTOR Stowarzyszenie Partnerstwo Społeczne",ngo,inne,0,"Wykonanie usługi z zakresu wsparcia dla uczestników projektu ,,Wygrana rodzina – model toruński”",bazakonk,https://bazakonkurencyjnosci.funduszeeuropejskie.gov.pl/ogloszenia/283630
2026-07-02,"CLIMATIC Sp. z o.o. Sp.k.",firma_prywatna,badania_rd,0,"R-1.9-v1 Zapytanie ofertowe na wykonanie usług w postaci „Badania wpływu płytowania stropu na globalną sztywność modułu i ugięcie konstrukcji""",bazakonk,https://bazakonkurencyjnosci.funduszeeuropejskie.gov.pl/ogloszenia/283531
2026-07-02,"FMD Jadwiga Wieczorek",firma_prywatna,inne,0,"ZAPYTANIE OFERTOWE nr 01/07/2026 Dotyczy: Termomodernizacja budynku – wentylacja, system grzewczy",bazakonk,https://bazakonkurencyjnosci.funduszeeuropejskie.gov.pl/ogloszenia/283193
2026-07-02,"Fundacja Współpracy i Rozwoju INCEPTUM",ngo,oprogramowanie,0,"Zakup i dostawa Systemu Teleopieki oraz usługę Teleopieki dla 20 uczestników projektu",bazakonk,https://bazakonkurencyjnosci.funduszeeuropejskie.gov.pl/ogloszenia/283641
2026-07-02,"Gmina Żmigród",samorzad,inne,0,"Zagospodarowanie terenu wieży ciśnień",bazakonk,https://bazakonkurencyjnosci.funduszeeuropejskie.gov.pl/ogloszenia/283370
2026-07-02,"Grzegorz Łukasiewicz - Pełnomocnik",firma_prywatna,inne,0,"Zakup niskoemisyjnego samochodu do transportu osób i holowania skuterów wodnych",bazakonk,https://bazakonkurencyjnosci.funduszeeuropejskie.gov.pl/ogloszenia/283656
2026-07-02,"Infotower Business Solutions sp. z o.o.",firma_prywatna,badania_rd,0,"ZAPYTANIE OFERTOWE NR 3/2026/SMART Świadczenie przez Wykonawcę na rzecz Zamawiającego usług podwykonawczych w ramach modułu B+R Projektu (sierpień 2026 r. - luty 2028 r.)",bazakonk,https://bazakonkurencyjnosci.funduszeeuropejskie.gov.pl/ogloszenia/283628
2026-07-02,"Krajowa Izba Fizjoterapeutów",ngo,szkolenie,0,"02/07/2026/KIF/01.13 Opracowanie w języku polskim nowoczesnych programów szkoleń online wraz z udziałem w nagraniu szkolenia dla fizjoterapeutów w ramach realizacji projektu „Kształcenie praktyczne kluczem do wysokiej jakości usług fizjoterapeutycznych i wyższej jakości opieki nad pacjentem”.",bazakonk,https://bazakonkurencyjnosci.funduszeeuropejskie.gov.pl/ogloszenia/283330
2026-07-02,"Łódzki Ośrodek Geodezji",samorzad,sprzet_it,0,"Zakup, dostawa, montaż oraz uruchomienie środowiska sprzętowego wraz z systemami operacyjnymi składającego się z klastra wirtualizacyjnego, macierzy dyskowej oraz przełączników SAN",ted,https://ted.europa.eu/pl/notice/-/detail/455083-2026
2026-07-02,"MACRO MOLDS POLSKA SPÓŁKA Z OGRANICZONĄ ODPOWIEDZIALNOŚCIĄ",firma_prywatna,inne,0,"ZAPYTANIE OFERTOWE NA ZAKUP URZĄDZEŃ CNC",bazakonk,https://bazakonkurencyjnosci.funduszeeuropejskie.gov.pl/ogloszenia/283596
2026-07-02,"MAGAZYN BAWEŁNY SPÓŁKA Z OGRANICZONĄ ODPOWIEDZIALNOŚCIĄ",firma_prywatna,inne,0,"ROBOTY KONSTRUKCYJNE WRAZ Z PRACAMI TOWARZYSZĄCYMI W BUDYNKU (FUNDAMENTY WRAZ Z IZOLACJAMI, KONSTRUKCJE ŻELBETOWE – STROPY I SŁUPY, ŚCIANY WEWNĘTRZNE MUROWANE I ŻELBETOWE, INSTALACJE ELEKTRYCZNE I INSTALACJE WOD-KAN W ZAKRESIE NIEZBĘDNYM DO REALIZACJI ETAPU PRZY WZNOSZENIA OBIEKTU, ZEWNĘTRZNE KŁADKI WRAZ Z POSADOWIENIEM, ZAGOSPODAROWANIE TERENU W ZAKRESIE ZBIORNIKA RETENCYJNEGO) PRZY UL. KARSKIEGO 5A W ŁODZI",bazakonk,https://bazakonkurencyjnosci.funduszeeuropejskie.gov.pl/ogloszenia/283540
2026-07-02,"MOLECURE SA",firma_prywatna,badania_rd,0,"13/2026 - AI: Usługi badawcze z zakresu chemii analitycznej realizowane od dnia obowiązywania umowy do 31.12.2027",bazakonk,https://bazakonkurencyjnosci.funduszeeuropejskie.gov.pl/ogloszenia/283581
2026-07-02,"Państwowe Gospodarstwo Wodne Wody Polskie",spolka_komunalna,inne,0,"Wykonanie kontroli okresowych rocznych stanu technicznego budowli hydrotechnicznych innych niż wały przeciwpowodziowe wynikających z Prawa budowlanego na terenie Nadzoru Wodnego w Hrubieszowie",ted,https://ted.europa.eu/pl/notice/-/detail/453415-2026
2026-07-02,"PLAST-MET CNC SPÓŁKA Z OGRANICZONĄ ODPOWIEDZIALNOŚCIĄ",firma_prywatna,inne,0,"„Zwiększenie konkurencyjności firmy PLAST-MET CNC, zlokalizowanej w Cisewie, poprzez modernizację procesu produkcyjnego i wprowadzenie nowego produktu – stalowego kontenera na odpady produkcyjne, w celu dostosowania się do warunków rynkowych”.",bazakonk,https://bazakonkurencyjnosci.funduszeeuropejskie.gov.pl/ogloszenia/283336
2026-07-02,"Przedsiębiorstwo Maximus ZBH Muc Sp. K.",firma_prywatna,inne,0,"Dostawa stołów spawalniczych",bazakonk,https://bazakonkurencyjnosci.funduszeeuropejskie.gov.pl/ogloszenia/283572
2026-07-02,"SAMODZIELNY PUBLICZNY SZPITAL DLA NERWOWO I PSYCHICZNIE CHORYCH W MIĘDZYRZECZU",szpital_zdrowie,sprzet_it,0,"„Zakup sprzętu i urządzeń infrastruktury IT oraz telekomunikacyjnych na potrzeby Poradni Psychologicznej”",bazakonk,https://bazakonkurencyjnosci.funduszeeuropejskie.gov.pl/ogloszenia/283510
2026-07-02,"Samorządowa Szkoła Podstawowa im. Ks. Andrzeja Biernackiego w Wielgusie",oswiata,inne,0,"Zakup i dostawa pomocy multimedialnych",bazakonk,https://bazakonkurencyjnosci.funduszeeuropejskie.gov.pl/ogloszenia/283604
2026-07-02,"Samorządowa Szkoła Podstawowa im. Ks. Andrzeja Biernackiego w Wielgusie",oswiata,inne,0,"Zakup i dostawa zabawek i pomocy dydaktycznych",bazakonk,https://bazakonkurencyjnosci.funduszeeuropejskie.gov.pl/ogloszenia/283506
2026-07-02,"SLW BIOLAB Weterynaryjne Laboratorium Diagnostyczne spółka cywilna",szpital_zdrowie,inne,0,"Zapytanie ofertowe nr BIOLAB/FEWM.01.02-02/2024/2.22 na dostawę materiałów do prowadzenia badań w zakresie zadania pod nazwą „Optymalizacja procesów na etapie produkcji szczepionek autogenicznych” w ramach projektu „Opracowanie innowacyjnych szczepionek autogenicznych dla zwierząt gospodarskich” dofinansowanego w ramach działania 1.2 „Działalność B+R+I przedsiębiorstw” dla Funduszy Europejskich dla Warmii i Mazur 2021-2027",bazakonk,https://bazakonkurencyjnosci.funduszeeuropejskie.gov.pl/ogloszenia/283501
2026-07-02,"Stowarzyszenie HUMANEO",ngo,szkolenie,0,"ZAPYTANIE OFERTOWE NR 28/KL/FELU.09.02 PRZEPROWADZANE W TRYBIE ZASADY KONKURENCYJNOŚCI w projekcie „Kompetentne lubelskie” nr FELU.09.02-IP.02-0110/24-00 realizowanym w ramach Programu Fundusze Europejskie dla Lubelskiego 2021-2027 współfinansowanego ze środków Europejskiego Funduszu Społecznego Plus",bazakonk,https://bazakonkurencyjnosci.funduszeeuropejskie.gov.pl/ogloszenia/283536
2026-07-02,"Stowarzyszenie Inicjatywa Samorządowa Razem",ngo,sprzet_it,0,"Zakup i dostawa 3 drukarek atramentowych oraz 4 drukarek laserowych.",bazakonk,https://bazakonkurencyjnosci.funduszeeuropejskie.gov.pl/ogloszenia/283552
2026-07-02,"Stowarzyszenie Inicjatywa Samorządowa Razem",ngo,sprzet_it,0,"Zakup i dostawa 1 sztuki kserokopiarki/urządzenia wielofunkcyjnego",bazakonk,https://bazakonkurencyjnosci.funduszeeuropejskie.gov.pl/ogloszenia/283577
2026-07-02,"Stowarzyszenie Inicjatywa Samorządowa Razem",ngo,sprzet_it,0,"Zakup i dostawa 12 sztuk monitorów interaktywnych wraz z montażem",bazakonk,https://bazakonkurencyjnosci.funduszeeuropejskie.gov.pl/ogloszenia/283530
2026-07-02,"Stowarzyszenie MOST",ngo,szkolenie,0,"Przeprowadzenie kursów języka polskiego na poziomie B1 i B2 dla obywateli państw trzecich.",bazakonk,https://bazakonkurencyjnosci.funduszeeuropejskie.gov.pl/ogloszenia/283533
2026-07-02,"Uniwersyteckie Centrum Kliniczne Warszawskiego Uniwersytetu Medycznego",szpital_zdrowie,inne,0,"Zakup i dostawa soczewek wewnątrzgałkowych",ted,https://ted.europa.eu/pl/notice/-/detail/454335-2026
2026-07-02,"Uniwersytet Marii Curie - Skłodowskiej w Lublinie",uczelnia_nauka,inne,0,"Usługi kompleksowej produkcji materiałów audiowizualnych i edukacyjnych na potrzeby projektu„ Od Startu do Dyplomu – Program Przeciwdziałania Drop-out w UMCS"" (oznaczenie sprawy: 6/ZO/OSDD/2026)",bazakonk,https://bazakonkurencyjnosci.funduszeeuropejskie.gov.pl/ogloszenia/283473
2026-07-02,"Uniwersytet Rzeszowski",uczelnia_nauka,inne,0,"Sprzedaż wraz z dostarczeniem mikroskopów",ted,https://ted.europa.eu/pl/notice/-/detail/452888-2026
2026-07-02,"Urząd Miasta Zielona Góra",samorzad,uslugi_it,0,"Przeprowadzenie audytów i analizy ryzyka zgodnego z wymaganiami Krajowych Ram Interoperacyjności (KRI) dla systemów teleinformatycznych oraz procesów zarządzania bezpieczeństwem informacji w Urzędzie, zgodnie z rozporządzeniem Rady Ministrów z dnia 21 maja 2024 r. w sprawie Krajowych Ram Interoperacyjności, minimalnych wymagań dla rejestrów publicznych, wymiany informacji w postaci elektronicznej oraz minimalnych wymagań dla systemów teleinformatycznych (Dz. U. z 2024 r. poz. 773, dalej rozporządzenie KRI).",bazakonk,https://bazakonkurencyjnosci.funduszeeuropejskie.gov.pl/ogloszenia/283576
2026-07-02,"WEBSENSA Spółka z ograniczoną odpowiedzialnością",firma_prywatna,badania_rd,1,"ZAPYTANIE OFERTOWE nr 11_2026_05.01.01_003F z dnia 2 lipca 2026 r. na wybór wykonawcy prac badawczo – rozwojowych – Senior ML Ops",bazakonk,https://bazakonkurencyjnosci.funduszeeuropejskie.gov.pl/ogloszenia/283664
2026-07-02,"WEBSENSA Spółka z ograniczoną odpowiedzialnością",firma_prywatna,badania_rd,1,"ZAPYTANIE OFERTOWE nr 3_2026_05.01.01_003F z dnia 2 lipca 2026 r. na wybór wykonawcy prac badawczo – rozwojowych – UX Designer.",bazakonk,https://bazakonkurencyjnosci.funduszeeuropejskie.gov.pl/ogloszenia/283620
2026-07-02,"WEBSENSA Spółka z ograniczoną odpowiedzialnością",firma_prywatna,badania_rd,1,"ZAPYTANIE OFERTOWE nr 8_2026_05.01.01_003F z dnia 2 lipca 2026 r. na wybór wykonawcy prac badawczo – rozwojowych – Data Scientist 2.",bazakonk,https://bazakonkurencyjnosci.funduszeeuropejskie.gov.pl/ogloszenia/283649
2026-07-02,"WEBSENSA Spółka z ograniczoną odpowiedzialnością",firma_prywatna,badania_rd,1,"ZAPYTANIE OFERTOWE nr 4_2026_05.01.01_003F z dnia 2 lipca 2026 r. na wybór wykonawcy prac badawczo – rozwojowych – Senior System Architect.",bazakonk,https://bazakonkurencyjnosci.funduszeeuropejskie.gov.pl/ogloszenia/283621
2026-07-02,"WEBSENSA Spółka z ograniczoną odpowiedzialnością",firma_prywatna,badania_rd,1,"ZAPYTANIE OFERTOWE nr 7_2026_05.01.01_003F z dnia 2 lipca 2026 r. na wybór wykonawcy prac badawczo – rozwojowych – Data Scientist 1.",bazakonk,https://bazakonkurencyjnosci.funduszeeuropejskie.gov.pl/ogloszenia/283648
2026-07-02,"WEBSENSA Spółka z ograniczoną odpowiedzialnością",firma_prywatna,badania_rd,1,"ZAPYTANIE OFERTOWE nr 9_2026_05.01.01_003F z dnia 2 lipca 2026 r. na wybór wykonawcy prac badawczo – rozwojowych – Data Scientist 3",bazakonk,https://bazakonkurencyjnosci.funduszeeuropejskie.gov.pl/ogloszenia/283662
2026-07-02,"WEBSENSA Spółka z ograniczoną odpowiedzialnością",firma_prywatna,badania_rd,1,"ZAPYTANIE OFERTOWE nr 6_2026_05.01.01_003F z dnia 2 lipca 2026 r. na wybór wykonawcy prac badawczo – rozwojowych – Senior Fullstack Developer 2.",bazakonk,https://bazakonkurencyjnosci.funduszeeuropejskie.gov.pl/ogloszenia/283645
2026-07-02,"WEBSENSA Spółka z ograniczoną odpowiedzialnością",firma_prywatna,badania_rd,1,"ZAPYTANIE OFERTOWE nr 1_2026_05.01.01_003F z dnia 2 lipca 2026 r. na wybór wykonawcy prac badawczo – rozwojowych – Prompt Engineer 1.",bazakonk,https://bazakonkurencyjnosci.funduszeeuropejskie.gov.pl/ogloszenia/283610
2026-07-02,"WEBSENSA Spółka z ograniczoną odpowiedzialnością",firma_prywatna,badania_rd,1,"ZAPYTANIE OFERTOWE nr 10_2026_05.01.01_003F z dnia 2 lipca 2026 r. na wybór wykonawcy prac badawczo – rozwojowych – QA Engineer & Tester",bazakonk,https://bazakonkurencyjnosci.funduszeeuropejskie.gov.pl/ogloszenia/283663
2026-07-02,"WEBSENSA Spółka z ograniczoną odpowiedzialnością",firma_prywatna,badania_rd,1,"ZAPYTANIE OFERTOWE nr 2_2026_05.01.01_003F z dnia 2 lipca 2026 r. na wybór wykonawcy prac badawczo – rozwojowych – Prompt Engineer 2.",bazakonk,https://bazakonkurencyjnosci.funduszeeuropejskie.gov.pl/ogloszenia/283619
2026-07-02,"WEBSENSA Spółka z ograniczoną odpowiedzialnością",firma_prywatna,badania_rd,1,"ZAPYTANIE OFERTOWE nr 5_2026_05.01.01_003F z dnia 2 lipca 2026 r. na wybór wykonawcy prac badawczo – rozwojowych – Senior Fullstack Developer 1.",bazakonk,https://bazakonkurencyjnosci.funduszeeuropejskie.gov.pl/ogloszenia/283626
2026-07-02,"Wyższa Szkoła Biznesu i Nauk o Zdrowiu w Łodzi",uczelnia_nauka,oprogramowanie,0,"ZAPYTANIE OFERTOWE nr 4/WSBiNoZ/DROP/2026 w zakresie realizacji usługi polegającej na dostawie licencji i wdrożeniu systemu teleinformatycznego",bazakonk,https://bazakonkurencyjnosci.funduszeeuropejskie.gov.pl/ogloszenia/283597
2026-07-02,"Zakład Doskonalenia Zawodowego w Słupsku",oswiata,szkolenie,0,"Zorganizowanie obozów terapeutyczno- sportowych dla dzieci w ramach projektu pn. „Centralnie Rodzina”, współfinansowanego ze środków Europejskiego Funduszu Społecznego Plus (EFS+) w ramach programu Fundusze Europejskie dla Pomorza 2021–2027, Priorytet 5 „Fundusze europejskie dla silnego społecznie Pomorza (EFS+)”, Działanie 5.17 „Usługi społeczne i zdrowotne”.",bazakonk,https://bazakonkurencyjnosci.funduszeeuropejskie.gov.pl/ogloszenia/283516
2026-07-02,"Związek Harcerstwa Polskiego, Chorągiew Gdańska",ngo,inne,0,"Stacja Miastko- rozwój usług społecznych wsparcia rodziny",bazakonk,https://bazakonkurencyjnosci.funduszeeuropejskie.gov.pl/ogloszenia/283503
2026-07-01,"""NOMA"" SPÓŁKA Z OGRANICZONĄ ODPOWIEDZIALNOŚCIĄ",firma_prywatna,inne,0,"ZAPYTANIE OFERTOWE 02/07/2026 Dotyczy: obrabiarka sterowana numerycznie 1 szt.",bazakonk,https://bazakonkurencyjnosci.funduszeeuropejskie.gov.pl/ogloszenia/283018
2026-07-01,"Akademia WSB",uczelnia_nauka,szkolenie,0,"ZAPYTANIE OFERTOWE nr 31/FERS/0320/2026 - Wyprodukowanie kursu e-learningowego w języku polskim pn.: „Pisanie pracy dyplomowej” na potrzeby Akademii WSB.",bazakonk,https://bazakonkurencyjnosci.funduszeeuropejskie.gov.pl/ogloszenia/283373
2026-07-01,"Centrum Obsługi Oświaty w Międzychodzie",oswiata,inne,0,"DOWÓZ DZIECI I UCZNIÓW DO JEDNOSTEK OŚWIATOWYCH WRAZ Z OPIEKĄ NA TERENIE GMINY MIĘDZYCHÓD",ted,https://ted.europa.eu/pl/notice/-/detail/452582-2026
2026-07-01,"Certes Sp. z o.o.",firma_prywatna,inne,0,"Zapytanie ofertowe nr NKNJ/01/07/2026",bazakonk,https://bazakonkurencyjnosci.funduszeeuropejskie.gov.pl/ogloszenia/283478
2026-07-01,"Fundacja ""Integracja JP II""",ngo,inne,0,"Rozszerzenie oferty Centrum wsparcia Dziennego „TRATWA”",bazakonk,https://bazakonkurencyjnosci.funduszeeuropejskie.gov.pl/ogloszenia/283427
2026-07-01,"FUNDACJA NA RZECZ WSPÓLNOT LOKALNYCH „NA MIEJSCU”",ngo,badania_rd,0,"ZAPYTANIE OFERTOWE NR 1/COHO/2026 Opracowanie i przeprowadzenie badań fokusowych w formule partycypacyjnej gry symulacyjnej (serious game)",bazakonk,https://bazakonkurencyjnosci.funduszeeuropejskie.gov.pl/ogloszenia/283475
2026-07-01,"Fundacja Pomocy Dzieciom ""Ulica""",ngo,inne,0,"Dostawa pomocy dydaktycznych wykorzystywanych w trakcie warsztatów rozwoju zainteresowań (wydatek 2.11 i 2.12) realizowanych w ramach projektu pn. „Centra Motywacyjno-Profilaktyczne dla dzieci, młodzieży i ich rodzin”.",bazakonk,https://bazakonkurencyjnosci.funduszeeuropejskie.gov.pl/ogloszenia/283487
2026-07-01,"Human Biome spółka akcyjna",firma_prywatna,inne,0,"ZAPYTANIE OFERTOWE NR 55/2026 na zakup wraz z dostawą laboratoryjnych materiałów pomocniczych",bazakonk,https://bazakonkurencyjnosci.funduszeeuropejskie.gov.pl/ogloszenia/283446
2026-07-01,"Komenda Wojewódzka Policji w Poznaniu",sluzby_wojsko,oprogramowanie,0,"Dostawa podpisów kwalifikowanych.",bazakonk,https://bazakonkurencyjnosci.funduszeeuropejskie.gov.pl/ogloszenia/283434
2026-07-01,"Kraus Folie Sp. z o.o.",firma_prywatna,inne,0,"Dostawy, instalacja i uruchomienie linii 9-warstwowej do produkcji folii – 1 szt., dla Kraus Folie Sp. z o.o. z siedzibą ul. Wojciecha z Brudzewa 44, 62-800 Kalisz.",bazakonk,https://bazakonkurencyjnosci.funduszeeuropejskie.gov.pl/ogloszenia/283453
2026-07-01,"Kyosan Europe Sp. z o.o.",firma_prywatna,badania_rd,0,"Przedmiotem zamówienia jest sporządzenie opinii technicznej, niezbędnej do uzyskania Dopuszczenia do stosowania na liniach kolejowych zarządzanych przez PKP Polskie Linie Kolejowe S.A. (zgodnie z procedurą SMS-PW-17) wraz z przeprowadzeniem niezbędnych badań i sprawdzeń funkcjonalnych i bezpiecznościowych dla: systemu wykrywania i sygnalizacji przeszkód w strefie przejazdu kolejowo-drogowego.",bazakonk,https://bazakonkurencyjnosci.funduszeeuropejskie.gov.pl/ogloszenia/278241
2026-07-01,"Miasto Kwidzyn",samorzad,badania_rd,0,"Miejski Plan Adaptacji do zmian klimatu dla Kwidzyna",bazakonk,https://bazakonkurencyjnosci.funduszeeuropejskie.gov.pl/ogloszenia/283352
2026-07-01,"Międzynarodowa Szkoła Logistyki i Transportu we Wrocławiu",uczelnia_nauka,szkolenie,0,"Zapytanie ofertowe nr 02/07/LOG/2026 na wykonanie nagrań e-learning do przedmiotu DIGITALIZACJA I AUTOMATYZACJA W LOGISTYCE w ramach studiów I stopnia w ramach projektu: Kształtowanie kompetencji w obszarze logistyki jako odpowiedź na zmieniające się potrzeby rynku pracy w dobie wyzwań Zielonego Ładu i transformacji cyfrowej FERS.01.05-IP.08-0233/23",bazakonk,https://bazakonkurencyjnosci.funduszeeuropejskie.gov.pl/ogloszenia/283468
2026-07-01,"Międzynarodowa Szkoła Logistyki i Transportu we Wrocławiu",uczelnia_nauka,szkolenie,0,"Zapytanie ofertowe nr 01/07/LOG/2026 na wykonanie nagrań e-learning do przedmiotu OPTYMALIZACJA I AUTOMATYZACJA PRZEPŁYWÓW PRODUKCYJNYCH w ramach studiów II stopnia w ramach projektu: Kształtowanie kompetencji w obszarze logistyki jako odpowiedź na zmieniające się potrzeby rynku pracy w dobie wyzwań Zielonego Ładu i transformacji cyfrowej FERS.01.05-IP.08-0233/23",bazakonk,https://bazakonkurencyjnosci.funduszeeuropejskie.gov.pl/ogloszenia/283463
2026-07-01,"Morska Służba Poszukiwania i Ratownictwa",administracja_centralna,inne,0,"Dostawa lekkiego oleju opałowego do celów grzewczych dla jednostek MSPiR",ted,https://ted.europa.eu/pl/notice/-/detail/451077-2026
2026-07-01,"Państwowe Gospodarstwo Wodne Wody Polskie",administracja_centralna,inne,0,"Polska – Usługi inżynierii projektowej w zakresie inżynierii lądowej i wodnej – Obwałowanie rzeki Bug: odcinek Rostki Wielkie - Małkinia Górna- Klukowo- wznowienie opracowania dok. projekt. wraz z uzyskaniem wszystkich wymaganych prawem uzgodnień i decyzji administracyjnych",ted,https://ted.europa.eu/pl/notice/-/detail/451091-2026
2026-07-01,"Państwowe Gospodarstwo Wodne Wody Polskie",spolka_komunalna,inne,0,"Wykonanie konserwacji (utrzymanie) cieków na terenie Nadzoru Wodnego Pszczyna, z podziałem na części",ted,https://ted.europa.eu/pl/notice/-/detail/449912-2026
2026-07-01,"Politechnika Białostocka",uczelnia_nauka,inne,0,"ZK-DAZ.262.334.2026 Dostawę stanowiska demonstracyjnego wielopunktowego wtrysku paliwa wraz z wielopunktowym układem zasilania gazem na potrzeby projektu: Projekt „PB 5.0 – dostosowanie oferty dydaktycznej Politechniki Białostockiej do potrzeb nowoczesnej gospodarki oraz zielonej i cyfrowej transformacji” (nr umowy FERS.01.05-IP.08-0327/23-00 z dnia 14.06.2024 r.) realizowanego w ramach programu Fundusze Europejskie dla Rozwoju Społecznego 2021-2027 współfinansowanego ze środków Europejskiego Funduszu Społecznego Plus.",bazakonk,https://bazakonkurencyjnosci.funduszeeuropejskie.gov.pl/ogloszenia/283449
2026-07-01,"Polska Agencja Żeglugi Powietrznej",administracja_centralna,uslugi_it,0,"Świadczenie usług telekomunikacyjnych w podziale na 33 części",ted,https://ted.europa.eu/pl/notice/-/detail/449453-2026
2026-07-01,"Polski Instytut Ekonomiczny, Warszawa",uczelnia_nauka,badania_rd,0,"PZP.3.2026 - Przeprowadzenie badania CAWI pn. „Wykorzystanie generatywnej sztucznej inteligencji przez osoby pracujące w Polsce”.",ezam,https://ezamowienia.gov.pl/mp-client/search/list/08ded76a-3992-5f79-92be-eb0001745c81
2026-07-01,"Polski Związek Eksploratorów",ngo,szkolenie,0,"Rzecznictwo na rzecz edukacji - Przeprowadzenie szkoleń (podlaskie)",bazakonk,https://bazakonkurencyjnosci.funduszeeuropejskie.gov.pl/ogloszenia/283496
2026-07-01,"Project Hub Sp. z o.o.",firma_prywatna,szkolenie,0,"Zapytanie ofertowe w sprawie zamówienia na dostarczenie usług szkolenia dla uczniów w projekcie „Wsparcie szkolnictwa w Zespole Szkół Centrum Kształcenia Rolniczego w Sichowie Dużym” z dnia 01.07.2026 r. - SZKOLENIE ROLNICTWO 4.0",bazakonk,https://bazakonkurencyjnosci.funduszeeuropejskie.gov.pl/ogloszenia/283428
2026-07-01,"RYVU THERAPEUTICS S.A.",firma_prywatna,inne,0,"Zapytanie ofertowe 01 07 2026 A - zakup i sukcesywna dostawa materiałów operacyjnych.",bazakonk,https://bazakonkurencyjnosci.funduszeeuropejskie.gov.pl/ogloszenia/282885
2026-07-01,"Samodzielny Szpital Wojewódzki im. Mikołaja Kopernika w Piotrkowie Trybunalskim",szpital_zdrowie,inne,0,"Sprzedaż i dostawa leków programowych, produktów leczniczych oraz kleiku ryżowego.",ted,https://ted.europa.eu/pl/notice/-/detail/450773-2026
2026-07-01,"Śląskie Centrum Przedsiębiorczości",ngo,sprzet_it,0,"Zakup filtrów prywatyzujących do laptopów oraz monitora mobilnego.",bazakonk,https://bazakonkurencyjnosci.funduszeeuropejskie.gov.pl/ogloszenia/283456
2026-07-01,"SOFIA EuroInvest Magdalena Nowacka",firma_prywatna,inne,0,"Lubelskie bez granic",bazakonk,https://bazakonkurencyjnosci.funduszeeuropejskie.gov.pl/ogloszenia/283423
2026-07-01,"Stalowowolskie Centrum Usług Wspólnych",samorzad,sprzet_it,0,"Modernizacja informatyczna Miasta Stalowej Woli - Zakup sprzętu serwerowego na potrzeby Miasta Stalowej Woli – typ 2.",ted,https://ted.europa.eu/pl/notice/-/detail/452462-2026
2026-07-01,"Stowarzyszenie HUMANEO",ngo,inne,0,"ZAPYTANIE OFERTOWE NR 25/KL/FELU.09.02 PRZEPROWADZANE W TRYBIE ZASADY KONKURENCYJNOŚCI w projekcie „Kompetentne lubelskie” nr FELU.09.02-IP.02-0110/24-00 realizowanym w ramach Programu Fundusze Europejskie dla Lubelskiego 2021-2027 współfinansowanego ze środków Europejskiego Funduszu Społecznego Plus",bazakonk,https://bazakonkurencyjnosci.funduszeeuropejskie.gov.pl/ogloszenia/283388
2026-07-01,"TOPCAN SP. z O.O.",firma_prywatna,badania_rd,0,"Projektowanie i modelowanie urządzeń w środowisku wirtualnym - badania i symulacje w zakresie projektowania i opracowania głowic drukujących wraz z zasobnikiem na emulsję oraz układu napędu głowicy wraz z układem utrwalania emulsji i przenoszenia materiału nadrukowywanego",bazakonk,https://bazakonkurencyjnosci.funduszeeuropejskie.gov.pl/ogloszenia/283482
2026-07-01,"Uczelnia KorczakaUczelnia Korczaka – Akademia Nauk Stosowanych",uczelnia_nauka,badania_rd,0,"Prace badawczo-analityczne, eksperckie, konsultacyjne i szkoleniowe. Zadanie realizowane w ramach projektu pn: „Wypracowanie oraz wdrożenie jednolitego standardu jakości funkcjonowania publicznych służb zatrudnienia oraz systemu jego monitorowania FERS.01.02 IP.06-002/25”.",bazakonk,https://bazakonkurencyjnosci.funduszeeuropejskie.gov.pl/ogloszenia/283406
2026-07-01,"Uniwersytecki Szpital Kliniczny Nr 1 im. prof. Tadeusza Sokołowskiego PUM w Szczecinie",szpital_zdrowie,uslugi_it,0,"Wdrożenie e-usług w Uniwersyteckim Szpitalu Klinicznym nr 1 im. prof. Tadeusza Sokołowskiego PUM w Szczecinie",bazakonk,https://bazakonkurencyjnosci.funduszeeuropejskie.gov.pl/ogloszenia/283401
2026-07-01,"Uniwersyteckie Centrum Kliniczne Warszawskiego Uniwersytetu Medycznego",szpital_zdrowie,inne,0,"Dostawa odczynników, kalibratorów, materiałów kontrolnych i zużywalnych do oznaczania parametrów biochemicznych i immunochemicznych wraz z dzierżawą analizatorów oraz urządzeń pomocniczych na okres 36 miesięcy dla UCK WUM.",ted,https://ted.europa.eu/pl/notice/-/detail/450883-2026
2026-07-01,"Uniwersytet WSB Merito w Gdańsku",uczelnia_nauka,szkolenie,0,"45/2026/WPAU372 Świadczenie usługi edukacyjnej polegającej na realizacji studiów podyplomowych typu MBA dla 2 pracowników UWSB Merito w Gdańsku.",bazakonk,https://bazakonkurencyjnosci.funduszeeuropejskie.gov.pl/ogloszenia/283422
2026-07-01,"Uniwersytet WSB Merito w Poznaniu",uczelnia_nauka,inne,0,"Dostawa wyposażenia laboratorium do realizacji praktycznych elementów kształcenia na kierunku KOSMETOLOGIA - Laboratorium dietetyki i anatomii w Uniwersytecie WSB Merito Szczecin",bazakonk,https://bazakonkurencyjnosci.funduszeeuropejskie.gov.pl/ogloszenia/283424
2026-07-01,"Wodociągi Zachodniopomorskie Sp. z o.o.",spolka_komunalna,oprogramowanie,0,"„Dostawa i wdrożenie oprogramowania do monitorowania infrastruktury informatycznej oraz zarządzania aktywami teleinformatycznych (IT/OT/ICS/IoT) w ramach realizacji projektu „Cyberbezpieczne Wodociągi”",bazakonk,https://bazakonkurencyjnosci.funduszeeuropejskie.gov.pl/ogloszenia/283441
2026-07-01,"Zakład Komunalny w Śmiglu Sp. z o.o.",spolka_komunalna,uslugi_it,0,"Opracowanie, wdrożenie, przegląd, aktualizacja Systemu Zarządzania Bezpieczeństwem Informacji (SZBI)",bazakonk,https://bazakonkurencyjnosci.funduszeeuropejskie.gov.pl/ogloszenia/283299
2026-07-01,"Związek Centralny Dzieła Kolpinga w Polsce",ngo,szkolenie,0,"Usługa trenerska: przeprowadzenie szkolenia dla NGO z zakresu dostępności informacyjno-komunikacyjnej i prostego języka, Straszyn w woj. pomorskim, 18-19.07.2026 r.",bazakonk,https://bazakonkurencyjnosci.funduszeeuropejskie.gov.pl/ogloszenia/283486
2026-06-30,"""ANMAR"" MARCIN SOBCZYK",firma_prywatna,inne,0,"Zakup usług doradczych",bazakonk,https://bazakonkurencyjnosci.funduszeeuropejskie.gov.pl/ogloszenia/283141
2026-06-30,"Akademia Górnośląska im.Wojciecha Korfantego w Katowicach",uczelnia_nauka,inne,0,"Wykonanie robót remontowo - budowlanych polegających na kompleksowym remoncie wskazanych w dokumentacji technicznej pomieszczeń Akademii Górnośląskiej im. Wojciecha Korfantego w Katowicach zlokalizowanych przy ul. Kostki Napierskiego 38 / Budynek C w Katowicach.",bazakonk,https://bazakonkurencyjnosci.funduszeeuropejskie.gov.pl/ogloszenia/283247
2026-06-30,"Akademia WSB",uczelnia_nauka,uslugi_it,0,"ZAPYTANIE OFERTOWE NR 1/FERS/0043/2026 - Rozbudowa aplikacji mobilnej oraz Wirtualnej Uczelni – monitoring frekwencji, automatyzacja weryfikacji obecności i dashboard studencki, na potrzeby Akademii WSB.",bazakonk,https://bazakonkurencyjnosci.funduszeeuropejskie.gov.pl/ogloszenia/283272
2026-06-30,"Centrum Doskonalenia Kadr Ewa Perlińska - Nowak",firma_prywatna,szkolenie,1,"""Aktywnie i samodzielnie 2"" - Przedmiotem zamówienia jest realizacja szkolenia zawodowego: „Pracownik biurowy z zarządzaniem, obiegiem dokumentów z wykorzystaniem sztucznej inteligencji” dla 6UP, które obejmuje: koszt personelu, sali, cateringu, materiałów szkoleniowych, ubezpieczenie NNW, egzaminu.",bazakonk,https://bazakonkurencyjnosci.funduszeeuropejskie.gov.pl/ogloszenia/283229
2026-06-30,"Certes Sp. z o.o.",firma_prywatna,inne,0,"Zapytanie ofertowe nr NKNJ/02/06/2026",bazakonk,https://bazakonkurencyjnosci.funduszeeuropejskie.gov.pl/ogloszenia/283304
2026-06-30,"ELEKTROTEK SPÓŁKA Z OGRANICZONĄ ODPOWIEDZIALNOŚCIĄ",firma_prywatna,inne,0,"Zapytanie Ofertowe dotyczące termomodernizacji budynku",bazakonk,https://bazakonkurencyjnosci.funduszeeuropejskie.gov.pl/ogloszenia/283263
2026-06-30,"FUNDACJA POSTSCRIPTUM",ngo,inne,0,"Zapytanie ofertowe nr 3/EIA/LUB/2026 w projekcie „Efektywni i aktywni” umowa nr FELU.08.01-IP.02-0036/24-00 realizowanym w ramach Programu Fundusze Europejskie dla Lubelskiego 2021-2027 współfinansowanego ze środków Europejskiego Funduszu Społecznego Plus, Działanie FELU.8.1 Aktywizacja społeczna i zawodowa",bazakonk,https://bazakonkurencyjnosci.funduszeeuropejskie.gov.pl/ogloszenia/283306
2026-06-30,"GALPAK Konrad Galas",firma_prywatna,inne,0,"Dostawa i wdrożenie wózka akumulatorowego",bazakonk,https://bazakonkurencyjnosci.funduszeeuropejskie.gov.pl/ogloszenia/283241
2026-06-30,"GALPAK Konrad Galas",firma_prywatna,inne,0,"Kopia Dostawa i wdrożenie wózka akumulatorowego",bazakonk,https://bazakonkurencyjnosci.funduszeeuropejskie.gov.pl/ogloszenia/283328
2026-06-30,"Gmina Igołomia-Wawrzeńczyce",samorzad,szkolenie,0,"Przygotowanie i przeprowadzenie szkolenia dla opiekunów osób zależnych, które zostanie przeprowadzone w formie stacjonarnej, na terenie gminy Igołomia-Wawrzeńczyce",bazakonk,https://bazakonkurencyjnosci.funduszeeuropejskie.gov.pl/ogloszenia/283245
2026-06-30,"Gmina Kamieńsk",samorzad,sprzet_it,0,"Dostawa wyposażenia TIK, sprzętu komputerowego, multimedialnego oraz pomocy dydaktycznych dla Zespołu Szkół Ponadpodstawowych w Kamieńsku w ramach projektu ""Twój rozwój - nasza misja""",bazakonk,https://bazakonkurencyjnosci.funduszeeuropejskie.gov.pl/ogloszenia/283314
2026-06-30,"Gmina Kwidzyn",samorzad,inne,0,"„Zagospodarowanie przestrzeni publicznej dla celów rekreacyjno- edukacyjnych poprzez utworzenie tzw. Stacji energetycznych na terenie szkoły podstawowej w Rakowcu oraz szkoły podstawowej w Korzeniewie”",bazakonk,https://bazakonkurencyjnosci.funduszeeuropejskie.gov.pl/ogloszenia/283244
2026-06-30,"Gmina Miejska Zgorzelec",samorzad,badania_rd,0,"Opracowanie Miejskiego Planu Adaptacji do zmian klimatu dla Miasta Zgorzelec.",bazakonk,https://bazakonkurencyjnosci.funduszeeuropejskie.gov.pl/ogloszenia/283282
2026-06-30,"Gospdartswo Rybackie Bytów Sp. z o.o.",firma_prywatna,inne,0,"Dostawa specjalistycznego samochodu typu furgon w zabudowie izotermicznej wraz z agregatem - zgodnie z opisem przedmiotu zamówienia",bazakonk,https://bazakonkurencyjnosci.funduszeeuropejskie.gov.pl/ogloszenia/283284
2026-06-30,"GREEN SIDE Spółka z ograniczoną odpowiedzialnością",firma_prywatna,inne,0,"ZAPYTANIE OFERTOWE nr 4_2026_01.01.02_0345 z dnia 30 czerwca 2026 r. na zakup materiałów do badań.",bazakonk,https://bazakonkurencyjnosci.funduszeeuropejskie.gov.pl/ogloszenia/283249
2026-06-30,"Grzegorz Łukasiewicz - Pełnomocnik",firma_prywatna,inne,0,"Różnicowanie działalności gospodarczej armatora PUC-1",bazakonk,https://bazakonkurencyjnosci.funduszeeuropejskie.gov.pl/ogloszenia/283312
2026-06-30,"IZOBUD SP. Z O.O.",firma_prywatna,inne,0,"ZAPYTANIE OFERTOWE NR 1/IZOBUD_1.9/2026 na wykonanie i dostawę kompletnej linii do pakowania i paletyzacji membran bitumicznych",bazakonk,https://bazakonkurencyjnosci.funduszeeuropejskie.gov.pl/ogloszenia/283258
2026-06-30,"Janusz Czyż ""DORBUD''",firma_prywatna,inne,0,"ZAPYTANIE OFERTOWE NR 2/FELD.09.01-IP.02-0174/25 - Dostawa i uruchomienie zintegrowanego systemu technologicznego do stabilizacji gruntów i recyklingu nawierzchni metodą MCE",bazakonk,https://bazakonkurencyjnosci.funduszeeuropejskie.gov.pl/ogloszenia/283346
2026-06-30,"JES OPAKOWANIA Spółka z ograniczoną odpowiedzialnością Spółka komandytowa",firma_prywatna,uslugi_it,0,"(6/2026/22/25/ZAP) - Dedykowany system kalkulacyjno-ofertowy - opracowanie, wdrożenie i szkolenie",bazakonk,https://bazakonkurencyjnosci.funduszeeuropejskie.gov.pl/ogloszenia/283079
2026-06-30,"Laboratorium-Experteam Sp. z o.o.",firma_prywatna,inne,0,"ZAPYTANIE OFERTOWE nr 1/2026/PRAWO w przedmiocie wyłonienia radcy prawnego/prawnika do realizacji bieżącego doradztwa prawnego dla Laboratorium-Experteam Sp. z o.o",bazakonk,https://bazakonkurencyjnosci.funduszeeuropejskie.gov.pl/ogloszenia/283338
2026-06-30,"Miasto Kraśnik",samorzad,uslugi_it,0,"Kompleksowe prowadzenie mediów społecznościowych dotyczących Projektu „Kraśnik – Bezpieczne Miasto Nowej Generacji”",bazakonk,https://bazakonkurencyjnosci.funduszeeuropejskie.gov.pl/ogloszenia/283129
2026-06-30,"Miejski Zakład Komunikacji w Gorzowie Wielkopolskim sp. z o.o.",spolka_komunalna,badania_rd,0,"„Opracowanie Programu Funkcjonalno-Użytkowego dla dostawy tokarki podtorowej wraz z montażem” dla zadania pn. „Dostawa tokarki podtorowej wraz z montażem” realizowanego w ramach przedsięwzięcia pn. „System zrównoważonego rozwoju transportu miejskiego w Gorzowie Wlkp. – tabor tramwajowy i infrastruktura techniczna – etap II”",bazakonk,https://bazakonkurencyjnosci.funduszeeuropejskie.gov.pl/ogloszenia/283315
2026-06-30,"Miejskie Przedsiębiorstwo Wodociągów i Kanalizacji w Zduńskiej Woli Spółka z o.o.",spolka_komunalna,uslugi_it,0,"Dostarczenie sprzętu, urządzeń i oprogramowania IT/OT dla Miejskiego Przedsiębiorstwa Wodociągów i Kanalizacji w Zduńskiej Woli Sp. z o.o. w ramach programu Cyberbezpieczne Wodociągi",bazakonk,https://bazakonkurencyjnosci.funduszeeuropejskie.gov.pl/ogloszenia/283271
2026-06-30,"NanoSphere Spółka z Ograniczoną Odpowiedzialnością",firma_prywatna,badania_rd,0,"Kompleksowe wykonanie specjalistycznych usług inżynieryjno-środowiskowych oraz przygotowanie pełnej dokumentacji formalno-prawnej niezbędnej do przeprowadzenia procedury środowiskowej i uzyskania ostatecznej Decyzji o Środowiskowych Uwarunkowaniach (DŚU)",bazakonk,https://bazakonkurencyjnosci.funduszeeuropejskie.gov.pl/ogloszenia/283348
2026-06-30,"Państwowe Gospodarstwo Wodne Wody Polskie",spolka_komunalna,inne,0,"Koszenie kanału dopływowego i odpływowego do Budowli Przelewowo Spustowej (BPS) zbiornika Racibórz Dolny",ted,https://ted.europa.eu/pl/notice/-/detail/447555-2026
2026-06-30,"Polskie Sieci Elektroenergetyczne S.A.",firma_prywatna,uslugi_it,0,"Polska – Usługi w zakresie napraw i konserwacji elektrycznego sprzętu przesyłowego – Usługa centrum wsparcia CSIRE jako rozwiązanie docelowe.",ted,https://ted.europa.eu/pl/notice/-/detail/449032-2026
2026-06-30,"Powiatowe Centrum Pomocy Rodzinie w Grudziądzu",samorzad,szkolenie,0,"Zorganizowanie i przeprowadzenie zajęć wyrównujących braki szkolne/korepetycji",bazakonk,https://bazakonkurencyjnosci.funduszeeuropejskie.gov.pl/ogloszenia/283054
2026-06-30,"Przedsiębiorstwo Energetyki Cieplnej  Sp. z o.o.",spolka_komunalna,inne,0,"Budowa wysokosprawnej kogeneracji gazowej CHP nr 1 przy ciepłowni K4 w Obornikach",bazakonk,https://bazakonkurencyjnosci.funduszeeuropejskie.gov.pl/ogloszenia/283329
2026-06-30,"Przedsiębiorstwo Energetyki Cieplnej w Gnieźnie Spółka z ograniczoną odpowiedzialnością",spolka_komunalna,inne,0,"Dostawa 9 sztuk kompaktowych węzłów cieplnych",bazakonk,https://bazakonkurencyjnosci.funduszeeuropejskie.gov.pl/ogloszenia/283287
2026-06-30,"Przedsiębiorstwo Komunalne Spółka z o.o.",spolka_komunalna,uslugi_it,0,"Dostawa i wdrożenie sprzętu wraz z oprogramowaniem w ramach przedsięwzięcia „Cyberbezpieczne Wodociągi” - znak sprawy 3/CW/2026",bazakonk,https://bazakonkurencyjnosci.funduszeeuropejskie.gov.pl/ogloszenia/283232
2026-06-30,"PRZEDSIĘBIORSTWO PRODUKCYJNO HANDLOWO-USŁUGOWE ""HYDRAMET"" SPÓŁKA Z OGRANICZONĄ ODPOWIEDZIALNOŚCIĄ",firma_prywatna,inne,0,"Zapytanie ofertowe 1/7/2026",bazakonk,https://bazakonkurencyjnosci.funduszeeuropejskie.gov.pl/ogloszenia/283257
2026-06-30,"Regionalne Wodociągi i Kanalizacja Sp. z o.o.  w Białogardzie",spolka_komunalna,uslugi_it,0,"dostawa oprogramowania i urządzeń sieciowych wraz z wdrożeniem w ramach kompleksowej modernizacji infrastruktury informatycznej i systemów cyberbezpieczeństwa dla spółki Regionalne Wodociągi i Kanalizacja Sp. z o.o. w Białogardzie",bazakonk,https://bazakonkurencyjnosci.funduszeeuropejskie.gov.pl/ogloszenia/283353
2026-06-30,"SERWACH SPÓŁKA Z OGRANICZONĄ ODPOWIEDZIALNOŚCIĄ",firma_prywatna,sprzet_it,0,"Zapytanie Ofertowe nr 1/2026 na dostawę zrobotyzowanego systemu do podawania palet w ramach projektu pn. „Inwestycja w robotyzacje przedsiębiorstwa w celu wprowadzenia innowacji procesowej”.",bazakonk,https://bazakonkurencyjnosci.funduszeeuropejskie.gov.pl/ogloszenia/283099
2026-06-30,"Sieć Badawcza Łukasiewicz - Instytut Technologii Eksploatacji",uczelnia_nauka,sprzet_it,0,"Dostawa, montaż, integracja i uruchomienie dwóch gniazd obróbczych CNC z automatyzacją dla Sieci Badawczej Łukasiewicz - Instytutu Technologii Eksploatacji",ted,https://ted.europa.eu/pl/notice/-/detail/448826-2026
2026-06-30,"Skarb Państwa Państwowe Gospodarstwo Leśne Lasy Państwowe Nadleśnictwo Jedwabno",administracja_centralna,inne,0,"Opieka techniczna oraz dozór nad powierzchnią adaptacyjną cietrzewi",bazakonk,https://bazakonkurencyjnosci.funduszeeuropejskie.gov.pl/ogloszenia/283233
2026-06-30,"Stowarzyszenie Spektrum Możliwości",ngo,inne,0,"„Kreowanie Lepszej Przyszłości”",bazakonk,https://bazakonkurencyjnosci.funduszeeuropejskie.gov.pl/ogloszenia/283219
2026-06-30,"Szkolenia, usługi, doradztwo Magdalena Górna",firma_prywatna,inne,0,"„Kobieca perspektywa 2”",bazakonk,https://bazakonkurencyjnosci.funduszeeuropejskie.gov.pl/ogloszenia/283221
2026-06-30,"Szkolenia, usługi, doradztwo Magdalena Górna",firma_prywatna,inne,0,"„Kobieca perspektywa 2""",bazakonk,https://bazakonkurencyjnosci.funduszeeuropejskie.gov.pl/ogloszenia/283220
2026-06-30,"Uniwersyteckie Centrum Kliniczne Warszawskiego Uniwersytetu Medycznego",uczelnia_nauka,inne,0,"Dostawa zastawki pnia płucnego",ted,https://ted.europa.eu/pl/notice/-/detail/446855-2026
2026-06-30,"WODKAN Przedsiębiorstwo Wodociągów i Kanalizacji S.A.",spolka_komunalna,uslugi_it,0,"Wdrożenie zintegrowanej architektury odporności IT i OT wraz z przygotowaniem kompetencyjnym i organizacyjnym Zamawiającego na cyberataki.",bazakonk,https://bazakonkurencyjnosci.funduszeeuropejskie.gov.pl/ogloszenia/283294
2026-06-30,"Wojewódzki Szpital Zespolony w Płocku",szpital_zdrowie,inne,0,"Modernizacja i doposażenie infrastruktury Wojewódzkiego Szpitala Zespolonego w Płocku na potrzeby udzielania świadczeń zdrowotnych w ramach AOS i leczenia jednego dnia",bazakonk,https://bazakonkurencyjnosci.funduszeeuropejskie.gov.pl/ogloszenia/283324
2026-06-30,"Województwo Mazowieckie",samorzad,inne,0,"Wykonanie oraz dostarczenie gadżetów promocyjnych projektu ""Mazowiecka Szkoła Przyszłości""",ted,https://ted.europa.eu/pl/notice/-/detail/446321-2026
2026-06-30,"Województwo Mazowieckie",samorzad,inne,0,"Dostawa fabrycznie nowego wyposażenia i środków ochrony indywidualnej dla strażaków OSP w celu promowania bezpieczeństwa na terenie województwa mazowieckiego.",ted,https://ted.europa.eu/pl/notice/-/detail/447374-2026
2026-06-30,"ZPC SKÓRKA SPÓŁKA JAWNA",firma_prywatna,inne,0,"„Dostawa środków trwałych” realizowanego w ramach projektu pn. „ZPC - wsparcie pracowników i przedsiębiorstwa w drodze do zmian” współfinansowanego z Europejskiego Funduszu Społecznego + w ramach Priorytetu KAPITAŁ LUDZKI GOTOWY DO ZMIAN Działanie: Wsparcie procesów adaptacyjnych i modernizacyjnych pracowników oraz przedsiębiorców w ramach programu regionalnego - Fundusze Europejskie dla Podkarpacia 2021-2027.",bazakonk,https://bazakonkurencyjnosci.funduszeeuropejskie.gov.pl/ogloszenia/283335
2026-06-29,"A4BEE Spółka z o.o.",firma_prywatna,wdrozenie_ai,1,"Zapytanie ofertowe nr 02/2026/A4BEE w ramach projektu nr FENG.01.01-IP.01-A12I/25 pt. „Inteligentna platforma oparta na modelach predykcyjnych, cyfrowych bliźniakach i systemach wieloagentowych, wspierająca optymalizację kosztową i czasową procesów rozwoju i produkcji leków biopodobnych mAbs”",bazakonk,https://bazakonkurencyjnosci.funduszeeuropejskie.gov.pl/ogloszenia/283173
2026-06-29,"A4BEE Spółka z o.o.",firma_prywatna,wdrozenie_ai,1,"Zapytanie ofertowe nr 01/2026/A4BEE w ramach projektu nr FENG.01.01-IP.01-A12I/25 pt. „Inteligentna platforma oparta na modelach predykcyjnych, cyfrowych bliźniakach i systemach wieloagentowych, wspierająca optymalizację kosztową i czasową procesów rozwoju i produkcji leków biopodobnych mAbs”",bazakonk,https://bazakonkurencyjnosci.funduszeeuropejskie.gov.pl/ogloszenia/283169
2026-06-29,"AI Clearing Sp. z o.o.",firma_prywatna,wdrozenie_ai,1,"System wsparcia procesów odbiorów, uruchamiania oraz przekazania do użytkowania infrastruktury energetyki słonecznej oparty na automatyzacji oraz geoprzestrzennych algorytmach AI",bazakonk,https://bazakonkurencyjnosci.funduszeeuropejskie.gov.pl/ogloszenia/283194
2026-06-29,"ANDREX-DĄBROWSKI SPÓŁKA JAWNA",firma_prywatna,sprzet_it,0,"SPRZĘT KOMPUTEROWY I AKCESORIA KOMPUTEROWE",bazakonk,https://bazakonkurencyjnosci.funduszeeuropejskie.gov.pl/ogloszenia/282527
2026-06-29,"Biblioteka Narodowa",inne,oprogramowanie,0,"Zakup licencji, adaptacji i tłumaczenia języka migowego wraz z nagraniem filmów w ramach rozbudowy istniejącego systemu informacji wizualnej",bazakonk,https://bazakonkurencyjnosci.funduszeeuropejskie.gov.pl/ogloszenia/283191
2026-06-29,"Centrum Kultury Podgórza w Krakowie",inne,uslugi_it,0,"Audyt dostępności architektonicznej wraz z opracowaniem rekomendacji modernizacyjnych obiektów Centrum Kultury Podgórza na lata 2027–2031 - Projektowanie uniwersalne kultury – dostępność w instytucjach kultury",bazakonk,https://bazakonkurencyjnosci.funduszeeuropejskie.gov.pl/ogloszenia/283109
2026-06-29,"ELHAND TRANSFORMATORY sp. z o. o.",firma_prywatna,sprzet_it,0,"Wdrożenie w przedsiębiorstwie rodziny innowacyjnych filtrów harmonicznych HF Compact (EF3HC)",bazakonk,https://bazakonkurencyjnosci.funduszeeuropejskie.gov.pl/ogloszenia/283176
2026-06-29,"Euroinwestycje sp. zo.o.",firma_prywatna,oprogramowanie,0,"Cyfryzacja obsługi dostaw ścieków do stacji zlewnych: dostawa i wdrożenie układów automatyki stacji zlewnych, przepływomierzy, modułów pomiarowych oraz oprogramowania wraz ze szkoleniem pracowników Projekt: Rozwój e-usług publicznych wraz z cyfryzacją procesów w Przedsiębiorstwie Wodociągów i Kanalizacji Sp. z o.o. w Rudzie Śląskiej”, nr FESL.01.04-IZ.01-0C4C/24 Program: Fundusze Europejskie dla Śląskiego 2021-2027, Priorytet FESL.01 „Fundusze Europejskie na inteligentny rozwój”, Działanie FESL.01.04 „Cyfryzacja administracji publicznej”",bazakonk,https://bazakonkurencyjnosci.funduszeeuropejskie.gov.pl/ogloszenia/283207
2026-06-29,"Fundacja ""Dla naszych dzieci""",ngo,inne,0,"Dostawa z montażem elementów architektury edukacyjnej oraz wykonanie ścieżki sensorycznej z nasadzeniami roślinności w ramach projektu ""Rozwój oferty przedszkola Jaś i Małgosia poprzez utworzenie nowych miejsc przedszkolnych w Sandomierzu""",bazakonk,https://bazakonkurencyjnosci.funduszeeuropejskie.gov.pl/ogloszenia/283074
2026-06-29,"Fundacja KOBE",ngo,inne,0,"ZAPYTANIE OFERTOWE nr 24/FK/02/06/2026 na realizację usług opiekuńczych dla osób będących uczestnikami projektu nr FEDS.09.01-IP.02-0024/25 pod nazwą.: Szansa na godne życie - usługi opiekuńcze i mieszkania ze wsparciem w subregionie wałbrzyskim objętym interwencją FST",bazakonk,https://bazakonkurencyjnosci.funduszeeuropejskie.gov.pl/ogloszenia/283211
2026-06-29,"Gmina Ożarowice",samorzad,uslugi_it,0,"Dostawa i wdrożenie oprogramowania, systemów informatycznych, usługi chmurowej backupu na potrzeby realizacji zadań w ramach projektu grantowego „Cyberbezpieczny Samorząd ” w Gminie Ożarowice",bazakonk,https://bazakonkurencyjnosci.funduszeeuropejskie.gov.pl/ogloszenia/283107
2026-06-29,"Górnośląski Akcelerator Przedsiębiorczości Rynkowej sp. z o.o.",firma_prywatna,inne,0,"Organizacja stoiska wystawienniczego członka klastra MedSilesia na targach ESMO 2026",bazakonk,https://bazakonkurencyjnosci.funduszeeuropejskie.gov.pl/ogloszenia/283144
2026-06-29,"Grzegorz Pałkowski ELEKTRO MED",firma_prywatna,inne,0,"Dostawa wyposażenia niezbędnego do wytworzenia prototypu drukarki: Konstrukcja mechaniczna drukarki (płyty aluminium)",bazakonk,https://bazakonkurencyjnosci.funduszeeuropejskie.gov.pl/ogloszenia/283198
2026-06-29,"Habitat for Humanity Poland",ngo,szkolenie,0,"Realizacja usług aktywnej integracji poprzez zorganizowanie i przeprowadzenie szkolenia zawodowego z zakresu fryzjerstwa dla Jednego Uczestnika/Uczestniczki Projektu FERS.05.01-IZ.00.0005/24 – Pilotaż Społecznej Agencji Najmu w Dąbrowie Górniczej adresowanej do mieszkańców pozostających w trudnej sytuacji mieszkaniowej i życiowej.",bazakonk,https://bazakonkurencyjnosci.funduszeeuropejskie.gov.pl/ogloszenia/283092
2026-06-29,"Iławskie Wodociągi Spółka z ograniczoną odpowiedzialnością",spolka_komunalna,uslugi_it,0,"Wzmocnienie cyberodporności obszarów IT i OT oraz ciągłości działania w Iławskie Wodociągi Sp. z o.o. poprzez wdrożenie kluczowych środków technicznych oraz rozwój kompetencji",bazakonk,https://bazakonkurencyjnosci.funduszeeuropejskie.gov.pl/ogloszenia/283104
2026-06-29,"Innovations for Heart and Vessels Sp. z o.o.",firma_prywatna,badania_rd,0,"Dostawa dygestorium nastołowego na potrzeby realizacji projektu pn. „Opracowanie technologii produkcji oraz prototypów polimerowych implantów zastawkowych do przezskórnego i małoinwazyjnego leczenia wad zastawkowych”",bazakonk,https://bazakonkurencyjnosci.funduszeeuropejskie.gov.pl/ogloszenia/283091
2026-06-29,"Instytut Centrum Zdrowia Matki Polki",szpital_zdrowie,oprogramowanie,0,"Kopia Rozwój usług cyfrowych w Instytucie ,,Centrum Zdrowia Matki Polki'' w Łodzi",bazakonk,https://bazakonkurencyjnosci.funduszeeuropejskie.gov.pl/ogloszenia/283096
2026-06-29,"KFB TECHNOLOGIES Sp. z o.o.",firma_prywatna,sprzet_it,0,"Sky Noise Array - system nadzoru emisji środowiskowych z wyniesioną matrycą czujników o podwyższonej precyzji lokalizacji źródeł hałasu",bazakonk,https://bazakonkurencyjnosci.funduszeeuropejskie.gov.pl/ogloszenia/282689
2026-06-29,"Manufaktura Mebli sp. z o.o.",firma_prywatna,inne,0,"Zapytanie ofertowe na wykonanie usług marketingowych",bazakonk,https://bazakonkurencyjnosci.funduszeeuropejskie.gov.pl/ogloszenia/283110
2026-06-29,"Marcin Werner VORSTER",firma_prywatna,inne,0,"ZAPYTANIE OFERTOWE NR 2/2026 z dnia 29.06.2026 na wybór Wykonawcy robót budowlanych związanych z budową hali produkcyjnej, na potrzeby projektu pod nazwą: „Wdrożenie na rynek innowacyjnego urządzenia do składania poduszek powietrznych, o poprawionych właściwościach ślizgowych elementów ruchomych”, współfinansowanego ze środków Europejskiego Funduszu Rozwoju Regionalnego w ramach projektu FENG.01.01-IP.02-0619/25.",bazakonk,https://bazakonkurencyjnosci.funduszeeuropejskie.gov.pl/ogloszenia/283135
2026-06-29,"MAWO GROUP KANCELARIA PODATKOWA SPÓŁKA Z OGRANICZONĄ ODPOWIEDZIALNOŚCIĄ",firma_prywatna,inne,0,"Wsparcie przedsiębiorstwa MAWO GROUP KANCELARIA PODATKOWA Sp. z o.o. w zakresie transformacji zwiększającej efektywność energetyczną poprzez termomodernizację budynku oraz wykonanie instalacji fotowoltaicznej",bazakonk,https://bazakonkurencyjnosci.funduszeeuropejskie.gov.pl/ogloszenia/282919
2026-06-29,"Miasto Stołeczne Warszawa Dzielnica Wola",samorzad,inne,0,"Polska – Roboty budowlane w zakresie wznoszenia kompletnych obiektów budowlanych lub ich części oraz roboty w zakresie inżynierii lądowej i wodnej – Wykonanie robót budowlanych w ramach zadania inwestycyjnego pn. Rozbudowa Szkoły Podstawowej nr 236 przy ul. Elekcyjnej 21/23 - nr postępowania 40/ZP/26",ted,https://ted.europa.eu/pl/notice/-/detail/444698-2026
2026-06-29,"Miejska Gospodarka Komunalna Spółka z o.o.",spolka_komunalna,inne,0,"Budowa jednostki wytwarzania energii elektrycznej i ciepła w technologii wysokosprawnej kogeneracji w miejscowości Oleśnica",bazakonk,https://bazakonkurencyjnosci.funduszeeuropejskie.gov.pl/ogloszenia/283114
2026-06-29,"Muzeum Historii Zydow Polskich Polin",inne,szkolenie,0,"Usługa przeprowadzenia zamkniętych szkoleń online z obszaru działań w ramach kryzysu dla pracowników Muzeum Historii Żydów Polskich POLIN.",bazakonk,https://bazakonkurencyjnosci.funduszeeuropejskie.gov.pl/ogloszenia/283118
2026-06-29,"Nanores Partner Sp. z o.o. Sp. k.",firma_prywatna,badania_rd,0,"Zapytanie ofertowe dotyczące wyboru kandydatki/kandydata na stanowisko Inżyniera projektu ds. analizy obrazów mikroskopowych",bazakonk,https://bazakonkurencyjnosci.funduszeeuropejskie.gov.pl/ogloszenia/283157
2026-06-29,"Ośrodek Profilaktyki i Epidemiologii Nowotworów im. Aliny Pienkowskiej Spółka Akcyjna",szpital_zdrowie,uslugi_it,0,"Opracowanie metody przesyłu danych zgodnego z obowiązującymi standardami wymiany danych oraz integracja danych z założonym modelem",bazakonk,https://bazakonkurencyjnosci.funduszeeuropejskie.gov.pl/ogloszenia/283148
2026-06-29,"Państwowe Gospodarstwo Wodne Wody Polskie",administracja_centralna,inne,0,"Wycinka drzew na ciekach Nadzoru Wodnego Gliwice",ted,https://ted.europa.eu/pl/notice/-/detail/444596-2026
2026-06-29,"Phoenix Systems Sp. z o.o.",firma_prywatna,badania_rd,0,"Opracowanie i wykonanie elementów elektronicznych dla konstrukcji prototypowej (IV seria) na potrzeby rozwoju Phoenix-PILOT w ramach realizacji projektu pn: System operacyjny Phoenix-RTOS – fundament dla Distributed Multi Provider Cloud-Edge-IoT Continuum.",bazakonk,https://bazakonkurencyjnosci.funduszeeuropejskie.gov.pl/ogloszenia/283117
2026-06-29,"Piotr Robert Szmigiel Centrum Szkoleniowe NORTON",firma_prywatna,inne,0,"Zapytanie ofertowe 8/8.1M/2026",bazakonk,https://bazakonkurencyjnosci.funduszeeuropejskie.gov.pl/ogloszenia/283212
2026-06-29,"Podkarpacka Agencja Konsultingowo Doradcza Sp. z o.o.",firma_prywatna,szkolenie,0,"PODKARPACKIE BEZ GRANIC!",bazakonk,https://bazakonkurencyjnosci.funduszeeuropejskie.gov.pl/ogloszenia/283085
2026-06-29,"Powiat Bielski",samorzad,oprogramowanie,0,"Zakup wyposażenia hali wózków widłowych – System symulacji procesów zarządczo-logistycznych w oparciu o system RFID - rozwiązania dla szkół - postępowanie II",bazakonk,https://bazakonkurencyjnosci.funduszeeuropejskie.gov.pl/ogloszenia/283142
2026-06-29,"Powiat Łukowski",samorzad,inne,0,"Wykonanie nowoczesnej multimedialnej i interaktywnej wystawy stałej Muzeum Henryka Sienkiewicza w Woli Okrzejskiej",ted,https://ted.europa.eu/pl/notice/-/detail/443714-2026
2026-06-29,"Przedsiębiorstwa Wodociągów i Kanalizacji w Wyrzysku Spółka z ograniczoną odpowiedzialnością",spolka_komunalna,uslugi_it,0,"„Cyberbezpieczne Wodociągi” - poprawa systemu bezpieczeństwa w Przedsiębiorstwie Wodociągów i Kanalizacji w Wyrzysku Sp. z o.o.",bazakonk,https://bazakonkurencyjnosci.funduszeeuropejskie.gov.pl/ogloszenia/282687
2026-06-29,"Przystupamed Sp. z o. o.",szpital_zdrowie,inne,0,"""Podniesienie standardów opieki okulistycznej oraz ginekologicznej w Niepublicznym Zakładzie Opieki Zdrowotnej Specjalistycznej Poradni Lekarskiej dr n. med. Adrian Wojciech Przystupa""",bazakonk,https://bazakonkurencyjnosci.funduszeeuropejskie.gov.pl/ogloszenia/283190
2026-06-29,"Samodzielny Publiczny Wojewódzki Szpital Zespolony w Szczecinie",szpital_zdrowie,wdrozenie_ai,1,"Zakup narzędzi i systemów wykorzystujących algorytmy AI, służących optymalizacji procesów szpitalnych oraz organizacji pracy personelu medycznego lub niemedycznego wraz z wdrożeniem i Integracją z systemem PUI, P1 (EDM) w SPWSZ w Szczecinie",ted,https://ted.europa.eu/pl/notice/-/detail/443252-2026
2026-06-29,"Sieć Badawcza Łukasiewicz - Instytut Technologii Eksploatacji",uczelnia_nauka,inne,0,"Dostawa, montaż, integracja i uruchomienie centrum tokarsko-frezarskiego CNC 5 – osiowego dla Sieci Badawczej Łukasiewicz - Instytutu Technologii Eksploatacji",ted,https://ted.europa.eu/pl/notice/-/detail/444408-2026
2026-06-29,"SIGNUM Pracownia Reklamy S.C. Tomasz Michno, Sebastian Wacławek",firma_prywatna,oprogramowanie,0,"Dostawa i wdrożenie systemu informatycznego – modułu magazynowego z elementami B2B",bazakonk,https://bazakonkurencyjnosci.funduszeeuropejskie.gov.pl/ogloszenia/283213
2026-06-29,"SOYMAX Spółka z ograniczoną odpowiedzialnością",firma_prywatna,oprogramowanie,0,"Wdrożenie specjalistycznych rozwiązań cyfrowych w przedsiębiorstwie SOYMAX Sp. z o.o.",bazakonk,https://bazakonkurencyjnosci.funduszeeuropejskie.gov.pl/ogloszenia/282950
2026-06-29,"Stowarzyszenie Progressio",ngo,inne,0,"Rozwój poprzez innowacje Progressio",bazakonk,https://bazakonkurencyjnosci.funduszeeuropejskie.gov.pl/ogloszenia/283208
2026-06-29,"Stowarzyszenie Youth Human Impact",ngo,inne,0,"Zapytanie ofertowe 6/9.1S/2026",bazakonk,https://bazakonkurencyjnosci.funduszeeuropejskie.gov.pl/ogloszenia/283215
2026-06-29,"Świętokrzyskie Centrum Innowacji i Transferu Technologii Sp. z o. o.",uczelnia_nauka,szkolenie,0,"ŚWIADCZENIE USŁUGI ORGANIZACJI I PRZEPROWADZENIA KURSÓW JĘZYKOWYCH W TRYBIE INDYWIDUALNYM",bazakonk,https://bazakonkurencyjnosci.funduszeeuropejskie.gov.pl/ogloszenia/283108
2026-06-29,"Szkoła Podstawowa im. Świętego Jana Pawła II w Gadce",oswiata,inne,0,"Utworzenie nowego oddziału przedszkolnego w Gadce, gm. Mirzec",bazakonk,https://bazakonkurencyjnosci.funduszeeuropejskie.gov.pl/ogloszenia/283160
2026-06-29,"Uniwersyteckie Centrum Kliniczne Warszawskiego Uniwersytetu Medycznego",szpital_zdrowie,inne,0,"Dostawa i montaż jednostek chłodzenia freonowego w obiektach DSK, CSK, SKDJ",ted,https://ted.europa.eu/pl/notice/-/detail/444913-2026
2026-06-29,"UNIWERSYTET ŚLĄSKI W KATOWICACH",uczelnia_nauka,szkolenie,0,"„VINCI RELOADED – Interdyscyplinarna Międzynarodowa Śląska Szkoła Letnia”",bazakonk,https://bazakonkurencyjnosci.funduszeeuropejskie.gov.pl/ogloszenia/283122
2026-06-29,"USTM Sp. z o.o.",firma_prywatna,inne,0,"Nabycie Suwnicy",bazakonk,https://bazakonkurencyjnosci.funduszeeuropejskie.gov.pl/ogloszenia/283182
2026-06-29,"Warszawski Uniwersytet Medyczny",uczelnia_nauka,inne,0,"Dostawa urządzeń ogólnolaboratoryjnych w podziale na pakiety",ted,https://ted.europa.eu/pl/notice/-/detail/444455-2026
2026-06-29,"Wodociągi Rewal Sp. z o. o.",spolka_komunalna,uslugi_it,0,"Zakup i wdrożenie oprogramowania IDS/IPS do monitoringu zdarzeń w sieci OT dla firmy Wodociągi Rewal Sp. z o. o.",bazakonk,https://bazakonkurencyjnosci.funduszeeuropejskie.gov.pl/ogloszenia/283205
2026-06-29,"Zakład Wodociągów i Kanalizacji Police Sp. z o.o.",spolka_komunalna,uslugi_it,0,"Wzmocnienie cyberbezpieczeństwa infrastruktury w Zakładzie Wodociągów i Kanalizacji Police Sp. z o.o.",bazakonk,https://bazakonkurencyjnosci.funduszeeuropejskie.gov.pl/ogloszenia/283170
2026-06-29,"Związek Centralny Dzieła Kolpinga w Polsce",ngo,inne,0,"Zapewnienie sali szkoleniowej, wyżywienia oraz miejsc noclegowych dla uczestników szkolenia, Straszyn i okolice, woj. pomorskie, 18-19.07.2026 r.",bazakonk,https://bazakonkurencyjnosci.funduszeeuropejskie.gov.pl/ogloszenia/283184
2026-06-28,"Invest Kamil Orczykowski",firma_prywatna,szkolenie,0,"Organizacja szkolenia ICT dla 10 UP, miejsce realizacji szkolenia: Chodzież.",bazakonk,https://bazakonkurencyjnosci.funduszeeuropejskie.gov.pl/ogloszenia/283072
2026-06-28,"R-BOS SPÓŁKA Z OGRANICZONĄ ODPOWIEDZIALNOŚCIĄ",firma_prywatna,sprzet_it,0,"Zapytanie ofertowe: 02/06/2026 Podstawowe komponenty robota",bazakonk,https://bazakonkurencyjnosci.funduszeeuropejskie.gov.pl/ogloszenia/283059
2026-06-27,"""BRAWO"" Usługi Tartaczne Dudzińska Dorota",firma_prywatna,inne,0,"Zwiększenie potencjału produkcyjnego oraz dywersyfikacja oferty z uwzględnieniem innowacji produktowej, procesowej i organizacyjnej, a także rozwiązań w zakresie cyfryzacji i GOZ w odpowiedzi na potrzeby rynku w branży przetwórstwa drzewnego.",bazakonk,https://bazakonkurencyjnosci.funduszeeuropejskie.gov.pl/ogloszenia/283056
2026-06-27,"Polskie Stowarzyszenie Doradcze i Konsultingowe",ngo,sprzet_it,0,"Kompleksowa realizacja przedsięwzięcia polegającego na zaprojektowaniu, dostawie, montażu, konfiguracji, uruchomieniu oraz przetestowaniu infrastruktury Data Center (DC) o łącznej pamięci masowej nie mniejszej niż 224 TB, a także wdrożeniu platformy informatycznej służącej do obsługi i automatyzacji procesów świadczenia usług DC wraz z zapewnieniem wsparcia wdrożeniowego i dokumentacji powykonawczej w ramach projektu pt. Wsparcie rozwoju oferty usługowej Ośrodka Innowacji Polskiego Stowarzyszenia Doradczego i Konsultingowego o nowe usługi, numer wniosku o dofinansowanie FEN",bazakonk,https://bazakonkurencyjnosci.funduszeeuropejskie.gov.pl/ogloszenia/283050
2026-06-27,"Przedsiębiorstwo Energetyki Cieplnej Spółka z ograniczoną odpowiedzialnością",spolka_komunalna,inne,0,"Modernizacja ciepłowni w Radzyniu Podlaskim w celu osiągnięcie systemu efektywnego energetycznie z wykorzystaniem OZE",bazakonk,https://bazakonkurencyjnosci.funduszeeuropejskie.gov.pl/ogloszenia/283052
2026-06-27,"Zakład Wodociągów i Kanalizacji w Łomiankach Sp. z o.o.",spolka_komunalna,inne,0,"Budowa instalacji OZE o mocy 50 kWp na terenie Miejskiej Oczyszczalni Ścieków w Łomiankach",bazakonk,https://bazakonkurencyjnosci.funduszeeuropejskie.gov.pl/ogloszenia/283053
2026-06-26,"""Centrum Medyczne w Łańcucie"" sp. z o.o.",szpital_zdrowie,uslugi_it,0,"Świadczenie usług nadzoru autorskiego oraz serwisu systemu PACS VIZO+ wraz z modułami współpracującymi i integracyjnymi dla Centrum Medycznego w Łańcucie sp. z o.o.",bazakonk,https://bazakonkurencyjnosci.funduszeeuropejskie.gov.pl/ogloszenia/283023
2026-06-26,"3N SOLUTIONS SPÓŁKA Z OGRANICZONĄ ODPOWIEDZIALNOŚCIĄ",firma_prywatna,sprzet_it,0,"Zapytanie ofertowe - Komputery - 6 szt.",bazakonk,https://bazakonkurencyjnosci.funduszeeuropejskie.gov.pl/ogloszenia/283001
2026-06-26,"Centrum Nowoczesności Młyn <mark>Wiedzy</mark>",inne,sprzet_it,0,"Dostawa i montaż projektora laserowego, komputera emisyjnego, przygotowanie animacji, oprogramowania, montaż i kalibracja urządzeń, mocowanie i uchwyty montażowe, okablowanie w zakresie Wystawy Na fali - IV",bazakonk,https://bazakonkurencyjnosci.funduszeeuropejskie.gov.pl/ogloszenia/282968
2026-06-26,"DB Cargo Polska S.A.",firma_prywatna,uslugi_it,0,"Modernizacja lokomotyw JT42CWR DB CARGO POLSKA S.A poprzez instalację systemu ETCS",bazakonk,https://bazakonkurencyjnosci.funduszeeuropejskie.gov.pl/ogloszenia/266733
2026-06-26,"ECOL – UNICON Sp. z o.o.",firma_prywatna,inne,0,"ZAPYTANIE OFERTOWE NR 21/06/2026/FENG Dostawa i montaż instalacji fotowoltaicznej o mocy ok. 150 kW w Zakładzie produkcyjnym w Łodzi",bazakonk,https://bazakonkurencyjnosci.funduszeeuropejskie.gov.pl/ogloszenia/282992
2026-06-26,"EMT-SYSTEMS Sp. zo.o.",firma_prywatna,inne,0,"ZAPROSZENIE DO ZŁOŻENIA OFERTY CENOWEJ nr FESL - 13/2026",bazakonk,https://bazakonkurencyjnosci.funduszeeuropejskie.gov.pl/ogloszenia/282890
2026-06-26,"Epartner Kursy <mark>Językowe</mark> Spółka z ograniczoną odpowiedzialnością.",firma_prywatna,inne,0,"Kompleksowa realizacja grupy samopomocowej",bazakonk,https://bazakonkurencyjnosci.funduszeeuropejskie.gov.pl/ogloszenia/282936
2026-06-26,"Epartner Kursy <mark>Językowe</mark> Spółka z ograniczoną odpowiedzialnością.",firma_prywatna,inne,0,"Kompleksowa obsługa mobilnego punktu pomocy przedmedycznej",bazakonk,https://bazakonkurencyjnosci.funduszeeuropejskie.gov.pl/ogloszenia/282934
2026-06-26,"Fabryka Cukiernicza „KOPERNIK” S. A.",firma_prywatna,oprogramowanie,0,"Przedmiotem zamówienia jest udostępnienie w modelu subskrypcji, uruchomienie oraz wdrożenie oprogramowania do obsługi sieci stacjonarnych sklepów firmowych Zamawiającego (obszary: Moduł sprzedaż w zakresie bezpośrednia sprzedaż detaliczna adresowana dla klientów końcowych (B2C i B2B) realizowana przez stacjonarne sklepy firmowe ORAZ Moduł BI w zakresie monitoringu i analizy sprzedaży w kanale sprzedaży detalicznej realizowanej przez stacjonarne sklepy firmowe), wraz z dostawą i uruchomieniem współpracującego z tym oprogramowaniem sprzętu teleinformatycznego (12 zestawów spr",bazakonk,https://bazakonkurencyjnosci.funduszeeuropejskie.gov.pl/ogloszenia/283045
2026-06-26,"Fundacja AKME",ngo,inne,0,"ZAPYTANIE OFERTOWE NR 2/06/6.12/2026/Mosty Integracji",bazakonk,https://bazakonkurencyjnosci.funduszeeuropejskie.gov.pl/ogloszenia/282983
2026-06-26,"Fundacja Synergium",ngo,szkolenie,1,"Program wysokiej jakości szkoleń zawodowych/kwalifikacyjnych budujących trwały potencjał zatrudnialności i jakości zatrudnienia pn. „Specjalista ds. zrównoważonej administracji – cyfrowe i zielone biuro z elementami sztucznej inteligencji (AI)” dla 21 uczestników, który będzie prowadzić do uzyskania kwalifikacji lub nabycia kompetencji potwierdzonych odpowiednim dokumentem",bazakonk,https://bazakonkurencyjnosci.funduszeeuropejskie.gov.pl/ogloszenia/283002
2026-06-26,"GMINA MACIEJOWICE",samorzad,szkolenie,0,"Aktywni i Wykształceni - Lokalny Ośrodek Wiedzy i Edukacji w Gminie Maciejowice",bazakonk,https://bazakonkurencyjnosci.funduszeeuropejskie.gov.pl/ogloszenia/283006
2026-06-26,"HOST Sp. z o.o.",firma_prywatna,sprzet_it,0,"1/2026 DOSTAWA SPRZĘTU KOMPUTEROWEGO",bazakonk,https://bazakonkurencyjnosci.funduszeeuropejskie.gov.pl/ogloszenia/282960
2026-06-26,"Konfederacja Lewiatan",ngo,inne,0,"Analiza prawna Rozporządzenia Finansowego UE 2024/2509 oraz wytycznych dotyczących konfliktu interesów w projektach współfinansowanych ze środków UE.",bazakonk,https://bazakonkurencyjnosci.funduszeeuropejskie.gov.pl/ogloszenia/282893
2026-06-26,"Lubelska Szkoła Biznesu Sp. z o.o. Fundacji Rozwoju KUL",uczelnia_nauka,inne,0,"ZAPYTANIE OFERTOWE NR 07/S/ZTS",bazakonk,https://bazakonkurencyjnosci.funduszeeuropejskie.gov.pl/ogloszenia/282939
2026-06-26,"MAGDA PLANT-BASED SPÓŁKA Z OGRANICZONĄ ODPOWIEDZIALNOŚCIĄ",firma_prywatna,sprzet_it,0,"Zapytanie ofertowe 4/2026 dotyczące zakupu i dostawy elementów architektury sieciowej i sprzętu IT do obsługi procesów systemu magazynowego.",bazakonk,https://bazakonkurencyjnosci.funduszeeuropejskie.gov.pl/ogloszenia/283028
2026-06-26,"Międzygminny Związek Wodociągów i Kanalizacji w Strzelcach Wielkich",spolka_komunalna,uslugi_it,0,"Wdrożenie zintegrowanej architektury odporności IT i OT wraz z przygotowaniem kompetencyjnym i organizacyjnym Zamawiającego na cyberataki.",bazakonk,https://bazakonkurencyjnosci.funduszeeuropejskie.gov.pl/ogloszenia/282957
2026-06-26,"Miejskie Przedsiębiorstwo Wodociągów i Kanalizacji w Piekarach Śląskich Sp. z o.o.",spolka_komunalna,uslugi_it,0,"ZAPYTANIE OFERTOWE nr.2 „Wdrożenie polityk bezpieczeństwa w obszarze IT/OT oraz przeprowadzenia audytów końcowych ” w ramach realizacji projektu Wzmocnienie cyberodporności sieci IT i OT oraz ciągłości działania w Miejskie Przedsiębiorstwo Wodociągów i Kanalizacji w Piekarach Śląskich Sp. z o. o. poprzez wdrożenie kluczowych środków technicznych oraz rozwój kompetencji.",bazakonk,https://bazakonkurencyjnosci.funduszeeuropejskie.gov.pl/ogloszenia/283039
2026-06-26,"NOWIX Spółka z ograniczoną odpowiedzialnością",firma_prywatna,sprzet_it,0,"Dostawa Instalacji mikroprocesorowego zarządzania procesami",bazakonk,https://bazakonkurencyjnosci.funduszeeuropejskie.gov.pl/ogloszenia/282817
2026-06-26,"ORLEN Termika Rozproszona sp. z o.o.",firma_prywatna,inne,0,"Opracowanie projektu robót geologicznych wraz z uzyskaniem wymaganych decyzji dla instalacji gruntowych pomp ciepła",bazakonk,https://bazakonkurencyjnosci.funduszeeuropejskie.gov.pl/ogloszenia/279108
2026-06-26,"Państwowe Gospodarstwo Wodne Wody Polskie",administracja_centralna,inne,0,"Dostawy artykułów spożywczych RZGW Gliwice",ted,https://ted.europa.eu/pl/notice/-/detail/439508-2026
2026-06-26,"Państwowe Gospodarstwo Wodne Wody Polskie",administracja_centralna,inne,0,"Nadzór Inwestorski Inżyniera Projektu nad realizacją inwestycji pn.: „Modernizacja stopnia wodnego Ujście Nysy”",ted,https://ted.europa.eu/pl/notice/-/detail/439221-2026
2026-06-26,"Politechnika Białostocka",uczelnia_nauka,oprogramowanie,0,"ZK-DAZ.262.313.2026 Zakup specjalistycznego oprogramowania edukacyjnego do projektowania treści e learningowych na potrzeby Politechniki Białostockiej",bazakonk,https://bazakonkurencyjnosci.funduszeeuropejskie.gov.pl/ogloszenia/282998
2026-06-26,"Politechnika Białostocka",uczelnia_nauka,oprogramowanie,0,"ZK-DAZ.262.312.2026 Zakup specjalistycznego oprogramowania edukacyjnego do projektowania treści e‑learningowych na potrzeby Politechniki Białostockiej na potrzeby projektu: „PB Dostępna 2.0 – nowoczesna uczelnia dla wszystkich” (nr umowy FERS.03.01-IP.08-0116/24-00) jest realizowany w ramach programu Fundusze Europejskie dla Rozwoju Społecznego 2021-2027 współfinansowanego ze środków Europejskiego Funduszu Społecznego Plus.",bazakonk,https://bazakonkurencyjnosci.funduszeeuropejskie.gov.pl/ogloszenia/283000
2026-06-26,"Polskie Stowarzyszenie Doradcze i Konsultingowe",ngo,szkolenie,1,"Stworzenie i wdrożenie nowej kompleksowej usługi doradczo- szkoleniowej pod nazwą Akcelerator innowacji AI dla budownictwa w ramach realizacji projektu pn. Budujemy Razem Więcej: Cyfrowy i zrównoważony ekosystem Polskiego Klastra Budowlanego dla globalnej konkurencyjności, nr wniosku o dofinansowanie FENG.02.17-IP.02-0001/25, w ramach Programu Fundusze Europejskie dla Nowoczesnej Gospodarki 2021-2027 (FENG) Priorytet II. Środowisko sprzyjające innowacjom, Działanie 02.17. Rozwój oferty klastrów dla firm, na rzecz Polskiego Stowarzyszenia Doradczego i Konsultingowego",bazakonk,https://bazakonkurencyjnosci.funduszeeuropejskie.gov.pl/ogloszenia/282966
2026-06-26,"Powiat Myszkowski",samorzad,inne,0,"Kompleksowa termomodernizacja budynku Starostwa Powiatowego w Myszkowie",bazakonk,https://bazakonkurencyjnosci.funduszeeuropejskie.gov.pl/ogloszenia/282951
2026-06-26,"Powiatowe Centrum Pomocy Rodzinie w Lęborku",samorzad,inne,0,"Usługi specjalistycznego wsparcia dla osób doświadczających przemocy i objętych interwencją kryzysową – konsultacje psychodietetyczne, indywidualne w ramach projektu pn. „Centrum wsparcia społecznego w powiecie lęborskim” w ramach umowy nr FEPM.05.17-IZ.00-0041/24-00 współfinansowanej ze środków Europejskiego Funduszu Społecznego Plus (EFS+) Priorytet 5 Fundusze europejskie dla silnego społecznie Pomorza (EFS+) Działanie 5.17. Usługi społeczne i zdrowotne w ramach programu Fundusze Europejskie dla Pomorza 2021-2027 (FEP 2021-2027).",bazakonk,https://bazakonkurencyjnosci.funduszeeuropejskie.gov.pl/ogloszenia/282986
2026-06-26,"Przedsiębiorstwo Maximus ZBH Muc Sp. K.",firma_prywatna,sprzet_it,0,"Dostawa, instalacja i uruchomienie systemu monitoringu wizyjnego bazy technicznej kruszyw budowlanych",bazakonk,https://bazakonkurencyjnosci.funduszeeuropejskie.gov.pl/ogloszenia/283041
2026-06-26,"Przedsiębiorstwo Wodociągów i Kanalizacji Sp. z o.o.",spolka_komunalna,uslugi_it,0,"Dostawę sprzętu i oprogramowania wraz z usługą wdrożenia i szkoleniami oraz wdrożenie SZBI mające na celu podniesienie poziomu cyberbezpieczeństwa w Przedsiębiorstwie Wodociągów i Kanalizacji Sp. z o. o. w Kutnie w ramach realizacji projektu grantowego „Cyberbezpieczne Wodociągi""",bazakonk,https://bazakonkurencyjnosci.funduszeeuropejskie.gov.pl/ogloszenia/282819
2026-06-26,"Riot Sp. z o.o.",firma_prywatna,sprzet_it,0,"Dostawa elementów automatyki sieciowej",bazakonk,https://bazakonkurencyjnosci.funduszeeuropejskie.gov.pl/ogloszenia/283038
2026-06-26,"Riot Sp. z o.o.",firma_prywatna,sprzet_it,0,"Dostawa komponentów do magazynowania danych",bazakonk,https://bazakonkurencyjnosci.funduszeeuropejskie.gov.pl/ogloszenia/283034
2026-06-26,"Szpital Wielospecjalistyczny Sp. z o.o.",szpital_zdrowie,sprzet_it,0,"Zakup elementów cyberbezpieczeństwa",bazakonk,https://bazakonkurencyjnosci.funduszeeuropejskie.gov.pl/ogloszenia/283022
2026-06-26,"Uniwersyteckie Centrum Kliniczne Warszawskiego Uniwersytetu Medycznego",szpital_zdrowie,inne,0,"Zakup i dostawa produktów leczniczych – insulin na potrzeby szpitali UCK WUM",ted,https://ted.europa.eu/pl/notice/-/detail/439575-2026
2026-06-26,"WIWAX SP. Z O.O.",firma_prywatna,inne,0,"„Wdrożenie na rynek innowacyjnej utlenionej struktury polimerowej”",bazakonk,https://bazakonkurencyjnosci.funduszeeuropejskie.gov.pl/ogloszenia/282977
2026-06-26,"Wodociągi i Kanalizacja ""HYDROKOM"" Sp. z o.o.",spolka_komunalna,sprzet_it,0,"Cyberbezpieczny HYDROKOM - dostawa sprzętu IT i dostawa oprogramowania zwiększającego cyberbezpieczeństwo Zamawiającego (z podziałem na sześć pakietów)",bazakonk,https://bazakonkurencyjnosci.funduszeeuropejskie.gov.pl/ogloszenia/282938
2026-06-26,"Zakład Energetyki Cieplnej Sp. z o.o.",spolka_komunalna,inne,0,"FENX.02.01-IW.01-001/24 - Modernizacja systemu ciepłowniczego w miejscowości Bemowo Piskie",bazakonk,https://bazakonkurencyjnosci.funduszeeuropejskie.gov.pl/ogloszenia/282771
2026-06-26,"Zakład Wodociągów i Kanalizacji Spółka z ograniczoną odpowiedzialnością",spolka_komunalna,uslugi_it,0,"Wzmocnienie cyberodporności sieci IT i OT oraz ciągłości działania w Zakładzie Wodociągów i Kanalizacji Sp. z o.o. w Nowej Rudzie poprzez wdrożenie kluczowych środków technicznych oraz rozwój kompetencji",bazakonk,https://bazakonkurencyjnosci.funduszeeuropejskie.gov.pl/ogloszenia/283007
2026-06-26,"ZPH Krzaczek Sp. z o.o.",firma_prywatna,inne,0,"Laser do cięcia blach wraz z zautomatyzowanym systemem magazynowym – 1 szt.",bazakonk,https://bazakonkurencyjnosci.funduszeeuropejskie.gov.pl/ogloszenia/283044
2026-06-25,"AQUA S.A.",spolka_komunalna,uslugi_it,0,"„Wzmocnienie cyberodporności AQUA S.A. poprzez wdrożenie środków technicznych oraz rozwój kompetencji (tytuł Projektu grantowego) realizowanego w ramach Przedsięwzięcia pn. “Cyberbezpieczne Wodociągi”, jako element Inwestycji C3.1.1. Cyberbezpieczeństwo- Cyber PL, Infrastruktura przetwarzania danych oraz optymalizacja infrastruktury służb państwowych odpowiedzialnych za bezpieczeństwo w ramach Krajowego Planu Odbudowy i Zwiększania Odporności, finansowanego ze środków Instrumentu na Rzecz Odbudowy i Zwiększania Odporności.",bazakonk,https://bazakonkurencyjnosci.funduszeeuropejskie.gov.pl/ogloszenia/282846
2026-06-25,"Artezion Sp. z o.o.",firma_prywatna,szkolenie,0,"ZAPYTANIE OFERTOWE NR 2/CNK/FESL.10.21 PRZEPROWADZANE W TRYBIE ZASADY KONKURENCYJNOŚCI w projekcie „Czas nowych kwalifikacji” nr FESL.10.21-IP.02-0HHH/25 realizowanym w ramach Programu Fundusze Europejskie dla Śląskiego 2021-2027 współfinansowanego ze środków Funduszu na rzecz Sprawiedliwej Transformacji",bazakonk,https://bazakonkurencyjnosci.funduszeeuropejskie.gov.pl/ogloszenia/282914
2026-06-25,"ARTINLEAN Sp. z o.o.",firma_prywatna,uslugi_it,0,"Kopia Wynajem serwerów do obliczenia – 1 usługa – etap 1,2",bazakonk,https://bazakonkurencyjnosci.funduszeeuropejskie.gov.pl/ogloszenia/282881
2026-06-25,"Betstal Kępka i Synowie Sp. J.",firma_prywatna,inne,0,"ZAPYTANIE OFERTOWE nr 1/3.01/FENG",bazakonk,https://bazakonkurencyjnosci.funduszeeuropejskie.gov.pl/ogloszenia/282860
2026-06-25,"Breeze Energies Sp. z o.o.",firma_prywatna,oprogramowanie,0,"Oprogramowania (4): do wspomagania obliczeń i analiz typu Matlab, do projektowania obwodów drukowanych typu Altium Designer, do projektowania 3D typu Solid Works, do symulacji zjawisk magnetycznych typu ANSYS Maxwell lub równoważne",bazakonk,https://bazakonkurencyjnosci.funduszeeuropejskie.gov.pl/ogloszenia/276160
2026-06-25,"DEMEX SPOŁKA Z OGRANICZONĄ ODPOWIEDZIALNOŚCIĄ",firma_prywatna,inne,0,"Inwestycja w innowacyjne źródła energii odnawialnej na potrzeby własne firmy Demex Sp. z o.o.",bazakonk,https://bazakonkurencyjnosci.funduszeeuropejskie.gov.pl/ogloszenia/282814
2026-06-25,"DR Spółka z ograniczoną odpowiedzialnością",firma_prywatna,inne,0,"Dostawa nowych środków trwałych w postaci Przewijarki – maszyny do przewijania Jumbo Roll, na potrzeby realizacji projektu pn. „Transformacja firmy DR w kierunku przedsiębiorstwa działającego w modelu Gospodarki Obiegu Zamkniętego - wdrożenie modelu GOZ”",bazakonk,https://bazakonkurencyjnosci.funduszeeuropejskie.gov.pl/ogloszenia/282822
2026-06-25,"ELEKTRA SŁAWOMIR LENIK",firma_prywatna,badania_rd,0,"Wdrożenie wyników prac badawczo-rozwojowych w PHU ELEKTRA",bazakonk,https://bazakonkurencyjnosci.funduszeeuropejskie.gov.pl/ogloszenia/279325
2026-06-25,"EPIONE Spółka z ograniczoną odpowiedzialnością",szpital_zdrowie,inne,0,"5/VI/2026 „Świadczenie usług diagnostycznych, edukacyjnych i terapeutycznych przez personel na rzecz dzieci/młodzieży z mózgowym porażeniem dziecięcym oraz ich rodziców/opiekunów faktycznych w ramach Regionalnego Programu Zdrowotnego w zakresie rozszerzenia dostępności nowoczesnych instrumentalnych metod diagnostyki i rehabilitacji dzieci z mózgowym porażeniem dziecięcym na terenie województwa mazowieckiego”",bazakonk,https://bazakonkurencyjnosci.funduszeeuropejskie.gov.pl/ogloszenia/282786
2026-06-25,"Gmina Góra",samorzad,inne,0,",,Organizacja dowozu dzieci do szkół i przedszkoli w roku szkolnym 2026/2027”",ted,https://ted.europa.eu/pl/notice/-/detail/436061-2026
2026-06-25,"Kacnelaria Radcy Prawnego Bartłomiej Kruszyński",szpital_zdrowie,uslugi_it,0,"Transformacja cyfrowa w Szpitalu Żywiec",bazakonk,https://bazakonkurencyjnosci.funduszeeuropejskie.gov.pl/ogloszenia/282876
2026-06-25,"Kaszubskie Towarzystwo Sportowo Kulturalne",ngo,szkolenie,0,"Szkolenie ""Asystent osoby z niepełnosprawnością""",bazakonk,https://bazakonkurencyjnosci.funduszeeuropejskie.gov.pl/ogloszenia/282831
2026-06-25,"Kujawsko-Pomorski Ośrodek Medycyny Pracy w Toruniu",szpital_zdrowie,inne,0,"Dostawa aparatury i mebli medycznych dla Poradni Lekarza Podstawowej Opieki Zdrowotnej w Przychodni Lekarskiej „Pałacyk” w Toruniu (Zapytanie ofertowe nr K-POMP-ZO-5/2026).",bazakonk,https://bazakonkurencyjnosci.funduszeeuropejskie.gov.pl/ogloszenia/277191
2026-06-25,"Locon Sp.zo.o.",firma_prywatna,wdrozenie_ai,1,"Stop Hejt: Opracowanie i implementacja zaawansowanego modelu AI do ochrony dzieci przed hejtem i cyberprzemocą w mediach społecznościowych",bazakonk,https://bazakonkurencyjnosci.funduszeeuropejskie.gov.pl/ogloszenia/282868
2026-06-25,"Locon Sp.zo.o.",firma_prywatna,wdrozenie_ai,1,"„Stop Hejt: Opracowanie i implementacja zaawansowanego modelu AI do ochrony dzieci przed hejtem i cyberprzemocą w mediach społecznościowych.”",bazakonk,https://bazakonkurencyjnosci.funduszeeuropejskie.gov.pl/ogloszenia/282874
2026-06-25,"Matys Investment Sp. z o.o. S.K.A.",firma_prywatna,inne,0,"ZAPYTANIE OFERTOWE NR 13A/ 3.1 /2026 w postępowaniu zgodnym z zasadą konkurencyjności na wykonanie kompletnej instalacji fotowoltaicznej",bazakonk,https://bazakonkurencyjnosci.funduszeeuropejskie.gov.pl/ogloszenia/282928
2026-06-25,"Michał Maciej Kort ""IMPLANTIK"" Stomatologia, Implantologia, Protetyka",szpital_zdrowie,inne,0,"Tomograf – 1 szt.",bazakonk,https://bazakonkurencyjnosci.funduszeeuropejskie.gov.pl/ogloszenia/282866
2026-06-25,"Miejskie Przedsiębiorstwo Gospodarki Komunalnej Sp. z o.o.",spolka_komunalna,inne,0,"Pełnienie funkcji Inżyniera Kontraktu do zadania pn: Modernizacja ujęcia wody „Trubaków” wraz z budową zbiorników",bazakonk,https://bazakonkurencyjnosci.funduszeeuropejskie.gov.pl/ogloszenia/282775
2026-06-25,"Miejskie Przedsiębiorstwo Gospodarki Komunalnej Sp. z o.o. w Nowym Mieście Lubawskim",spolka_komunalna,uslugi_it,0,"Zwiększenie cyberodporności i ciągłości działania Miejskiego Przedsiębiorstwa Gospodarki Komunalnej Sp. z o.o. w Nowym Mieście Lubawskim poprzez wdrożenie nowoczesnych rozwiązań, modernizację infrastruktury oraz podniesienie kompetencji personelu.",bazakonk,https://bazakonkurencyjnosci.funduszeeuropejskie.gov.pl/ogloszenia/282878
2026-06-25,"OPS Support Spółka z o.o.",firma_prywatna,inne,0,"Nasz nowy dom! Stworzenie domu dziennego pobytu w Łubnianach oraz świadczenie usług opieki długoterminowej na terenie Aglomeracji Opolskiej”",bazakonk,https://bazakonkurencyjnosci.funduszeeuropejskie.gov.pl/ogloszenia/282931
2026-06-25,"ORGANIKA-AGRARIUS SPÓŁKA Z OGRANICZONĄ ODPOWIEDZIALNOŚCIĄ",firma_prywatna,badania_rd,0,"ZAPYTANIE OFERTOWE NR 2/UB/2026 dotyczące usługi badawczej polegającej na wytworzeniu nośników geopolimerowych wzbogaconych mikrobiologicznie",bazakonk,https://bazakonkurencyjnosci.funduszeeuropejskie.gov.pl/ogloszenia/282815
2026-06-25,"Państwowe Gospodarstwo Wodne Wody Polskie",administracja_centralna,inne,0,"Polska – Usługi inżynierii projektowej w zakresie inżynierii lądowej i wodnej – Przygotowanie dokumentacji pod budowę zbiornika retencyjnego na rzece Wieprz w m. Rońsko, gmina Krasnystaw w celu zmniejszenia zagrożenia powodziowego miasta Krasnystaw",ted,https://ted.europa.eu/pl/notice/-/detail/434825-2026
2026-06-25,"Państwowe Gospodarstwo Wodne Wody Polskie",administracja_centralna,inne,0,"Wykonanie ocen stanu technicznego i stanu bezpieczeństwa jazu Jabłoń w km 95+565 Kanału Wieprz-Krzna i jazu Kropiwki w km 73+600 Kanału Wieprz-Krzna wraz z kontrolą raz na 5 lat",ted,https://ted.europa.eu/pl/notice/-/detail/432387-2026
2026-06-25,"Państwowe Gospodarstwo Wodne Wody Polskie",administracja_centralna,inne,0,"Wykonanie kontroli okresowych rocznych stanu technicznego budowli hydrotechnicznych innych niż wały przeciwpowodziowe na terenie NW w Łukowie",ted,https://ted.europa.eu/pl/notice/-/detail/433716-2026
2026-06-25,"Politechnika Białostocka",uczelnia_nauka,szkolenie,0,"ZK-DAZ.262.323.2026 - Przeprowadzenie kursu instruktorskiego z zakresu mechatroniki przemysłowej, prowadzącego do uzyskania certyfikatu instruktorskiego klasy przemysłowej potwierdzającego kompetencje instruktorskie w zakresie systemów mechatronicznych na potrzeby projektu: Projekt „PB 5.0 – dostosowanie oferty dydaktycznej Politechniki Białostockiej do potrzeb nowoczesnej gospodarki oraz zielonej i cyfrowej transformacji” (nr umowy FERS.01.05-IP.08-0327/23-00 z dnia 14.06.2024 r.) realizowanego w ramach programu Fundusze Europejskie dla Rozwoju Społecznego 2021-2027 współf",bazakonk,https://bazakonkurencyjnosci.funduszeeuropejskie.gov.pl/ogloszenia/282780
2026-06-25,"Politechnika Śląska",uczelnia_nauka,sprzet_it,0,"Polska – Sprzęt laboratoryjny, optyczny i precyzyjny (z wyjątkiem szklanego) – Dostawa systemu dokumentacji żeli, znak sprawy: DZPZ.282.35.2026.AP",ted,https://ted.europa.eu/pl/notice/-/detail/437860-2026
2026-06-25,"Przedsiębiorstwo Wielobranżowe MOBILIS Marcin Matusiak",firma_prywatna,sprzet_it,0,"Cyfrowa modernizacja i automatyzacja procesów wytwarzania mebli w firmie Przedsiębiorstwo Wielobranżowe MOBILIS Marcin Matusiak poprzez inwestycję w nowoczesne maszyny produkcyjne",bazakonk,https://bazakonkurencyjnosci.funduszeeuropejskie.gov.pl/ogloszenia/282892
2026-06-25,"Przedsiębiorstwo Wodociągów i Kanalizacji w Suwałkach Spółka z ograniczoną odpowiedzialnością",spolka_komunalna,uslugi_it,0,"„Zakup, wdrożenie i konfiguracja rozwiązań z zakresu cyberbezpieczeństwa infrastruktury IT/OT, w tym NGFW, systemów monitorowania, kontroli dostępu do sieci oraz infrastruktury serwerowej w PWiK w Suwałkach w ramach programu: ,,Cyberbezpieczne Wodociągi”, Nr sprawy: AD.242.17.2026",bazakonk,https://bazakonkurencyjnosci.funduszeeuropejskie.gov.pl/ogloszenia/281455
2026-06-25,"Przedsiębiorstwo Wodociągów i Kanalizacji w Ząbkach Sp. z o.o",spolka_komunalna,sprzet_it,0,"Dostawa sprzętu oraz oprogramowania do archiwizacji danych w ramach projektu: KPOD.05.10-CW.01-0001/25 Konkurs grantowy pn. “Cyberbezpieczne Wodociągi",bazakonk,https://bazakonkurencyjnosci.funduszeeuropejskie.gov.pl/ogloszenia/282907
2026-06-25,"Rehabilitacja Przywarty Sp. z o. o.",szpital_zdrowie,inne,0,"Zapytanie Ofertowe dotyczące budowy gabinetu rehabilitacji medycznej wraz z pompami ciepła i instalacją fotowoltaiczną z magazynem energii",bazakonk,https://bazakonkurencyjnosci.funduszeeuropejskie.gov.pl/ogloszenia/282779
2026-06-25,"SAGA POLAND sp. z o.o.",firma_prywatna,badania_rd,0,"Zapytanie ofertowe na dostawę odlewniczych stopów aluminium do realizacji Etapu 2 prac rozwojowych w ramach projektu pt.: „Technologia symultanicznego monitorowania i sterowania procesem obróbki cieplnej w automatycznym procesie wytwarzania wysokociśnieniowych odlewów ze stopów metali lekkich wykorzystująca oprzyrządowanie wytworzone metodami przyrostowymi druku 3D”",bazakonk,https://bazakonkurencyjnosci.funduszeeuropejskie.gov.pl/ogloszenia/282798
2026-06-25,"SAGA POLAND sp. z o.o.",firma_prywatna,badania_rd,0,"Zapytanie ofertowe na dostawę odlewniczych stopów cynku do realizacji Etapu 2 prac rozwojowych w ramach projektu pt.: „Technologia symultanicznego monitorowania i sterowania procesem obróbki cieplnej w automatycznym procesie wytwarzania wysokociśnieniowych odlewów ze stopów metali lekkich wykorzystująca oprzyrządowanie wytworzone metodami przyrostowymi druku 3D”",bazakonk,https://bazakonkurencyjnosci.funduszeeuropejskie.gov.pl/ogloszenia/282793
2026-06-25,"SLW BIOLAB Weterynaryjne Laboratorium Diagnostyczne spółka cywilna",firma_prywatna,badania_rd,0,"Zapytanie ofertowe nr BIOLAB/FEWM.01.02-02/2024/2.21 na dostawę materiałów do prowadzenia badań w zakresie zadania pod nazwą „Optymalizacja procesów na etapie produkcji szczepionek autogenicznych” w ramach projektu „Opracowanie innowacyjnych szczepionek autogenicznych dla zwierząt gospodarskich” dofinansowanego w ramach działania 1.2 „Działalność B+R+I przedsiębiorstw” dla Funduszy Europejskich dla Warmii i Mazur 2021-2027",bazakonk,https://bazakonkurencyjnosci.funduszeeuropejskie.gov.pl/ogloszenia/282847
2026-06-25,"Stowarzyszenie ""Wielickie Dzieci z Niepełnosprawnością""",ngo,inne,0,"Organizacja wyjazdu w ramach Projektu „FreeUp! – Podróż, która daje przestrzeń. Model turystyki wytchnieniowej”",bazakonk,https://bazakonkurencyjnosci.funduszeeuropejskie.gov.pl/ogloszenia/282903
2026-06-25,"SZPITAL UNIWERSYTECKI NR 2 IM. DR. JANA BIZIELA W BYDGOSZCZY",szpital_zdrowie,uslugi_it,0,"Wykonanie audytu i testów bezpieczeństwa",bazakonk,https://bazakonkurencyjnosci.funduszeeuropejskie.gov.pl/ogloszenia/282713
2026-06-25,"TOP FOCUS Tomasz Krzyżański",firma_prywatna,szkolenie,0,"ZAPYTANIE OFERTOWE FESW.10.05_01/06/2026/RS2 - szkolenia podnoszące kompetencje cyfrowe",bazakonk,https://bazakonkurencyjnosci.funduszeeuropejskie.gov.pl/ogloszenia/282926
2026-06-25,"Topmix Jankowski Jarosław",firma_prywatna,inne,0,"Modernizacja systemu sterowania węzłem betoniarskim - 1 szt.",bazakonk,https://bazakonkurencyjnosci.funduszeeuropejskie.gov.pl/ogloszenia/281445
2026-06-25,"Uniwersyteckie Centrum Kliniczne Warszawskiego Uniwersytetu Medycznego",szpital_zdrowie,inne,0,"Zakup korków naczyniowych, cewników balonowych, stentów, spirali oraz systemów przezcewnikowego leczenia niedomykalności zastawki",ted,https://ted.europa.eu/pl/notice/-/detail/434797-2026
2026-06-25,"Uniwersytet Rzeszowski",uczelnia_nauka,inne,0,"Sprzedaż wraz z dostawą i montażem emitera do mikroskopu Helios NanoLab 650 FEI",ted,https://ted.europa.eu/pl/notice/-/detail/436476-2026
2026-06-25,"Uniwersytet Rzeszowski",uczelnia_nauka,inne,0,"Polska – Sprzęt laboratoryjny, optyczny i precyzyjny (z wyjątkiem szklanego) – Sprzedaż wraz z dostarczeniem mieszadła z ruchem obrotowym (wytrząsarka obrotowa) z pojemnikami kwasoodpornymi",ted,https://ted.europa.eu/pl/notice/-/detail/436202-2026
2026-06-25,"Uniwersytet WSB Merito w Poznaniu",uczelnia_nauka,szkolenie,0,"Wybór trenera/trenerki do przygotowania i realizacji szkolenia i komponentu językowego dla kadry dydaktycznej Uniwersytetu WSB Merito w Poznaniu Filia w Szczecinie",bazakonk,https://bazakonkurencyjnosci.funduszeeuropejskie.gov.pl/ogloszenia/282593
2026-06-25,"Urząd Miejski w Chrzanowie",samorzad,uslugi_it,0,"Przeprowadzenie szkoleń z zakresu cyberbezpieczeństwa oraz opracowanie, przegląd, aktualizację i wdrożenie Systemu Zarządzania Bezpieczeństwem Informacji (SZBI) w ramach programu pn. „Cyberbezpieczny Samorząd”",bazakonk,https://bazakonkurencyjnosci.funduszeeuropejskie.gov.pl/ogloszenia/282684
2026-06-25,"Województwo Kujawsko-Pomorskie",samorzad,uslugi_it,0,"Świadczenie obsługi w zakresie wsparcia eksperckiego procesu zarządzania i wdrażania Programów Operacyjnych Województwa Kujawsko-Pomorskiego",bazakonk,https://bazakonkurencyjnosci.funduszeeuropejskie.gov.pl/ogloszenia/282870
2026-06-25,"Wspólnota Mieszkaniowa Pomorska 74-76",inne,inne,0,"Modernizacja instalacji grzewczej poprzez wymianę 4 kotłów na węgiel w lokalach mieszkalnych budynku Wspólnoty Mieszkaniowej Pomorska 74-76 w Suchaniu na pompy ciepła i klimatyzatory z funkcją grzania oraz cwu.",bazakonk,https://bazakonkurencyjnosci.funduszeeuropejskie.gov.pl/ogloszenia/282745
2026-06-25,"Zakład Doskonalenia Zawodowego w Katowicach",oswiata,szkolenie,0,"Przeprowadzenie szkolenia pn. „Budowa i obsługa samolotu elektrycznego Pipistrel Velis Electro wraz z lotem zapoznawczym” - 14/2025/SWL/SZ",bazakonk,https://bazakonkurencyjnosci.funduszeeuropejskie.gov.pl/ogloszenia/282004
2026-06-25,"Zakład Gospodarki Komunalnej sp. z o. o. w Zielonej Górze",spolka_komunalna,inne,0,"Modernizacja istniejącej linii przetwarzania odpadów zbieranych selektywnie w Zakładzie Gospodarki Komunalnej Sp. z o.o. w Zielonej Górze",ted,https://ted.europa.eu/pl/notice/-/detail/432224-2026
2026-06-25,"Zakład Produkcji Mebli ""CONCORDIA"" Spółka Cywilna",firma_prywatna,inne,0,"„Odtworzenie gospodarczego dziedzictwa regionu w Zakład Produkcji Mebli CONCORDIA szansą na wzrost konkurencyjności przedsiębiorstwa”",bazakonk,https://bazakonkurencyjnosci.funduszeeuropejskie.gov.pl/ogloszenia/282773
2026-06-25,"Zakład Usług Komunalnych Sp. z o.o.",spolka_komunalna,uslugi_it,0,"Kopia Wdrożenie zintegrowanej architektury odporności IT i OT wraz z przygotowaniem kompetencyjnym i organizacyjnym Zamawiającego na cyberataki.",bazakonk,https://bazakonkurencyjnosci.funduszeeuropejskie.gov.pl/ogloszenia/282813
2026-06-25,"Zakład Wodociągów i Kanalizacji Spółka z o.o.",spolka_komunalna,sprzet_it,0,"Dostawa i wdrożenie sprzętu informatycznego w ramach projektu pn. „Podniesienie poziomu Cyberbezpieczeństwa w Zakładzie Wodociągów i Kanalizacji Sp. z o.o. Międzyzdroje”",bazakonk,https://bazakonkurencyjnosci.funduszeeuropejskie.gov.pl/ogloszenia/281075
2026-06-24,"Ambient-<mark>System</mark> Sp. z o.o.",firma_prywatna,inne,0,"Wzmocnienie potencjału eksportowego Ambient - System Sp. z o.o. na rynkach międzynarodowych poprzez promowanie marki produktowej smartVES i Marki Polskiej Gospodarki",bazakonk,https://bazakonkurencyjnosci.funduszeeuropejskie.gov.pl/ogloszenia/282670
2026-06-24,"ARTHEC S.A.",firma_prywatna,badania_rd,0,"Przeprowadzenie konsultacji, które mają na celu przygotowanie dokumentacji produktu ATMP dotyczącej rozwoju procesu wytwarzania. Dokumentacja jest niezbędna do przeprowadzenia konsultacji z Europejską Agencją Leków.",bazakonk,https://bazakonkurencyjnosci.funduszeeuropejskie.gov.pl/ogloszenia/282693
2026-06-24,"BRAND ROCK Sp. z o.o.",firma_prywatna,inne,0,"HUB ładowania pojazdów elektrycznych na Lotnisku Modlin",bazakonk,https://bazakonkurencyjnosci.funduszeeuropejskie.gov.pl/ogloszenia/281544
2026-06-24,"Centrum Usług Społecznych w Sochaczewie",samorzad,inne,0,"Świadczenie usług psychologicznych – wsparcia indywidualnego w ramach projektu „Przyszłość to rodzina - Wdrażanie i skalowanie innowacji społecznych w Centrum Usług Społecznych w Sochaczewie”",bazakonk,https://bazakonkurencyjnosci.funduszeeuropejskie.gov.pl/ogloszenia/282736
2026-06-24,"CX Engineering sp. z o.o",firma_prywatna,sprzet_it,0,"Dostawa urządzeń do automatycznej identyfikacji, mobilnej obsługi procesów logistycznych i magazynowych oraz infrastruktury zasilającej: Część 1-Bezprzewodowe czytniki kodów kreskowych wraz z akcesoriami Część 2-Terminale mobilne klasy Enterprise wraz z akcesoriami i pakietem serwisowym Część 3-Drukarki etykiet Część 4-Automatyczny przełącznik źródeł zasilania (ATS)",bazakonk,https://bazakonkurencyjnosci.funduszeeuropejskie.gov.pl/ogloszenia/282662
2026-06-24,"Eastern Wall Technologies Sp. z o.o.",firma_prywatna,badania_rd,0,"Zapytanie ofertowe nr 1/2026 na wykonanie usług badawczo-rozwojowych: Fullstack developer.",bazakonk,https://bazakonkurencyjnosci.funduszeeuropejskie.gov.pl/ogloszenia/282471
2026-06-24,"ECO Kutno Sp. z o.o.",firma_prywatna,inne,0,"""Zaprojektowanie i wykonanie czterech kompaktowych węzłów cieplnych dla budynków mieszkalnych wielorodzinnych przy ul. Grunwaldzka 8, ul. Podrzeczna 46 oraz ul. Wilcza 3B i ul. Wilcza 3C w Kutnie""",bazakonk,https://bazakonkurencyjnosci.funduszeeuropejskie.gov.pl/ogloszenia/282715
2026-06-24,"FIRMA PRODUKCYJNO-USŁUGOWO-HANDLOWA""FOSZTT"" SIARKA JÓZEF",firma_prywatna,inne,0,"Kopia „Wdrożenie do produkcji innowacyjnych trójwarstwowych, drewnianych elementów posadzkowych dedykowanych do stosowania na ogrzewaniu posadzkowym”",bazakonk,https://bazakonkurencyjnosci.funduszeeuropejskie.gov.pl/ogloszenia/282757
2026-06-24,"Fundacja „Zielony Słoń”",ngo,inne,0,"Stawiam na siebie!",bazakonk,https://bazakonkurencyjnosci.funduszeeuropejskie.gov.pl/ogloszenia/282756
2026-06-24,"Grzegorz Jakóbczak Przedsiębiorstwo Produkcyjno-Handlowo-Usługowe",firma_prywatna,sprzet_it,0,"Dostawa i montaż linii do montażu palet wraz z systemem zarządzania produkcją",bazakonk,https://bazakonkurencyjnosci.funduszeeuropejskie.gov.pl/ogloszenia/282206
2026-06-24,"Haler Sp.z.o.o. Sp.k.",firma_prywatna,inne,0,"Realizacja usług związanych z opracowaniem innowacji produktowej MODULIT obejmujących projekt wzorniczy, księgę tożsamości marki oraz strategię komunikacji i promocji w ramach projektu Wykorzystanie procesów wzorniczych w celu lepszego dostosowania firmy HALER do potrzeb, wymagań i oczekiwań klientów.",bazakonk,https://bazakonkurencyjnosci.funduszeeuropejskie.gov.pl/ogloszenia/282671
2026-06-24,"HALMOD GROUP SPÓŁKA Z OGRANICZONĄ ODPOWIEDZIALNOŚCIĄ",firma_prywatna,badania_rd,0,"Realizacja przez organizację badawczą prac badawczo-rozwojowych prowadzących do opracowania innowacyjnej metody kalkulacji kosztów hal stalowych wykonywanych w technologii profili zimnogiętych oraz przygotowania podstaw do wdrożenia wyników tych prac w postaci narzędzia automatycznej wyceny online",bazakonk,https://bazakonkurencyjnosci.funduszeeuropejskie.gov.pl/ogloszenia/282056
2026-06-24,"Hemplab Spółka z o.o.",firma_prywatna,inne,0,"Materiały do badań: Substancje żelujące",bazakonk,https://bazakonkurencyjnosci.funduszeeuropejskie.gov.pl/ogloszenia/282717
2026-06-24,"Hemplab Spółka z o.o.",firma_prywatna,inne,0,"Materiały do badań: Barwniki i aromaty",bazakonk,https://bazakonkurencyjnosci.funduszeeuropejskie.gov.pl/ogloszenia/282714
2026-06-24,"Hemplab Spółka z o.o.",firma_prywatna,inne,0,"Materiały do badań Emulgator",bazakonk,https://bazakonkurencyjnosci.funduszeeuropejskie.gov.pl/ogloszenia/282703
2026-06-24,"iNET Media Group sp. z o.o.",firma_prywatna,oprogramowanie,0,"Wykonanie i wdrożenie zintegrowanego systemu cyfrowej obsługi klienta wraz z serwerem",bazakonk,https://bazakonkurencyjnosci.funduszeeuropejskie.gov.pl/ogloszenia/282629
2026-06-24,"INSTYTUT BIOTECHNOLOGII SUROWIC I SZCZEPIONEK BIOMED SPÓŁKA AKCYJNA",uczelnia_nauka,sprzet_it,0,"Zapytanie ofertowe nr 3/2026 dotyczące linii produkcyjnej w ramach projektu pt. „Automatyzacja i cyfryzacja procesu wytwarzania szczepionek krytycznych DTP, Clodivac, Tetana, DT, D, d i TyT, w celu wzmocnienia odporności łańcucha dostaw UE”, w ramach programu Fundusze Europejskie dla Nowoczesnej Gospodarki 2021-2027, Priorytet FENG.05 Wsparcie projektów realizujących cele inicjatywy STEP, Działanie: Fundusz Wsparcia Technologii Krytycznych - Biotechnologie – Strategiczna niezależność UE - Ścieżka B, numer projektu: FENG.05.01-IP.02-0005/25",bazakonk,https://bazakonkurencyjnosci.funduszeeuropejskie.gov.pl/ogloszenia/282743
2026-06-24,"INTRA TECH SPÓŁKA Z OGRANICZONĄ ODPOWIEDZIALNOŚCIĄ",firma_prywatna,sprzet_it,0,"System wizyjny RGB i hiperspektralny",bazakonk,https://bazakonkurencyjnosci.funduszeeuropejskie.gov.pl/ogloszenia/282628
2026-06-24,"JUPRO TAIM K. KRAWCZYŃSKA I S-KA SPÓŁKA JAWNA",firma_prywatna,inne,0,"Zapytanie Ofertowe dotyczące Wymiany drzwi zewnętrznych",bazakonk,https://bazakonkurencyjnosci.funduszeeuropejskie.gov.pl/ogloszenia/282021
2026-06-24,"Katedralna Parafia Rzymsko-Katolickiej św. Jana Chrzciciela i św. Jana Apostoła",inne,inne,0,"Remont dachu Katedry pw. św. Jana Chrzciciela i św. Jana Ewangelisty w Toruniu – etap I",bazakonk,https://bazakonkurencyjnosci.funduszeeuropejskie.gov.pl/ogloszenia/281929
2026-06-24,"KMB Catalyst sp z o.o.",firma_prywatna,inne,0,"Kopia Kopia Katalizatory spalania dla kotłów: pyłowych, rusztowych i fluidalnych",bazakonk,https://bazakonkurencyjnosci.funduszeeuropejskie.gov.pl/ogloszenia/282726
2026-06-24,"Konińska Wytwórnia Prefabrykatów ""KON-BET"" Spółką z ograniczoną odpowiedzialnością",firma_prywatna,inne,0,"Dostawa automatycznej, elektronicznie sterowanej, dwukierunkowej giętarki do strzemion wraz z montażem i instalacją, szkolenie operatorów, dostawa oprogramowania - ponowne zapytanie",bazakonk,https://bazakonkurencyjnosci.funduszeeuropejskie.gov.pl/ogloszenia/282760
2026-06-24,"Lazzoni Group Spółka z ograniczoną odpowiedzialnością Spółka Komandytowa",firma_prywatna,inne,0,"WSKAZÓWKI DOTYCZĄCE PRZYGOTOWANIA OFERTY",bazakonk,https://bazakonkurencyjnosci.funduszeeuropejskie.gov.pl/ogloszenia/279507
2026-06-24,"Necto Spółka Akcyjna",firma_prywatna,badania_rd,1,"Zapytanie ofertowe Nr 1/NECTO/SMART/26 dotyczące zamówienia na świadczenie usług w zakresie realizacji prac B+R w charakterze Pracownika Badawczego – Analityka Biznesowego w ramach projektu „Cyfrowy asystent wspierający pracę spedytora międzynarodowego w transporcie multimodalnym oparty o technologię AI” nr FENG.01.01-IP.02-3614/23, współfinansowanego ze środków Unii Europejskiej, w ramach programu Fundusze Europejskie dla Nowoczesnej Gospodarki.",bazakonk,https://bazakonkurencyjnosci.funduszeeuropejskie.gov.pl/ogloszenia/282372
2026-06-24,"Polska Agencja Żeglugi Powietrznej",administracja_centralna,sprzet_it,0,"Zakup i dostawa radiostacji na rzecz służb KRL",ted,https://ted.europa.eu/pl/notice/-/detail/430793-2026
2026-06-24,"Polskie Stowarzyszenie na rzecz Osób z Niepełnosprawnością Intelektualną",ngo,oprogramowanie,0,"Opracowanie i wdrożenie dwóch aplikacji internetowych w postaci rejestrów specjalistów ETR oraz AAC w ramach projektu „Centrum Komunikacji dla Osób z Niepełnosprawnościami”",bazakonk,https://bazakonkurencyjnosci.funduszeeuropejskie.gov.pl/ogloszenia/279461
2026-06-24,"POWIAT PIOTRKOWSKI- STAROSTWO POWIATOWE",samorzad,inne,0,"Zakup wyposażenia do pracowni logistycznej w ramach realizacji projektu pn. „Edukacyjna transformacja w zawodzie technik logistyk i technik rolnych – rozwój infrastruktury kształcenia zawodowego w ZSCKZ im. W. Witosa w Bujnach”, nr FELD.09.02-IZ.00-0009/25,współfinansowanego przez Unię Europejską z Funduszu na rzecz Sprawiedliwej Transformacji, w ramach programu regionalnego Fundusze Europejskie dla Łódzkiego 2021-2027, Priorytet FELD.09 Fundusze europejskie dla Łódzkiego w transformacji, Działanie FELD.09.02 Społeczeństwo w transformacji",bazakonk,https://bazakonkurencyjnosci.funduszeeuropejskie.gov.pl/ogloszenia/282737
2026-06-24,"Protechnika Sp. z o.o.",firma_prywatna,inne,0,"Zapytanie ofertowe - System do rur i profili – wycinarka laserowa do rur i profili",bazakonk,https://bazakonkurencyjnosci.funduszeeuropejskie.gov.pl/ogloszenia/282656
2026-06-24,"Przedsiębiorstwo Wodociągów i Kanalizacji sp. z o.o. ",spolka_komunalna,sprzet_it,0,"Wzmocnienie odporności cybernetycznej przedsiębiorstwa poprzez dostawę zintegrowanych systemów bezpieczeństwa i monitoringu dla obszarów IT oraz automatyki przemysłowej (OT/ISC) w ramach projektu Cyberbezpieczne Wodociągi",bazakonk,https://bazakonkurencyjnosci.funduszeeuropejskie.gov.pl/ogloszenia/282669
2026-06-24,"Putka Sp. z o. o.",firma_prywatna,inne,0,"Dostawa i montaż instalacji fotowoltaicznej o łącznej mocy 2 MWp wraz z magazynami energii elektrycznej o łącznej mocy min. 1,5MW i pojemności min. 3 MWh oraz modernizacją infrastruktury technicznej – układu średniego napięcia na potrzeby instalacji fotowoltaicznej oraz niezbędną infrastrukturą towarzyszącą.",bazakonk,https://bazakonkurencyjnosci.funduszeeuropejskie.gov.pl/ogloszenia/280454
2026-06-24,"Samodzielny Publiczny Zespół Opieki Zdrowotnej  w Tomaszowie Lubelskim",szpital_zdrowie,inne,0,"„Zwiększenie dostępności oraz poprawa jakości usług zdrowotnych poprzez modernizację i doposażenie poradni specjalistycznych SP ZOZ w Tomaszowie Lubelskim”.",bazakonk,https://bazakonkurencyjnosci.funduszeeuropejskie.gov.pl/ogloszenia/282657
2026-06-24,"Smarter Diagnostics sp. z o.o.",firma_prywatna,badania_rd,0,"FENG/SD/19/2026 - Umowa zlecenie na stanowisko radiologa celem opracowania danych obrazowych rezonansu magnetycznego na potrzeby projektu badawczego",bazakonk,https://bazakonkurencyjnosci.funduszeeuropejskie.gov.pl/ogloszenia/282516
2026-06-24,"Staffly Sp. z o.o.",firma_prywatna,wdrozenie_ai,1,"Pełnienie członka kadry B+R w projekcie ""Opracowanie automatycznego systemu wsparcia rekrutacji w segmencie white-collar i grey-collar"" opartego na sztucznej inteligencji",bazakonk,https://bazakonkurencyjnosci.funduszeeuropejskie.gov.pl/ogloszenia/282746
2026-06-24,"Tarnobrzeska Spółdzielnia Mieszkaniowa w Tarnobrzegu",spolka_komunalna,inne,0,"Zamówienie dotyczy realizacji zadania pn. Likwidacja węzła grupowego W-10 przy ul. Targowej w Tarnobrzegu – zabudowa węzłów indywidualnych - TSM Tarnobrzeg. Zadanie jest realizowane w ramach projektu pn. „Modernizacja infrastruktury ciepłowniczej w Tarnobrzegu - II etap” Postępowanie prowadzone jest przed podpisaniem umowy na dofinansowanie w naborze FENX.02.01-IW.01-001/24",bazakonk,https://bazakonkurencyjnosci.funduszeeuropejskie.gov.pl/ogloszenia/282649
2026-06-24,"Uniwersytet Rzeszowski",uczelnia_nauka,inne,0,"Sprzedaż wraz z dostarczeniem zestawu fantomów położniczych",ted,https://ted.europa.eu/pl/notice/-/detail/429093-2026
2026-06-24,"Urząd Miejski w Suwałkach",samorzad,sprzet_it,0,"Dostawa i montaż urzędomatu, realizowane w ramach zadania pn.: „Inteligentny urząd MOF Suwałki”, działanie „Wdrożenie narzędzia do automatycznego wydawana tablic rejestracyjnych i/ lub innych dokumentów urzędowych”",bazakonk,https://bazakonkurencyjnosci.funduszeeuropejskie.gov.pl/ogloszenia/276612
2026-06-24,"Womak Alfa spółka z ograniczoną odpowiedzialnością",firma_prywatna,inne,0,"Modernizacja oświetlenia",bazakonk,https://bazakonkurencyjnosci.funduszeeuropejskie.gov.pl/ogloszenia/279824
2026-06-24,"Zakład Energetyki Cieplnej Spółka z ograniczoną odpowiedzialnością",spolka_komunalna,inne,0,"Zaprojektowanie i wykonanie robót budowlanych dla przedsięwzięcia polegającego na budowie źródła ciepła z pompami ciepła wykorzystującymi energię oczyszczonych ścieków z oczyszczalni ścieków „Strzegowa”, wraz z infrastrukturą towarzyszącą, przyłączeniem do miejskiego systemu ciepłowniczego”",bazakonk,https://bazakonkurencyjnosci.funduszeeuropejskie.gov.pl/ogloszenia/281609
2026-06-24,"Zakład Usług Komunalnych Sp. z o.o. w Łagiewnikach",spolka_komunalna,uslugi_it,0,"Wdrożenie zintegrowanej architektury odporności IT i OT wraz z przygotowaniem kompetencyjnym i organizacyjnym Zamawiającego na cyberataki.",bazakonk,https://bazakonkurencyjnosci.funduszeeuropejskie.gov.pl/ogloszenia/281171
2026-06-24,"Zakład Wodociągów i Kanalizacji Sp. z o.o.",spolka_komunalna,oprogramowanie,0,"„Platforma do symulacji phishingu i szkoleń z cyberbezpieczeństwa”",bazakonk,https://bazakonkurencyjnosci.funduszeeuropejskie.gov.pl/ogloszenia/282686
2026-06-24,"Zakład Wodociągów i Kanalizacji Sp. z o.o.",spolka_komunalna,inne,0,"Przebudowa sieci wodociągowej w ul. Teligi w Świnoujściu z przyłączami i zew. Instalacją wodociągowa do budynków - I etap - UWAGA Przedłużenie terminu składania ofert do dnia 26.06.2026r. - w dniu 23.06.2026r. opublikowano zaktualizowany przedmiar",bazakonk,https://bazakonkurencyjnosci.funduszeeuropejskie.gov.pl/ogloszenia/280006
2026-06-24,"Zakład Wodociągów i Kanalizacji w Grójcu Sp. z o.o.",spolka_komunalna,uslugi_it,0,"Wdrożenie zintegrowanej architektury odporności IT i OT wraz z przygotowaniem kompetencyjnym i organizacyjnym Zamawiającego na cyberataki.",bazakonk,https://bazakonkurencyjnosci.funduszeeuropejskie.gov.pl/ogloszenia/282730
2026-06-24,"ZGK PSARY SP. Z.O.O.",spolka_komunalna,uslugi_it,0,"Kompleksowe podniesienie odporności systemów IT i OT w infrastrukturze wodociągowej.",bazakonk,https://bazakonkurencyjnosci.funduszeeuropejskie.gov.pl/ogloszenia/281942
2026-06-24,"ZWIĄZEK NAUCZYCIELSTWA POLSKIEGO",ngo,inne,0,"Kopia Społeczny Inspektor Pracy SIP - gwarancją przestrzegania praw pracowniczych w Twoim miejscu pracy",bazakonk,https://bazakonkurencyjnosci.funduszeeuropejskie.gov.pl/ogloszenia/282681
2026-06-23,"3N SOLUTIONS SPÓŁKA Z OGRANICZONĄ ODPOWIEDZIALNOŚCIĄ",firma_prywatna,inne,0,"Zapytanie ofertowe: 1. Model głowicy czyszczącej - Statyw roboczy 2. Model głowicy czyszczącej - Układ manipulacyjny",bazakonk,https://bazakonkurencyjnosci.funduszeeuropejskie.gov.pl/ogloszenia/282567
2026-06-23,"3N SOLUTIONS SPÓŁKA Z OGRANICZONĄ ODPOWIEDZIALNOŚCIĄ",firma_prywatna,inne,0,"Zapytanie ofertowe: 1. Model magazynowania zanieczyszczeń - rama 2. Model magazynowania zanieczyszczeń - zasobnik 3. Model magazynowania zanieczyszczeń - układ transportowy 4. Model magazynowania zanieczyszczeń - układ opróżniania 5. Model magazynowania zanieczyszczeń - wentylator 6. Model magazynowania zanieczyszczeń - silnik ze sterowaniem",bazakonk,https://bazakonkurencyjnosci.funduszeeuropejskie.gov.pl/ogloszenia/282551
2026-06-23,"3N SOLUTIONS SPÓŁKA Z OGRANICZONĄ ODPOWIEDZIALNOŚCIĄ",firma_prywatna,inne,0,"Zapytanie ofertowe: 1. Model podawania suchego lodu - mieszalnik CO2 2. Model podawania suchego lodu - osuszacz powietrza",bazakonk,https://bazakonkurencyjnosci.funduszeeuropejskie.gov.pl/ogloszenia/282566
2026-06-23,"3N SOLUTIONS SPÓŁKA Z OGRANICZONĄ ODPOWIEDZIALNOŚCIĄ",firma_prywatna,inne,0,"Zapytanie ofertowe: 1. Model podawania chemii - aplikator 2. Model podawania chemii - system wytwarzania ciśnienia 3. Model podawania chemii - system rozprowadzania chemii 4. Model podawania chemii - system spieniania",bazakonk,https://bazakonkurencyjnosci.funduszeeuropejskie.gov.pl/ogloszenia/282565
2026-06-23,"ADMAR Zenaida Golonko",firma_prywatna,inne,0,"ZAPYTANIE OFERTOWE NR 1 / 2026",bazakonk,https://bazakonkurencyjnosci.funduszeeuropejskie.gov.pl/ogloszenia/282584
2026-06-23,"Biuro SULTUM Sylwia Brzechwa",firma_prywatna,szkolenie,0,"Zapytanie ofertowe nr 7/SP/05/26 – KURS pn.: „FLORYSTA” podnoszący kompetencje/kwalifikacje i przygotowanie do egzaminu zewnętrznego dla 12 Uczestników/czek projektu pn. „Siła przemiany”",bazakonk,https://bazakonkurencyjnosci.funduszeeuropejskie.gov.pl/ogloszenia/282624
2026-06-23,"Celon Pharma S.A.",firma_prywatna,inne,0,"ZAPYTANIE OFERTOWE nr 4/2026/Z/STEP7",bazakonk,https://bazakonkurencyjnosci.funduszeeuropejskie.gov.pl/ogloszenia/282505
2026-06-23,"ECO Kutno Sp. z o.o.",spolka_komunalna,inne,0,"Przebudowa osiedlowej sieci ciepłowniczej w ul. Filipowicza w Kutnie - etap I i II",bazakonk,https://bazakonkurencyjnosci.funduszeeuropejskie.gov.pl/ogloszenia/281895
2026-06-23,"ECO Malbork Spółka z ograniczoną odpowiedzialnością",spolka_komunalna,inne,0,"„Modernizacja infrastruktury ciepłowniczej w Malborku”",bazakonk,https://bazakonkurencyjnosci.funduszeeuropejskie.gov.pl/ogloszenia/281230
2026-06-23,"EPIONE Spółka z ograniczoną odpowiedzialnością",firma_prywatna,inne,0,"3/VI/2026 „Świadczenie usług diagnostycznych, edukacyjnych i terapeutycznych przez personel na rzecz dzieci/młodzieży z mózgowym porażeniem dziecięcym oraz ich rodziców/opiekunów faktycznych w ramach Regionalnego Programu Zdrowotnego w zakresie rozszerzenia dostępności nowoczesnych instrumentalnych metod diagnostyki i rehabilitacji dzieci z mózgowym porażeniem dziecięcym na terenie województwa mazowieckiego”",bazakonk,https://bazakonkurencyjnosci.funduszeeuropejskie.gov.pl/ogloszenia/282595
2026-06-23,"Fundacja Aktywizacji Społecznej bestWAY",ngo,szkolenie,0,"Nowoczesny rynek pracy",bazakonk,https://bazakonkurencyjnosci.funduszeeuropejskie.gov.pl/ogloszenia/282570
2026-06-23,"Gmina Dubicze Cerkiewne",samorzad,inne,0,"Edukacja zrównoważona w Szkole Podstawowej w Dubiczach Cerkiewnych",bazakonk,https://bazakonkurencyjnosci.funduszeeuropejskie.gov.pl/ogloszenia/281517
2026-06-23,"Hemplab Spółka z o.o.",firma_prywatna,badania_rd,0,"Materiały do badań: Substancje słodzące",bazakonk,https://bazakonkurencyjnosci.funduszeeuropejskie.gov.pl/ogloszenia/282554
2026-06-23,"Hemplab Spółka z o.o.",firma_prywatna,badania_rd,0,"Materiały do badań: Substancje glazurujące – 6kg",bazakonk,https://bazakonkurencyjnosci.funduszeeuropejskie.gov.pl/ogloszenia/282521
2026-06-23,"Hemplab Spółka z o.o.",firma_prywatna,badania_rd,0,"Zakup usług badawczych",bazakonk,https://bazakonkurencyjnosci.funduszeeuropejskie.gov.pl/ogloszenia/282589
2026-06-23,"IP <mark>System</mark> Manufacturing Sp. z o. o.",firma_prywatna,inne,0,"Dostawa proszku metalicznego",bazakonk,https://bazakonkurencyjnosci.funduszeeuropejskie.gov.pl/ogloszenia/282586
2026-06-23,"MARDOM SP.Z O.O.",firma_prywatna,inne,0,"ZAPYTANIE OFERTOWE nr 2/FELD0102/2026 na dostawę kompresora – 1 szt.",bazakonk,https://bazakonkurencyjnosci.funduszeeuropejskie.gov.pl/ogloszenia/282451
2026-06-23,"Miejski Szpital Zespolony",szpital_zdrowie,sprzet_it,0,"Rozbudowa istniejącej infrastruktury serwerowo-macierzowej poprzez zakup dodatkowych dysków zwiększających przestrzeń przechowywania danych.",bazakonk,https://bazakonkurencyjnosci.funduszeeuropejskie.gov.pl/ogloszenia/282539
2026-06-23,"Miejski Zakład Gospodarki Komunalnej i Mieszkaniowej sp. z o.o.",spolka_komunalna,uslugi_it,0,"Zwiększenie cyberodporności i ciągłości działania Miejskiego Zakładu Gospodarki Komunalnej i Mieszkaniowej Sp. z o.o. w Przasnyszu w ramach Konkursu Grantowego pn. ""Cyberbezpieczne Wodociągi""",bazakonk,https://bazakonkurencyjnosci.funduszeeuropejskie.gov.pl/ogloszenia/282438
2026-06-23,"PERFECT MILK spółka z ograniczoną odpowiedzialnością",firma_prywatna,badania_rd,0,"Wdrożenie wyników badań nad skutecznością dekontaminacji proszków mlecznych WPC 80 w systemie ciągłym",bazakonk,https://bazakonkurencyjnosci.funduszeeuropejskie.gov.pl/ogloszenia/280349
2026-06-23,"Politechnika Białostocka",uczelnia_nauka,inne,0,"ZK-DAZ.262.300.2026 Dostawa elektrycznego wózka paletowego na potrzeby projektu: Projekt „PB 5.0 – dostosowanie oferty dydaktycznej Politechniki Białostockiej do potrzeb nowoczesnej gospodarki oraz zielonej i cyfrowej transformacji” (nr umowy FERS.01.05-IP.08-0327/23-00 z dnia 14.06.2024 r.) realizowanego w ramach programu Fundusze Europejskie dla Rozwoju Społecznego 2021-2027 współfinansowanego ze środków Europejskiego Funduszu Społecznego Plus.",bazakonk,https://bazakonkurencyjnosci.funduszeeuropejskie.gov.pl/ogloszenia/282412
2026-06-23,"Politechnika Śląska",uczelnia_nauka,sprzet_it,0,"B4. Stanowisko do zaawansowanych metod badań trwałości konstrukcji i struktur Platforma do modelowania CAE - ZAPROSZENIE DO SZACOWANIA WARTOŚCI ZAMÓWIENIA",bazakonk,https://bazakonkurencyjnosci.funduszeeuropejskie.gov.pl/ogloszenia/282618
2026-06-23,"Powiat Bielski ",samorzad,oprogramowanie,0,"Zakup wyposażenia hali wózków widłowych – System symulacji procesów zarządczo-logistycznych w oparciu o system RFID - rozwiązania dla szkół",bazakonk,https://bazakonkurencyjnosci.funduszeeuropejskie.gov.pl/ogloszenia/281859
2026-06-23,"Przedsiębiorstwo Wodociągów i Kanalizacji w N",spolka_komunalna,uslugi_it,0,"Wzmocnienie cyberodporności sieci IT i OT w Przedsiębiorstwie Wodociągów i Kanalizacji w Nowym Tomyślu Spółka z o.o. poprzez wdrożenie kluczowych środków technicznych oraz rozwój kompetnecji",bazakonk,https://bazakonkurencyjnosci.funduszeeuropejskie.gov.pl/ogloszenia/280886
2026-06-23,"RYVU THERAPEUTICS S.A.",firma_prywatna,inne,0,"ZAPYTANIE OFERTOWE nr 23 06 2026 PB",bazakonk,https://bazakonkurencyjnosci.funduszeeuropejskie.gov.pl/ogloszenia/282627
2026-06-23,"SAMODZIELNY PUBLICZNY ZESPÓŁ OPIEKI ZDROWOTNEJ W BRZESKU, Brzesko",szpital_zdrowie,oprogramowanie,0,"Wdrożenie Systemu do Elektronicznego Obiegu Dokumentów i Automatyzacji Procesów Biznesowych (SEOD) wraz z integracją z systemem Infomedica i AMMS dla SP ZOZ w Brzesku",ezam,https://ezamowienia.gov.pl/mp-client/search/list/ocds-148610-862f5e02-4f21-4f66-a935-e0f86ea2eb52
2026-06-23,"Stowarzyszenie Akademia Ochrony Ludności i Obrony Cywilnej (AOLIOC) ",ngo,oprogramowanie,0,"Platforma Komunikacji i Budowania Odporności Mieszkańców AOLiOC – „Bezpieczna Społeczność”",bazakonk,https://bazakonkurencyjnosci.funduszeeuropejskie.gov.pl/ogloszenia/282478
2026-06-23,"Urząd Gminy Walce",samorzad,inne,0,"PLSK.01.01-IP.01-CZE/21 - „Wspólne życie bez granic - wspólny Śląsk” nr CZ.11.04.02/00/23_003/0000086",bazakonk,https://bazakonkurencyjnosci.funduszeeuropejskie.gov.pl/ogloszenia/282590
2026-06-23,"Wspólnota Mieszkaniowa Pomorska 74-76",inne,inne,0,"Modernizacja instalacji grzewczej poprzez wymianę 3 piecy bezklasowych w lokalach mieszkalnych budynku Wspólnoty Mieszkaniowej Pomorska 74-76 w Suchaniu na kotły na pelet 5 klasy.",bazakonk,https://bazakonkurencyjnosci.funduszeeuropejskie.gov.pl/ogloszenia/282469
2026-06-23,"Zakład Wodociągów i Kanalizacji ""WOD-KAN"" sp. z o.o.",spolka_komunalna,uslugi_it,0,"Podniesienie poziomu cyberbezpieczeństwa przedsiębiorstwa oraz zapewnienie ciągłości działania w Zakładzie Wodociągów i Kanalizacji ""WOD-KAN"" Sp. z o.o. w Skierniewicach poprzez wdrożenie rozwiązań w obszarach IT i OT oraz realizację szkoleń rozwijających cyberświadomość",bazakonk,https://bazakonkurencyjnosci.funduszeeuropejskie.gov.pl/ogloszenia/282198
2026-06-23,"Zakład Wodociągów i Kanalizacji Sp. z o.o.",spolka_komunalna,uslugi_it,0,"Dostawa, wdrożenie i utrzymanie rozwiązań cyberbezpieczeństwa dla systemów IT i OT Zakładu Wodociągów i Kanalizacji Sp. z o.o. w Myszkowie, obejmujących obszar techniczny",bazakonk,https://bazakonkurencyjnosci.funduszeeuropejskie.gov.pl/ogloszenia/282518
2026-06-23,"Związek Centralny Dzieła Kolpinga w Polsce",ngo,szkolenie,0,"Kurs Specjalisty do spraw rozliczeń i fakturowania wraz z egzaminem certyfikującym",bazakonk,https://bazakonkurencyjnosci.funduszeeuropejskie.gov.pl/ogloszenia/282538
2026-06-22,"""ANMAR"" MARCIN SOBCZYK",firma_prywatna,inne,0,"Zakup i montaż kompletnej linii technologicznej oraz zakup oprogramowania do sterowania linią technologiczną",bazakonk,https://bazakonkurencyjnosci.funduszeeuropejskie.gov.pl/ogloszenia/282295
2026-06-22,"""FAMAR"" SPÓŁKA Z OGRANICZONĄ ODPOWIEDZIALNOŚCIĄ",szpital_zdrowie,uslugi_it,0,"Wykonanie kompletnej infrastruktury teletechnicznej, systemu przyzywowego, monitoringu CCTV oraz paneli przyłóżkowych dla Zakładu Opiekuńczo-Leczniczego w Mławie (Zakup, dostawa, montaż, konfiguracja oraz uruchomienie paneli przyłóżkowych, systemu przyzywowego, instalacji CCTV oraz infrastruktury LAN) dla Zakładu Opiekuńczo-Leczniczego w Mławie realizowanego w ramach projektu: FEMA.05.06-IP.01-0BS6/25 „Utworzenie infrastruktury usług opiekuńczych w powiecie mławskim: Zakład Opiekuńczo-Leczniczy w Mławie”.",bazakonk,https://bazakonkurencyjnosci.funduszeeuropejskie.gov.pl/ogloszenia/281848
2026-06-22,"„MERYDIAN” Brokerski Dom Ubezpieczeniowy Spółka Akcyjna",firma_prywatna,uslugi_it,0,"Opracowanie i wdrożenie rozwiązań sprzyjających poprawie organizacji pracy w przedsiębiorstwie ""MERYDIAN"" BROKERSKI DOM UBEZPIECZENIOWY SPÓŁKA AKCYJNA.",bazakonk,https://bazakonkurencyjnosci.funduszeeuropejskie.gov.pl/ogloszenia/280943
2026-06-22,"CARLIDER Sp. z o.o",firma_prywatna,inne,0,"Zapytanie ofertowe na kompleksową termomodernizację budynku pawilonu handlowo-usługowego na potrzeby firmy CARLIDER Spółka z ograniczoną odpowiedzialnością do realizacji projektu pt. „Termomodernizacja budynku „Pawilon handlowo-usługowy” przedsiębiorstwa CARLIDER Sp. z o.o wraz z montażem OZE” realizowanego w ramach Programu Fundusze Europejskie dla Nowoczesnej Gospodarki, priorytet Wsparcie dla przedsiębiorców, działanie 3.01 Kredyt ekologiczny",bazakonk,https://bazakonkurencyjnosci.funduszeeuropejskie.gov.pl/ogloszenia/282432
2026-06-22,"Centrum Rozwoju Społeczno-Ekonomicznego",ngo,szkolenie,0,"ZAPYTANIE OFERTOWE nr 24/2026/MI/SZK dotyczące realizacji szkolenia „Zarządzanie obsługą spraw kadrowych” (w tym zapewnienie kadry trenerskiej, materiałów szkoleniowych, sal szkoleniowych, ubezpieczenia NNW oraz egzaminu) – część A, usługi cateringowej podczas usługi szkoleniowej – część B dla uczestników projektu „Most Integracji – Podkarpackie Centrum Wsparcia OPT”, prowadzone w oparciu o zasadę konkurencyjności.",bazakonk,https://bazakonkurencyjnosci.funduszeeuropejskie.gov.pl/ogloszenia/282452
2026-06-22,"Centrum Usług Społecznych w Kluczach",samorzad,inne,0,"""Bo liczy się człowiek""",bazakonk,https://bazakonkurencyjnosci.funduszeeuropejskie.gov.pl/ogloszenia/282393
2026-06-22,"Collegium Balticum - Akademia Nauk Stosowanych",uczelnia_nauka,inne,0,"ZAPYTANIE OFERTOWE NR 1/CB/2026 W POSTĘPOWANIU NA PRACE BUDOWLANO-REMONTOWE",bazakonk,https://bazakonkurencyjnosci.funduszeeuropejskie.gov.pl/ogloszenia/282404
2026-06-22,"DELTA KTW SPÓŁKA Z OGRANICZONĄ ODPOWIEDZIALNOŚCIĄ",firma_prywatna,inne,0,"ZAPYTANIE OFERTOWE NA ZAKUP INSTALACJI PV",bazakonk,https://bazakonkurencyjnosci.funduszeeuropejskie.gov.pl/ogloszenia/280692
2026-06-22,"Developer Team Sp. z o. o.",firma_prywatna,wdrozenie_ai,1,"Zamek magnetyczny z systemem rozpoznawania twarzy z systemem zarządzania uprawnieniami",bazakonk,https://bazakonkurencyjnosci.funduszeeuropejskie.gov.pl/ogloszenia/281979
2026-06-22,"EKOEN spółka z ograniczoną odpowiedzialnością",firma_prywatna,inne,0,"M53: Dostawa, montaż, instalacja i uruchomienie Stacji Ładowania – HUB Scania Gliwice",bazakonk,https://bazakonkurencyjnosci.funduszeeuropejskie.gov.pl/ogloszenia/271533
2026-06-22,"Energetyka Cieplna Sp. z o.o.",spolka_komunalna,inne,0,"Modernizacja sieci cieplnej na osiedlu Widok w Skierniewicach wraz z likwidacją grupowych węzłów cieplnych - Nr sprawy: 18/2026/IV",bazakonk,https://bazakonkurencyjnosci.funduszeeuropejskie.gov.pl/ogloszenia/278465
2026-06-22,"FABRYKA OKIEN I DRZWI ”BAS” SPÓŁKA Z OGRANICZONĄ ODPOWIEDZIALNOŚCIĄ",firma_prywatna,inne,0,"ZO 22.06.2026 - Farba systemowa 130l",bazakonk,https://bazakonkurencyjnosci.funduszeeuropejskie.gov.pl/ogloszenia/282395
2026-06-22,"Fundacja Instytut Edukacji",ngo,szkolenie,0,"Zapytanie ofertowe nr 29/ARZ/FESL.05.04 w projekcie „Akademia Rozwoju Zawodowego” nr FESL.05.04-IP.02-07HD/23 realizowanym w ramach Programu Fundusze Europejskie dla Śląskiego 2021-2027 współfinansowanego ze środków Europejskiego Funduszu Społecznego Plus",bazakonk,https://bazakonkurencyjnosci.funduszeeuropejskie.gov.pl/ogloszenia/282401
2026-06-22,"Fundacja KOBE",ngo,inne,0,"ZAPYTANIE OFERTOWE nr 24/FK/01/06/2026 na realizację usług opiekuńczych dla osób będących uczestnikami projektu nr FEDS.09.01-IP.02-0024/25 pod nazwą.: Szansa na godne życie - usługi opiekuńcze i mieszkania ze wsparciem w subregionie wałbrzyskim objętym interwencją FST",bazakonk,https://bazakonkurencyjnosci.funduszeeuropejskie.gov.pl/ogloszenia/282357
2026-06-22,"Gmina Łabiszyn",samorzad,uslugi_it,0,"Wdrożenie zintegrowanej architektury odporności IT i OT wraz z przygotowaniem kompetencyjnym i organizacyjnym Zamawiającego na cyberataki w ramach zadania pn. „Cyberbezpieczne Wodociągi w gminie Łabiszyn – zwiększenie odporności systemów IT/OT”",bazakonk,https://bazakonkurencyjnosci.funduszeeuropejskie.gov.pl/ogloszenia/282420
2026-06-22,"Gmina Miejska Kowary",samorzad,inne,0,"Pomocna Dłoń dla mieszkańców gminy Kowary – usługi społeczne dla osób wymagających wsparcia w codziennym funkcjonowaniu",bazakonk,https://bazakonkurencyjnosci.funduszeeuropejskie.gov.pl/ogloszenia/282462
2026-06-22,"Gmina Piszczac",samorzad,szkolenie,0,"Kompleksowe usługi realizacji warsztatów zmysłowych dla dzieci w ramach projektu pn. „Wsparcie edukacji przedszkolnej w Gminie Piszczac”",bazakonk,https://bazakonkurencyjnosci.funduszeeuropejskie.gov.pl/ogloszenia/282407
2026-06-22,"Henryk Woliński Przedsiębiorstwo Produkcyjno-Handlowo-Usługowe WOL-MAT",firma_prywatna,inne,0,"ZAPYTANIE OFERTOWE nr 3/1.4/FEPW",bazakonk,https://bazakonkurencyjnosci.funduszeeuropejskie.gov.pl/ogloszenia/282486
2026-06-22,"I Liceum Ogólnokształcące im. Mikołaja Kopernika w Łodzi",oswiata,inne,0,"Edukacja w Koperniku",bazakonk,https://bazakonkurencyjnosci.funduszeeuropejskie.gov.pl/ogloszenia/282226
2026-06-22,"Impresja Sp. z o.o.",firma_prywatna,sprzet_it,0,"Dostawa serwera",bazakonk,https://bazakonkurencyjnosci.funduszeeuropejskie.gov.pl/ogloszenia/282384
2026-06-22,"J&P Moritz Consulting Group Spółka z ograniczoną odpowiedzialnością",firma_prywatna,szkolenie,0,"ZAPYTANIE OFERTOWE nr 14/2026/SZ/DFA dotyczące realizacji szkolenia „Specjalista ds. PR, Reklamy, Marketingu i Sprzedaży” (w tym zapewnienie kadry trenerskiej, materiałów szkoleniowych oraz sal szkoleniowych) – część A, usług cateringowych – część B oraz usług przeprowadzenia egzaminu potwierdzającego uzyskanie kompetencji/kwalifikacji w zakresie „Specjalista ds. PR, Reklamy, Marketingu i Sprzedaży”– część C dla uczestników projektu pn. „Dolnośląska Fabryka Aktywizacji” o wartości przekraczającej 80 000,00 PLN w oparciu o zasadę konkurencyjności",bazakonk,https://bazakonkurencyjnosci.funduszeeuropejskie.gov.pl/ogloszenia/282473
2026-06-22,"Kamil Klimczak Firma Produkcyjno-Handlowa ,,KLIMEX""",firma_prywatna,inne,0,"ZAPYTANIE OFERTOWE nr 5/FELD.09.01/3 na zakup, dostawę, instalację, uruchomienie wózka widłowego z napędem elektrycznym – 1 szt.",bazakonk,https://bazakonkurencyjnosci.funduszeeuropejskie.gov.pl/ogloszenia/282455
2026-06-22,"Miejski Zakład Wodociągów i Kanalizacji Sp. z o.o.",spolka_komunalna,oprogramowanie,0,"Dostawa sprzętu IT i oprogramowania na potrzeby modernizacji oraz zabezpieczenia infrastruktury IT i OT dla Miejskiego Zakładu Wodociągów i Kanalizacji Sp. z o.o. w Kole",bazakonk,https://bazakonkurencyjnosci.funduszeeuropejskie.gov.pl/ogloszenia/282426
2026-06-22,"Miejskie Przedsiębiorstwo Energetyki Cieplnej S.A.",spolka_komunalna,sprzet_it,0,"Dostawa czujników temperatury, sterowników i przetworników temperatury - FZO/41/2026/D",bazakonk,https://bazakonkurencyjnosci.funduszeeuropejskie.gov.pl/ogloszenia/282434
2026-06-22,"Muzeum Gdańska",inne,oprogramowanie,0,"Kompleksowe przygotowanie i wdrożenie aplikacji multimedialnej dla nowej wystawy stałej Muzeum Poczty Polskiej w Gdańsku",bazakonk,https://bazakonkurencyjnosci.funduszeeuropejskie.gov.pl/ogloszenia/282381
2026-06-22,"Nadleśnictwo Waliły",administracja_centralna,inne,0,"Szlaczkoń szafraniec – działania ochronne na stanowiskach gatunku, reintrodukcja rośliny żywicielskiej, odsłanianie szczodrzeńca, usuwanie zadrzewień i zakrzaczeń wraz ze zbiorem i wywozem uzyskanej biomasy w Nadleśnictwie Waliły w latach 2026–2028 – postępowanie II",bazakonk,https://bazakonkurencyjnosci.funduszeeuropejskie.gov.pl/ogloszenia/282397
2026-06-22,"Politechnika Śląska",uczelnia_nauka,sprzet_it,0,"Polska – Sprzęt laboratoryjny, optyczny i precyzyjny (z wyjątkiem szklanego) – Platforma do preparatyki metalograficznej. DZPZ.282.38.2026.AG",ted,https://ted.europa.eu/pl/notice/-/detail/426923-2026
2026-06-22,"Politechnika Śląska",uczelnia_nauka,badania_rd,0,"Dostawa stanowiska do badań interakcji zachodzących podczas realizacji zadań lotniczych w środowisku symulacyjnym. Znak sprawy: DZPZ.282.50.2026.HP",ted,https://ted.europa.eu/pl/notice/-/detail/425214-2026
2026-06-22,"Polska Agencja Żeglugi Powietrznej",administracja_centralna,uslugi_it,0,"Budowa systemu bezprzewodowej łączności cyfrowej na terenie siedziby PAŻP w Warszawie",ted,https://ted.europa.eu/pl/notice/-/detail/425588-2026
2026-06-22,"Polskie Porty Lotnicze S.A.",administracja_centralna,inne,0,"Zakup i dostawa jednego fabrycznie nowego średniego samochodu ratowniczo-gaśniczego klasy M z kabiną 6-osobową na podwoziu miejskim z napędem 4x2 dla Lotniska Chopina w Warszawie",ted,https://ted.europa.eu/pl/notice/-/detail/428081-2026
2026-06-22,"Progresja S.A.",firma_prywatna,uslugi_it,0,"KALIBRACJA UKŁADU OPTYCZNEGO SYSTEMU RENISHAW AM400 / Calibration of the optical system of the Renishaw AM400 system",bazakonk,https://bazakonkurencyjnosci.funduszeeuropejskie.gov.pl/ogloszenia/282416
2026-06-22,"Quantum B, Sp. z o.o.",firma_prywatna,uslugi_it,0,"Dostawa wraz z opracowaniem modułów elektronicznych i podsystemów urządzeń do sieciowej transmisji kluczy post-kwantowych",bazakonk,https://bazakonkurencyjnosci.funduszeeuropejskie.gov.pl/ogloszenia/282351
2026-06-22,"Sąd Apelacyjny w Poznaniu",sad_prokuratura,sprzet_it,0,"Zakup komputerów, komputerów ALL-IN-ONE, laptopów dla sądów apelacji poznańskiej",ted,https://ted.europa.eu/pl/notice/-/detail/425764-2026
2026-06-22,"Samodzielny Publiczny Zespół Zakładów Opieki Zdrowotnej w Nowej Dębie",szpital_zdrowie,inne,0,"Całodobowe utrzymanie czystości, czynności pomocnicze na rzecz pacjentów w oddziałach szpitalnych oraz usługi medyczno-opiekuńcze osobie chorej i niesamodzielnej w SPZZOZ w Nowej Dębie.",ted,https://ted.europa.eu/pl/notice/-/detail/426502-2026
2026-06-22,"SONPEX A I K JANECZEK SPÓŁKA JAWNA",firma_prywatna,inne,0,"Zapytanie ofertowe nr 1/FELD.09.01/2026/4 na zakup automatu",bazakonk,https://bazakonkurencyjnosci.funduszeeuropejskie.gov.pl/ogloszenia/282306
2026-06-22,"STALSERWIS BATORY SPÓŁKA Z OGRANICZONĄ ODPOWIEDZIALNOŚCIĄ",firma_prywatna,inne,0,"Uruchomienie stacji demontażu pojazdów w Gliwicach wyposażonej w nowoczesną linią do recyklingu realizującej Gospodarkę Obiegu Zamkniętego",bazakonk,https://bazakonkurencyjnosci.funduszeeuropejskie.gov.pl/ogloszenia/280789
2026-06-22,"Stowarzyszenie Spektrum Możliwości",ngo,inne,0,"Kreowanie Lepszej Przyszłości",bazakonk,https://bazakonkurencyjnosci.funduszeeuropejskie.gov.pl/ogloszenia/282378
2026-06-22,"Uniwersyteckie Centrum Kliniczne Warszawskiego Uniwersytetu Medycznego",szpital_zdrowie,inne,0,"Rozbudowa i przebudowa budynku przy ul. Emilii Plater 21 w Warszawie w formule - zaprojektuj, wybuduj, wyposaż” na potrzeby utworzenia przychodni specjalistycznej UCK WUM",ted,https://ted.europa.eu/pl/notice/-/detail/426631-2026
2026-06-22,"Uniwersyteckie Centrum Kliniczne Warszawskiego Uniwersytetu Medycznego",szpital_zdrowie,inne,0,"Kompleksowe usługi wykonywania czynności pomocniczych przy obsłudze pacjentów wraz z usługami sprzątania i dezynfekcji powierzchni budynków oraz usługi transportu wewnątrzszpitalnego",ted,https://ted.europa.eu/pl/notice/-/detail/425606-2026
2026-06-22,"Uniwersytet DSW Ideis",uczelnia_nauka,inne,0,"Dolnośląski Program Stypendialny dla uczniów szczególnie uzdolnionych w zakresie przedmiotów ścisłych i zagrożonych wykluczeniem społecznych",bazakonk,https://bazakonkurencyjnosci.funduszeeuropejskie.gov.pl/ogloszenia/281913
2026-06-22,"Uniwersytet DSW Ideis",uczelnia_nauka,szkolenie,0,"Technologia i zarządzanie: kształcenie dla nowoczesnej gospodarki w obszarze Informatyki, Administracji, Finansów i Rachunkowości",bazakonk,https://bazakonkurencyjnosci.funduszeeuropejskie.gov.pl/ogloszenia/282373
2026-06-22,"Uniwersytet WSB Merito w Poznaniu",uczelnia_nauka,szkolenie,0,"Wybór trenera/trenerki do przygotowania i realizacji szkolenia dla kadry dydaktycznej Uniwersytetu WSB Merito w Poznaniu",bazakonk,https://bazakonkurencyjnosci.funduszeeuropejskie.gov.pl/ogloszenia/282379
2026-06-22,"USTM Sp. z o.o.",firma_prywatna,inne,0,"Kopia Nabycie Regałów",bazakonk,https://bazakonkurencyjnosci.funduszeeuropejskie.gov.pl/ogloszenia/282453
2026-06-22,"Województwo Mazowieckie",samorzad,inne,0,"Kompleksowa organizacja dwóch wydarzeń o nazwach: Koncertowe Mazowsze i Dni Mazowsza w Gostyninie",ted,https://ted.europa.eu/pl/notice/-/detail/425253-2026
2026-06-22,"Wyższa Szkoła Biznesu i Nauk o Zdrowiu w Łodzi",uczelnia_nauka,oprogramowanie,0,"ZAPYTANIE OFERTOWE nr 3/WSBiNoZ/DROP/2026 w zakresie realizacji usługi polegającej na dostawie licencji i wdrożeniu systemu teleinformatycznego w ramach realizacji projektu „WSBiNoZ - systemowy Drop-Out” o numerze FERS.01.05-IP.08-0132/25, współfinansowanego przez Unię Europejską w ramach Funduszy Europejskich dla Rozwoju Społecznego.",bazakonk,https://bazakonkurencyjnosci.funduszeeuropejskie.gov.pl/ogloszenia/282383
2026-06-22,"Zakład Usług Komunalnych w Przygodzicach",spolka_komunalna,oprogramowanie,0,"Rozwój elektronicznych usług publicznych w zakresie gospodarki komunalnej na terenie gmin: Odolanów, Przygodzice, Nowe Skalmierzyce i Ostrów Wielkopolski",bazakonk,https://bazakonkurencyjnosci.funduszeeuropejskie.gov.pl/ogloszenia/282007
2026-06-22,"Zespół Opieki Zdrowotnej w Łowiczu",szpital_zdrowie,wdrozenie_ai,1,"ADT.260.19.2026.MZ – Wdrożenie lokalnego systemu asystenckiego AI (Proof of Concept)",bazakonk,https://bazakonkurencyjnosci.funduszeeuropejskie.gov.pl/ogloszenia/282444
2026-06-19,"Akademickie Centrum Zdrowia w Mikołowie Sp. z o.o.",szpital_zdrowie,wdrozenie_ai,1,"Rozbudowa systemu medycznego i implementacja rozwiązań AI - Wdrożenie nowych rozwiązań w systemach informatycznych i bezpieczeństwa w Centrum Zdrowia w Mikołowie Sp. z o.o.",ted,https://ted.europa.eu/pl/notice/-/detail/422191-2026
2026-06-19,"ALCID Spółka z ograniczoną odpowiedzialnością",firma_prywatna,wdrozenie_ai,1,"Zapytanie ofertowe na dostarczenie bazy danych próbek cytologicznych płuc na potrzeby firmy ALCID Spółka z ograniczoną odpowiedzialnością w ramach projektu pt. „Narzędzie bioinformatyczne do automatyzacji diagnostyki chorób układu oddechowego z wykorzystaniem obrazów 3D komórek przy wykorzystaniu narzędzi Deep Learning” w ramach Piorytetu II Środowisko sprzyjające innowacjom; Działanie 2.09 Seal of Excellence – Fundusze Europejskie dla Nowoczesnej Gospodarki 2021–2027 (FENG)",bazakonk,https://bazakonkurencyjnosci.funduszeeuropejskie.gov.pl/ogloszenia/282214
2026-06-19,"ALU-PLAST KRZAK KOTYNIA SPÓŁKA JAWNA",firma_prywatna,sprzet_it,0,"ZAPYTANIE OFERTOWE NR 1/FELD.09.01-IP.02-0062/25 - Zakup, dostawa, montaż i uruchomienie zautomatyzowanego centrum tnąco-obróbczego do profili aluminiowych",bazakonk,https://bazakonkurencyjnosci.funduszeeuropejskie.gov.pl/ogloszenia/282200
2026-06-19,"BUDOTECHNIKA Sp. z o. o.",firma_prywatna,inne,0,"Zakup robót i materiałów budowlanych związanych z wykonaniem instalacji elektrycznych.",bazakonk,https://bazakonkurencyjnosci.funduszeeuropejskie.gov.pl/ogloszenia/282322
2026-06-19,"Centrum Energooszczędnych Rozwiązań Małgorzata Gałat",firma_prywatna,inne,0,"Elementy łączne",bazakonk,https://bazakonkurencyjnosci.funduszeeuropejskie.gov.pl/ogloszenia/282232
2026-06-19,"DR Spółka z ograniczoną odpowiedzialnością",firma_prywatna,sprzet_it,0,"Dostawa nowych środków trwałych w postaci Laminarki – linii do nakładania kleju, na potrzeby realizacji projektu pn. „Transformacja firmy DR w kierunku przedsiębiorstwa działającego w modelu Gospodarki Obiegu Zamkniętego - wdrożenie modelu GOZ”",bazakonk,https://bazakonkurencyjnosci.funduszeeuropejskie.gov.pl/ogloszenia/282265
2026-06-19,"EDPOL Food & Innovation Sp. z o.o.",firma_prywatna,inne,0,"ZAPYTANIE OFERTOWE nr 4/1.5/2026 na Zakup i montaż wytwornicy wody lodowej wraz z podłączeniem do systemu wychładzania produktu, w ramach realizacji projektu FEPD.01.05-IZ.00-0019/25 „Wdrożenie innowacji w zakresie produktów oraz procesów w EDPOL Food & Innovation Sp. z o.o. w celu zwiększenia eksportu” współfinansowanego z Programu Fundusze Europejskie dla Podlaskiego 2021-2027, Priorytet I. Badania i innowacje, Działanie 1.5 Wzrost konkurencyjności podlaskich przedsiębiorstw, w ramach Zadania 2. Zakup wyposażenia niezbędnego do wdrożenia innowacji w zakresie procesów i pr",bazakonk,https://bazakonkurencyjnosci.funduszeeuropejskie.gov.pl/ogloszenia/281220
2026-06-19,"FABRYKA OKIEN I DRZWI ”BAS” SPÓŁKA Z OGRANICZONĄ ODPOWIEDZIALNOŚCIĄ",firma_prywatna,inne,0,"Zapytanie ofertowe 19.06.2026 - Klejonka drewniana sosnowa, łącznik drewniany",bazakonk,https://bazakonkurencyjnosci.funduszeeuropejskie.gov.pl/ogloszenia/282269
2026-06-19,"FABRYKA OKIEN I DRZWI ”BAS” SPÓŁKA Z OGRANICZONĄ ODPOWIEDZIALNOŚCIĄ",firma_prywatna,inne,0,"Zapytanie ofertowe z dn. 19.06.2026 - Klamki - 29 szt.",bazakonk,https://bazakonkurencyjnosci.funduszeeuropejskie.gov.pl/ogloszenia/282270
2026-06-19,"Fundacja Nauka dla Środowiska ",ngo,inne,0,"Przygotowanie materiałów dla opiekunów usamodzielniania do aplikacji w ramach projektu Wybieram Przyszłość nr FERS.05.01-IZ.00-0032/25” Nr postępowania: 01/WP/06/2026",bazakonk,https://bazakonkurencyjnosci.funduszeeuropejskie.gov.pl/ogloszenia/282245
2026-06-19,"Gmina Bogdaniec",samorzad,oprogramowanie,0,"""E- usługi w Gminie Bogdaniec""",bazakonk,https://bazakonkurencyjnosci.funduszeeuropejskie.gov.pl/ogloszenia/282255
2026-06-19,"Gmina Kobyla Góra",samorzad,inne,0,"Modernizacja placu zabaw przy Szkole Podstawowej w Kobylej Górze",bazakonk,https://bazakonkurencyjnosci.funduszeeuropejskie.gov.pl/ogloszenia/282033
2026-06-19,"Gmina Żarnowiec",samorzad,oprogramowanie,0,"Zakup licencji, wdrożenie i uruchomienie e-usług wraz z zakupem szkoleń dla pracowników i sprzętu w ramach projektu „Cyfryzacja administracji publicznej w Gminie Żarnowiec""",ted,https://ted.europa.eu/pl/notice/-/detail/421829-2026
2026-06-19,"Hydrosfera Józefów Sp. z o. o.",spolka_komunalna,uslugi_it,0,"Wdrożenie zintegrowanej architektury odporności IT i OT wraz z przygotowaniem kompetencyjnym i organizacyjnym Zamawiającego na cyberataki.",bazakonk,https://bazakonkurencyjnosci.funduszeeuropejskie.gov.pl/ogloszenia/282286
2026-06-19,"JES OPAKOWANIA Spółka z ograniczoną odpowiedzialnością Spółka komandytowa",firma_prywatna,oprogramowanie,0,"(5/2026/22/25/ZAP) - Dedykowany system kalkulacyjno-ofertowy - opracowanie, wdrożenie i szkolenie",bazakonk,https://bazakonkurencyjnosci.funduszeeuropejskie.gov.pl/ogloszenia/281555
2026-06-19,"LOFREE Sp. z o.o. Sp. K.",firma_prywatna,sprzet_it,0,"Zakup maszyny Robot do paletyzacji",bazakonk,https://bazakonkurencyjnosci.funduszeeuropejskie.gov.pl/ogloszenia/282055
2026-06-19,"LOFREE Sp. z o.o. Sp. K.",firma_prywatna,inne,0,"Zakup maszyn Ręczny paskowacz akumulatorowy, automatyczny oraz zautomatyzowany wózek transportowy",bazakonk,https://bazakonkurencyjnosci.funduszeeuropejskie.gov.pl/ogloszenia/282213
2026-06-19,"Marani Sp. z o.o.",firma_prywatna,oprogramowanie,0,"Zapytanie ofertowe nr 57/06/2026 Dostawa, konfiguracja, integracja, wdrożenie, uruchomienie produkcyjne, przeszkolenie użytkowników i przekazanie do eksploatacji zintegrowanego systemu informatycznego obejmującego funkcjonalności klasy MES, APS, WMS oraz IEDMS przeznaczonego do wsparcia planowania, harmonogramowania, realizacji i rozliczania produkcji oraz zarządzania przepływem materiałów i wyrobów w toku realizacji procesów produkcyjnych.",bazakonk,https://bazakonkurencyjnosci.funduszeeuropejskie.gov.pl/ogloszenia/282296
2026-06-19,"Miejskie Przedsiębiorstwo Komunikacyjne w Poznaniu Sp. z o.o.",spolka_komunalna,inne,0,"ŚWIADCZENIE USŁUG KIEROWANIA POJAZDAMI AUTOBUSOWYMI W REGULARNEJ KOMUNIKACJI MIEJSKIEJ W MPK POZNAŃ SP. Z O.O.",ted,https://ted.europa.eu/pl/notice/-/detail/423020-2026
2026-06-19,"P.B. INBUD BIELSKO Sp. z o.o. sp. k.",firma_prywatna,sprzet_it,0,"Dostawa oraz wdrożenie wyposażenia do serwerowni",bazakonk,https://bazakonkurencyjnosci.funduszeeuropejskie.gov.pl/ogloszenia/282327
2026-06-19,"Państwowe Gospodarstwo Leśne Lasy Państwowe Nadleśnictwo Jeleśnia",administracja_centralna,inne,0,"„Utrzymanie drożności szlaku turystycznego wraz z elementami infrastruktury i ustawieniem barier na obszarze rezerwatu Romanka w roku 2026 i 2027""",bazakonk,https://bazakonkurencyjnosci.funduszeeuropejskie.gov.pl/ogloszenia/282253
2026-06-19,"Polski Instytut Ekonomiczny, Warszawa",administracja_centralna,badania_rd,1,"PZP.2.2026 - Przeprowadzenie badania CAWI pn. „Wykorzystanie generatywnej sztucznej inteligencji przez osoby pracujące w Polsce”.",ezam,https://ezamowienia.gov.pl/mp-client/search/list/ocds-148610-750bf5ec-7fc0-4819-bf96-ec5cab655522
2026-06-19,"Quantum Blockchains, Sp. z o.o.",firma_prywatna,uslugi_it,0,"Kopia Realizacja usług eksperckich w zakresie certyfikacji cyberbezpieczeństwa fizycznego produktu z komponentem cyfrowym.",bazakonk,https://bazakonkurencyjnosci.funduszeeuropejskie.gov.pl/ogloszenia/282334
2026-06-19,"REMONDIS AQUA TOSZEK SPÓŁKA Z OGRANICZONĄ ODPOWIEDZIALNOŚCIĄ",spolka_komunalna,uslugi_it,0,"Opracowanie, wdrożenie, przegląd i aktualizacja Systemu Zarządzania Bezpieczeństwem Informacji (SZBI) oraz przeprowadzenie audytu cyberbezpieczeństwa sieci IT/OT/ICS/IIoT",bazakonk,https://bazakonkurencyjnosci.funduszeeuropejskie.gov.pl/ogloszenia/279241
2026-06-19,"Riot Sp. z o.o.",firma_prywatna,sprzet_it,0,"Dostawa modułów elektronicznych pozycjonowania przestrzennego z możliwością rejestracji danych",bazakonk,https://bazakonkurencyjnosci.funduszeeuropejskie.gov.pl/ogloszenia/282324
2026-06-19,"SEC REGION SPÓŁKA Z OGRANICZONĄ ODPOWIEDZIALNOŚCIĄ",firma_prywatna,uslugi_it,0,"PZ-14472 - Świadczenie usług kompleksowego nadzoru inwestorskiego/Inżyniera Kontraktu dla inwestycji polegających na budowie: układu pomp ciepła (UPC), magazynów energii oraz HOB Biomasa i HOB Multifuel",bazakonk,https://bazakonkurencyjnosci.funduszeeuropejskie.gov.pl/ogloszenia/278040
2026-06-19,"Solaris Bus & Coach sp. z o.o.",firma_prywatna,inne,0,"Tests of M3 category vehicle in accordance with UN Regulation No. 107 and Regulation (EU) 2021/535 Annex XIII.",bazakonk,https://bazakonkurencyjnosci.funduszeeuropejskie.gov.pl/ogloszenia/281034
2026-06-19,"Spółdzielnia Mleczarska ""MLEKPOL"" w Grajewie",firma_prywatna,inne,0,"Energooszczędne inwestycje w termomodernizację budynku biurowego, pompę ciepła wykorzystującą ciepło odpadowe skraplania amoniaku do procesów technologicznych oraz instalację PV pozwalającą na ograniczenie zapotrzebowania na energię elektryczną z sieci",bazakonk,https://bazakonkurencyjnosci.funduszeeuropejskie.gov.pl/ogloszenia/282268
2026-06-19,"Systema Spółka z ograniczoną odpowiedzialnością",firma_prywatna,szkolenie,0,"ZAPYTANIE OFERTOWE nr 10.19.IPD.3 w przedmiocie wyłonienia doradcy zawodowego do realizacji doradztwa zawodowego w ramach projektu „NIE ZWALNIAJ tempa!”",bazakonk,https://bazakonkurencyjnosci.funduszeeuropejskie.gov.pl/ogloszenia/282303
2026-06-19,"Tatrzański Park Narodowy",samorzad,inne,0,"Nadzór inwestorski nad modernizacją szlaków turystycznych w ramach projektu FENX.01.05-IW.01-0095/24„Ograniczenie antropopresji na gatunki i siedliska na terenie Tatrzańskiego Parku Narodowego poprzez kanalizację ruchu turystycznego i wsparcie działań edukacyjnych”",bazakonk,https://bazakonkurencyjnosci.funduszeeuropejskie.gov.pl/ogloszenia/282277
2026-06-19,"TELE-STROP-<mark>SYSTEM</mark> Sp.z o.o.",firma_prywatna,inne,0,"WYKONANIE INSTALACJI FOTOWOLTAICZNEJ",bazakonk,https://bazakonkurencyjnosci.funduszeeuropejskie.gov.pl/ogloszenia/282276
2026-06-19,"Uniwersytet Ekonomiczny w Poznaniu",uczelnia_nauka,sprzet_it,0,"Jednorazowa dostawa filamentów do drukarki: 3D Bambu Lab H2C Combo",bazakonk,https://bazakonkurencyjnosci.funduszeeuropejskie.gov.pl/ogloszenia/282207
2026-06-19,"Uniwersytet Medyczny im. Karola Marcinkowskiego w Poznaniu",uczelnia_nauka,sprzet_it,0,"Dostawa, wniesienie, instalacja oraz uruchomienie systemu do automatycznej syntezy i rozwoju procesów wytwarzania nanocząstek lipidowych (LNP), polimerowych, liposomów i innych typów nanocząstek, z kompletem akcesoriów, dokumentacją techniczną, oprogramowaniem i komputerem sterującym oraz szkoleniem na potrzeby projektu „MIST: Projektowanie eksperymentów wspomagane sztuczną inteligencją...""",ted,https://ted.europa.eu/pl/notice/-/detail/422026-2026
2026-06-19,"Warszawski Uniwersytet Medyczny",uczelnia_nauka,sprzet_it,0,"Dostawa urządzeń medycznych w podziale na pakiety",ted,https://ted.europa.eu/pl/notice/-/detail/423315-2026
2026-06-19,"Zabrzańskie Przedsiębiorstwo Wodociągów i Kanalizacji Sp. z o.o.",spolka_komunalna,uslugi_it,0,"„Zwiększenie cyberodporności i ciągłości działania Zabrzańskiego Przedsiębiorstwa Wodociągów i Kanalizacji Sp. z o.o. w Zabrzu poprzez wdrożenie nowoczesnych rozwiązań, modernizację infrastruktury oraz podniesienie kompetencji personelu – Zadanie 2 Obszar kompetencyjny Zadanie 4 Obszar techniczny OT. Kategoria kosztów: S13, S04, U09, O13, U28, U02. Postępowanie: 8.”",bazakonk,https://bazakonkurencyjnosci.funduszeeuropejskie.gov.pl/ogloszenia/280689
2026-06-19,"ZDROWIE-BRUDZEŃSKI ZOZ",szpital_zdrowie,szkolenie,0,"Realizacja usług szkoleniowych dla uczestników i kadry placówki w ramach projektu „Zdrowie bez barier – dostępna przychodnia w Siecieniu” (FEMA.05.06-IP.01-09ZM/25)",bazakonk,https://bazakonkurencyjnosci.funduszeeuropejskie.gov.pl/ogloszenia/281262
2026-06-19,"Zespół Elektrociepłowni Wrocławskich KOGENERACJA S.A.",spolka_komunalna,inne,0,"Polska – Roboty budowlane w zakresie budowy elektrowni i elektrociepłowni – Budowa nowych jednostek wytwórczych wraz z akumulatorem ciepła w EC Zawidawie",ted,https://ted.europa.eu/pl/notice/-/detail/424578-2026
2026-06-18,"""GRUPA INCO"" SPÓŁKA AKCYJNA",firma_prywatna,inne,0,"Zapytanie ofertowe nr 4/2026/BORÓW w ramach projektu „Termomodernizacja obiektów magazynowo-produkcyjnych oraz wymiana maszyn w przedsiębiorstwie ""Grupa Inco"" S.A.” w ramach Działania 3.01 Kredyt ekologiczny Programu Fundusze Europejskie dla Nowoczesnej Gospodarki 2021 -2027 współfinansowanego ze środków Europejskiego Funduszu Rozwoju Regionalnego",bazakonk,https://bazakonkurencyjnosci.funduszeeuropejskie.gov.pl/ogloszenia/282149
2026-06-18,"„INNOVO” Innowacje w Biznesie Sp. z o.o.",firma_prywatna,szkolenie,0,"ZAPYTANIE OFERTOWE nr 8/2026/7.12 z dnia 18.06.2026 r. Nowa jakość kształcenia w Gminie Brzozów",bazakonk,https://bazakonkurencyjnosci.funduszeeuropejskie.gov.pl/ogloszenia/282126
2026-06-18,"3N SOLUTIONS SPÓŁKA Z OGRANICZONĄ ODPOWIEDZIALNOŚCIĄ",firma_prywatna,badania_rd,0,"Zapytanie ofertowe 1. Substancje do zabrudzania próbek 20 zestawów 2. Zabrudzone próbki badawcze (powierzchnia min 0,025 m2) 500 szt. 3. Zabrudzone próbki badawcze (powierzchnia min 1m2) 120 szt. 4. Materiały do budowy próbek badawczych (powierzchnia 10 m2) 4 zestawy",bazakonk,https://bazakonkurencyjnosci.funduszeeuropejskie.gov.pl/ogloszenia/282115
2026-06-18,"3N SOLUTIONS SPÓŁKA Z OGRANICZONĄ ODPOWIEDZIALNOŚCIĄ",firma_prywatna,inne,0,"Zapytanie ofertowe - Środki chemiczne do testów - 2000 zestawów",bazakonk,https://bazakonkurencyjnosci.funduszeeuropejskie.gov.pl/ogloszenia/282114
2026-06-18,7660006544,spolka_komunalna,uslugi_it,0,"Dostawa i wdrożenie rozwiązań teleinformatycznych w zakresie bezpieczeństwa sieciowego w obszarach technicznych OT oraz IT w ramach projektu pn. „Cyberbezpieczny Aquabellis - wzmocnienie odporności na cyberzagrożenia” w ramach Inwestycji C3.1.1 „Cyberbezpieczeństwo - CyberPL” finansowanego z Krajowego Planu Odbudowy i Zwiększania Odporności.",bazakonk,https://bazakonkurencyjnosci.funduszeeuropejskie.gov.pl/ogloszenia/281586
2026-06-18,"Agencja Restrukturyzacji i Modernizacji Rolnictwa",administracja_centralna,uslugi_it,1,"Usługa identyfikacji klas pokrycia terenu przy wykorzystaniu metod sztucznej inteligencji (AI) na potrzeby aktualizacji Systemu Identyfikacji Działek Rolnych (LPIS)",ted,https://ted.europa.eu/pl/notice/-/detail/420222-2026
2026-06-18,"Argos s.c. K.Szarkowski, O.Koleśnik",firma_prywatna,inne,0,"„Budowa instalacji fotowoltaicznej wraz z magazynem energii i systemem zarządzania energią na potrzeby PRDM „Trakt” Sp. z o.o.”",bazakonk,https://bazakonkurencyjnosci.funduszeeuropejskie.gov.pl/ogloszenia/282164
2026-06-18,"Base Group Sp. z o.o.",firma_prywatna,inne,0,"ZAPYTANIE OFERTOWE nr 01/06/2026 Dotyczy: System magazynowy z magazynem wysokiego składowania: CZĘŚĆ 1 - Regał wspornikowy na płaskowniki CZĘŚĆ 2 - Regały półkowe",bazakonk,https://bazakonkurencyjnosci.funduszeeuropejskie.gov.pl/ogloszenia/280927
2026-06-18,"Biuro Doradczo-Księgowe J&J Iga Próchniak-Czapla",firma_prywatna,oprogramowanie,0,"Zakup i dostawa Systemu Teleopieki oraz usługę Teleopieki dla 20 uczestników projektu",bazakonk,https://bazakonkurencyjnosci.funduszeeuropejskie.gov.pl/ogloszenia/282155
2026-06-18,"Biuro Doradczo-Księgowe J&J Iga Próchniak-Czapla",firma_prywatna,oprogramowanie,0,"Zakup i dostawa Systemu Teleopieki oraz usługę Teleopieki dla 30 uczestników projektu",bazakonk,https://bazakonkurencyjnosci.funduszeeuropejskie.gov.pl/ogloszenia/282156
2026-06-18,"Carbon Studio S.A.",firma_prywatna,oprogramowanie,0,"MAGOS (Multiplatform Automatic Graphic Optimisation System) - Zautomatyzowane narzędzie do optymalizacji kolekcji graficznych w grach VR",bazakonk,https://bazakonkurencyjnosci.funduszeeuropejskie.gov.pl/ogloszenia/282036
2026-06-18,"Centrum Koordynacji Projektów Środowiskowych",administracja_centralna,wdrozenie_ai,1,"Polska – Usługi opracowywania oprogramowania komunikacyjnego i multimedialnego – Opracowanie systemu informatycznego wykorzystującego sztuczną inteligencję (AI) do identyfikacji osobniczej rysi (Lynx lynx) na zdjęciach i filmach wideo pochodzących z fotopułapek",ted,https://ted.europa.eu/pl/notice/-/detail/419717-2026
2026-06-18,"Centrum Medyczne Dąbrówka - Dabrówka Sp. z o.o.",szpital_zdrowie,sprzet_it,0,"Poprawa efektywności energetycznej procesu diagnostyki obrazowej poprzez wymianę urządzenia MRI",bazakonk,https://bazakonkurencyjnosci.funduszeeuropejskie.gov.pl/ogloszenia/278410
2026-06-18,"Centrum Rozwoju Społeczno-Ekonomicznego",ngo,szkolenie,0,"ZAPYTANIE OFERTOWE nr 23/2026/MI/SZK dotyczące realizacji szkolenia „Kelner - Barista” (w tym zapewnienie kadry trenerskiej, materiałów szkoleniowych, sal szkoleniowych, ubezpieczenia NNW oraz egzaminu) – część A, usługi cateringowej podczas usługi szkoleniowej – część B dla uczestników projektu „Most Integracji – Podkarpackie Centrum Wsparcia OPT”, prowadzone w oparciu o zasadę konkurencyjności.",bazakonk,https://bazakonkurencyjnosci.funduszeeuropejskie.gov.pl/ogloszenia/282127
2026-06-18,"DRINK ID Sp. z ograniczoną odpowiedzialnością",firma_prywatna,inne,0,"ZAPYTANIE OFERTOWE NR DI/12/2026 - Modernizacja oświetlenia",bazakonk,https://bazakonkurencyjnosci.funduszeeuropejskie.gov.pl/ogloszenia/282171
2026-06-18,"DUOMED Sp z o.o",szpital_zdrowie,oprogramowanie,0,"Pozyskanie ofert na wynajem aparatury naukowo badawczej: Część 1 wynajem tomografu Część 2 wynajem systemu informatycznego do zarządzania procesami pobierania, preparatyki, badania i przechowywania tkanek oraz komórek ludzkich wraz z funkcjonalnością biobanku",bazakonk,https://bazakonkurencyjnosci.funduszeeuropejskie.gov.pl/ogloszenia/281472
2026-06-18,"ENPROM Sp. z o.o.",firma_prywatna,inne,0,"ZAPYTANIE OFERTOWE nr FENG/25/2026 dostawa konstrukcji pełnościennej bramki elektroenergetycznej wykonanej UWAGA: wydłużono termin składania ofert do 25 czerwca 2025 r. z kompozytów typu FRP",bazakonk,https://bazakonkurencyjnosci.funduszeeuropejskie.gov.pl/ogloszenia/281629
2026-06-18,"Etmus Sp z o.o.",firma_prywatna,inne,0,"Zgrzewarka do poszyć kabinowych",bazakonk,https://bazakonkurencyjnosci.funduszeeuropejskie.gov.pl/ogloszenia/282011
2026-06-18,"Fundacja #Make Smart People Famous",ngo,szkolenie,0,"Realizacja usługi doradczo-szkoleniowej w formie online",bazakonk,https://bazakonkurencyjnosci.funduszeeuropejskie.gov.pl/ogloszenia/282095
2026-06-18,"Fundacja Historia Vita",ngo,badania_rd,0,"Pracownik naukowy odpowiedzialny za kwerendę źródłową, pracę ze źródłami specjalistycznymi i opracowania anglojęzyczne w projekcie dotyczącym badań technicznych i środowiskowych wraków Zatoki Gdańskiej. Oferta nr 2 Rola obejmuje wyszukiwanie, selekcję, porządkowanie i opracowywanie materiałów anglojęzycznych, profesjonalne tłumaczenia i redakcję tekstów branżowych, przygotowywanie notatek, streszczeń, zestawień i glosariuszy oraz wsparcie zespołu naukowo-badawczego w krótkich terminach. Stanowisko wymaga biegłej znajomości języka angielskiego, precyzji terminologicznej oraz",bazakonk,https://bazakonkurencyjnosci.funduszeeuropejskie.gov.pl/ogloszenia/282147
2026-06-18,"Fundacja Historia Vita",ngo,badania_rd,0,"Świadczenie pracy / usługi kluczowego pracownika naukowego w projekcie pn. „Badania techniczne i środowiskowe wraków Zatoki Gdańskiej jako podstawa działań oczyszczających i planowania przestrzennego”. Ogłoszenie 2 Pracownik naukowy będzie pełnił kluczową rolę w interdyscyplinarnym projekcie łączącym badania środowiskowe, analizę techniczną wraków, dokumentację terenową i współpracę międzysektorową. Stanowisko wymaga wykształcenia technicznego oraz umiejętności czytania i interpretacji rysunków, przekrojów, planów, opisów technicznych i dokumentacji konstrukcyjnej wraków. D",bazakonk,https://bazakonkurencyjnosci.funduszeeuropejskie.gov.pl/ogloszenia/282177
2026-06-18,"Fundacja Historia Vita",ngo,badania_rd,0,"Świadczenie usługi koordynacji projektu pn. „Badania techniczne i środowiskowe wraków Zatoki Gdańskiej jako podstawa działań oczyszczających i planowania przestrzennego”, ogłoszenie nr 2 Projekt obejmuje specjalistyczne badania techniczne i środowiskowe czterech wybranych wraków statków zalegających na dnie morskim. Zakres projektu obejmuje m.in. dokumentację podwodną, pobór prób osadów dennych, monitoring biologiczny z wykorzystaniem organizmów wskaźnikowych, analizę techniczną wraków, integrację danych, przygotowanie opracowań oraz upowszechnienie wyników. Projekt ma char",bazakonk,https://bazakonkurencyjnosci.funduszeeuropejskie.gov.pl/ogloszenia/282142
2026-06-18,"Gdańskie Centrum Usług Wspólnych",samorzad,badania_rd,0,"„InnoCUW GDN. Wyzwania rozwojowe i cywilizacyjne w zakresie organizacji pracy współfinansowanego ze środków Europejskiego Funduszu Społecznego Plus (EFS+)” [nr wniosku o dofinansowanie o sumie kontrolnej: RM50000/3/1/1/1/1/1/1/1/1/1/1/2/1] w ramach Działania 5.6 Adaptacyjność pracowników i pracodawców w ramach programu Fundusze Europejskie dla Pomorza 2021-2027 (FEP 2021-2027), na podstawie umowy o dofinansowanie FEPM.05.06-IZ.00-0029/24-00 z dnia 18.02.2025r.",bazakonk,https://bazakonkurencyjnosci.funduszeeuropejskie.gov.pl/ogloszenia/277839
2026-06-18,"Gmina Czarny Dunajec",samorzad,inne,0,"Zielone Podhale - zagospodarowanie strefy parkowej w Czarnym Dunajcu",bazakonk,https://bazakonkurencyjnosci.funduszeeuropejskie.gov.pl/ogloszenia/282105
2026-06-18,"Gmina Jabłonna",samorzad,szkolenie,0,"Efektywne nauczania języka angielskiego w Gminie Jabłonna",bazakonk,https://bazakonkurencyjnosci.funduszeeuropejskie.gov.pl/ogloszenia/282120
2026-06-18,"GMINA JAROCIN",samorzad,inne,0,"Dowóz uczniów do szkół na terenie Gminy Jarocin wraz z zapewnieniem opieki dla wszystkich dowożonych w tym również dowóz uczniów do szkół specjalnych oraz placówek integracyjnych w roku szkolnym 2026/2027",ted,https://ted.europa.eu/pl/notice/-/detail/418671-2026
2026-06-18,"GMINA JAROCIN",samorzad,inne,0,"Bieżące utrzymanie i pielęgnację zieleni na obszarze miasta Jarocin w zakresie utrzymania parków, skwerów i innych terenów zieleni oraz cięć pielęgnacyjnych żywopłotów",ted,https://ted.europa.eu/pl/notice/-/detail/419535-2026
2026-06-18,"Gmina Miasto Zgierz",samorzad,badania_rd,0,"Opracowanie Miejskiego planu adaptacji do zmian klimatu dla miasta Zgierza",bazakonk,https://bazakonkurencyjnosci.funduszeeuropejskie.gov.pl/ogloszenia/281976
2026-06-18,"Gmina Przemyśl",samorzad,inne,0,"Urząd Gminy Przemyśl - miejsce pracy przyjazne dla wszystkich pracowników",bazakonk,https://bazakonkurencyjnosci.funduszeeuropejskie.gov.pl/ogloszenia/282029
2026-06-18,"Gorczański Park Narodowy",inne,badania_rd,0,"Monitoring gorczańskiej populacji głuszca. Postępowanie III",bazakonk,https://bazakonkurencyjnosci.funduszeeuropejskie.gov.pl/ogloszenia/282129
2026-06-18,"Infrastruktura Niepołomice Spółka  z o.o.",spolka_komunalna,szkolenie,0,"“Szkolenia z zakresu cyberbezpieczeństwa w ramach projektu „Wodociągi odporne na cyberzagrożenia - kompleksowy projekt bezpieczeństwa.”",bazakonk,https://bazakonkurencyjnosci.funduszeeuropejskie.gov.pl/ogloszenia/282102
2026-06-18,"Instytut Centrum Zdrowia Matki Polki",szpital_zdrowie,oprogramowanie,0,"Rozwój usług cyfrowych w Instytucie ,,Centrum Zdrowia Matki Polki'' w Łodzi",bazakonk,https://bazakonkurencyjnosci.funduszeeuropejskie.gov.pl/ogloszenia/282107
2026-06-18,"Konfederacja Lewiatan",ngo,badania_rd,0,"Realizacja zamówienia polegającego na opracowaniu ekspertyzy pt. „Mapa instrumentów wsparcia cyfryzacji firm w Polsce w perspektywie 2021-2027”.",bazakonk,https://bazakonkurencyjnosci.funduszeeuropejskie.gov.pl/ogloszenia/282084
2026-06-18,"Krakodlew S.A.",firma_prywatna,badania_rd,0,"ZO/KO/FENG/A0EZ/15/2026 Opracowanie osprzętu formierskiego na podstawie założeń B+R – wlewnice do żelazostopów FeSiCr – 2 komplety",bazakonk,https://bazakonkurencyjnosci.funduszeeuropejskie.gov.pl/ogloszenia/282135
2026-06-18,"Krakodlew S.A.",firma_prywatna,badania_rd,0,"ZO/KO/FENG/A0EZ/14/2026 Budowa prototypowego stanowiska badawczego do wytwarzania samonośnych warstw ceramicznych",bazakonk,https://bazakonkurencyjnosci.funduszeeuropejskie.gov.pl/ogloszenia/282124
2026-06-18,"Krakodlew S.A.",firma_prywatna,sprzet_it,0,"ZO/KO/FENG/A0EZ/13/2026 Zakup komponentów do bodowy gniazda rejestratora",bazakonk,https://bazakonkurencyjnosci.funduszeeuropejskie.gov.pl/ogloszenia/282099
2026-06-18,"Międzynarodowa Szkoła Logistyki i Transportu we Wrocławiu ",oswiata,szkolenie,1,"Zapytanie ofertowe nr 03/06/TRANS/2026 dotyczące przygotowania i nagrania kursu e-learning pn. SZTUCZNA INTELIGENCJA W TRANSPORCIE (studia magisterskie) w ramach projektu Kształtowanie kompetencji w obszarze transportu jako odpowiedź na potrzeby branż kluczowych dla gospodarki FERS.01.05-IP.08-0061/23",bazakonk,https://bazakonkurencyjnosci.funduszeeuropejskie.gov.pl/ogloszenia/282110
2026-06-18,"Międzynarodowa Szkoła Logistyki i Transportu we Wrocławiu ",oswiata,szkolenie,1,"Zapytanie ofertowe nr 08/06/LOG/2026 na wykonanie nagrań e-learning do przedmiotu ZASTOSOWANIE AI W LOGISTYCE w ramach studiów II stopnia w ramach projektu: Kształtowanie kompetencji w obszarze logistyki jako odpowiedź na zmieniające się potrzeby rynku pracy w dobie wyzwań Zielonego Ładu i transformacji cyfrowej FERS.01.05-IP.08-0233/23",bazakonk,https://bazakonkurencyjnosci.funduszeeuropejskie.gov.pl/ogloszenia/282119
2026-06-18,"Ośrodek Integracji Społecznej",ngo,inne,0,"NH2/2/2026 - Usługa cateringowa w ramach Projektu: „Nowe Horyzonty-Etap II (2026-2029)” – II edycja",bazakonk,https://bazakonkurencyjnosci.funduszeeuropejskie.gov.pl/ogloszenia/281998
2026-06-18,"Państwowe Gospodarstwo Wodne Wody Polskie",administracja_centralna,inne,0,"Wykonanie kontroli okresowych rocznych stanu technicznego budowli hydrotechnicznych na terenie NW we Włodawie.",ted,https://ted.europa.eu/pl/notice/-/detail/420455-2026
2026-06-18,"Parafia Rzymsko-Katolicka pw. Najświętszej Maryi Panny Matki Kościoła",inne,inne,0,"Dostawa kabli elektroenergetycznych i urządzeń towarzyszących",bazakonk,https://bazakonkurencyjnosci.funduszeeuropejskie.gov.pl/ogloszenia/282066
2026-06-18,"Politechnika Częstochowska",uczelnia_nauka,sprzet_it,0,"Dostawa sprzętu komputerowego dla jednostek organizacyjnych Politechniki Częstochowskiej (7 zadań)",ted,https://ted.europa.eu/pl/notice/-/detail/419347-2026
2026-06-18,"Politechnika Śląska",uczelnia_nauka,inne,0,"Dostawa stanowiska do badań statycznych i dynamicznych stentów. Znak sprawy: DZPZ.282.36.2026.DM",ted,https://ted.europa.eu/pl/notice/-/detail/420978-2026
2026-06-18,"Polska Agencja Rozwoju Przedsiębiorczości",administracja_centralna,szkolenie,0,"Wsparcie koordynatorów klastrów w świadczeniu specjalistycznych usług dla firm członkowskich w kluczowych obszarach tematycznych poprzez opracowanie podręcznika i przeprowadzanie szkolenia online, p/107/DAS/2026_2",bazakonk,https://bazakonkurencyjnosci.funduszeeuropejskie.gov.pl/ogloszenia/282145
2026-06-18,"Polski Związek Głuchych",ngo,inne,0,"Zapytanie ofertowe nr 37/CK/2026 - Zakup i dostawa kompletu wyposażenia dla kadry projektu",bazakonk,https://bazakonkurencyjnosci.funduszeeuropejskie.gov.pl/ogloszenia/282082
2026-06-18,"Samodzielny Publiczny Wielospecjalistyczny Zakład Opieki Zdrowotnej Ministerstwa Spraw Wewnętrznych i Administracji w Bydgoszczy",szpital_zdrowie,oprogramowanie,0,"ZAKUP FINANSOWANY W RAMACH KRAJOWEGO PLANU ODBUDOWY I ZWIĘKSZANIA ODPORNOŚCI: Projekt „Wdrożenie e-usług w Bydgoskim Szpitalu MSWiA” w ramach inwestycji D1.1.2 „Przyspieszenie procesów transformacji cyfrowej ochrony zdrowia poprzez dalszy rozwój usług cyfrowych w ochronie zdrowia” będąca elementem komponentu D „Efektywność, dostępność i jakość systemu ochrony zdrowia” Nabór nr KPOD.07.03-IP.10-001/25 „Program inwestycyjny modernizacji podmiotów leczniczych”",bazakonk,https://bazakonkurencyjnosci.funduszeeuropejskie.gov.pl/ogloszenia/282542
2026-06-18,"Samodzielny Publiczny Wojewódzki Szpital Chirurgii Urazowej im. dr. Janusza Daaba w Piekarach Śląskich",szpital_zdrowie,inne,0,"DOSTAWA WYROBÓW MEDYCZNYCH CZ. III – MATERIAŁY OPATRUNKOWE I WYROBY Z WŁÓKNINY",ted,https://ted.europa.eu/pl/notice/-/detail/420811-2026
2026-06-18,"Samodzielny Publiczny Wojewódzki Szpital Chirurgii Urazowej im. dr. Janusza Daaba w Piekarach Śląskich 2",szpital_zdrowie,inne,0,"DOSTAWA ENDOPROTEZ I IMPLANTÓW WRAZ Z DZIERŻAWĄ INSTRUMENTARIUM DLA SAMODZIELNEGO PUBLICZNEGO WOJEWÓDZKIEGO SZPITALA CHIRURGII URAZOWEJ IM. DR. JANUSZA DAABA W PIEKARACH ŚLĄSKICH (CZĘŚĆ 2)",ted,https://ted.europa.eu/pl/notice/-/detail/420266-2026
2026-06-18,"Szkoła Podstawowa nr 34 w Łodzi",oswiata,inne,0,"Dobre pomysły otwarte umysły",bazakonk,https://bazakonkurencyjnosci.funduszeeuropejskie.gov.pl/ogloszenia/282100
2026-06-18,"Szkoła Podstawowa w Ryczowie",oswiata,sprzet_it,0,"Dostawa sprzętu komputerowego, multimedialnego, oprogramowania oraz wyposażenia pracowni edukacyjnych w ramach projektu pn. „Wyższe kompetencje kluczem do rozwoju w Gminie Ogrodzieniec”",bazakonk,https://bazakonkurencyjnosci.funduszeeuropejskie.gov.pl/ogloszenia/281999
2026-06-18,"Szpital Kliniczny Ministerstwa Spraw Wewnętrznych i Administracji z Warmińsko-Mazurskim Centrum Onkologii w Olsztynie",szpital_zdrowie,oprogramowanie,0,"Dostawa, instalacja i uruchomienie oprogramowania do konturowania, rozbudowa posiadanych akceleratorów i systemu planowania leczenia o opcję terapii łukowej oraz integracja systemu obrazowania kV zwiększającego jakość badań CBCT",ted,https://ted.europa.eu/pl/notice/-/detail/418391-2026
2026-06-18,"Szpital Pomnik Chrztu Polski",szpital_zdrowie,sprzet_it,0,"„Zakup sprzętu medycznego, informatycznego, oprogramowania i adaptacja pomieszczeń w celu rozwoju udzielania świadczeń zdrowotnych w ramach ambulatoryjnej opieki specjalistycznej (AOS) i opieki jednego dnia w Szpitalu Pomnik Chrztu Polski w Gnieźnie”, realizowany w ramach Programu Regionalnego Fundusze Europejskie dla Wielkopolski 2021-2027, Priorytet 5: Fundusze europejskie wspierające społeczną infrastrukturę dla Wielkopolan (EFRR), Działanie 5.3 Infrastruktura ochrony zdrowia",bazakonk,https://bazakonkurencyjnosci.funduszeeuropejskie.gov.pl/ogloszenia/282040
2026-06-18,"Szpital Wielospecjalistyczny Sp. z o.o. ",szpital_zdrowie,sprzet_it,0,"Zakup elementów środowiska IT",bazakonk,https://bazakonkurencyjnosci.funduszeeuropejskie.gov.pl/ogloszenia/282159
2026-06-18,"TOWARZYSTWO PRZYJACIÓŁ DZIECI ZACHODNIOPOMORSKI ODDZIAŁ REGIONALNY W SZCZECINIE",ngo,inne,0,"Organizacja wyjazdów w ramach projektu pn.: ""Metamorfoza Integracji Społecznej -""MIŚ"" dla rodzin""",bazakonk,https://bazakonkurencyjnosci.funduszeeuropejskie.gov.pl/ogloszenia/282160
2026-06-18,"TOWARZYSTWO PRZYJACIÓŁ DZIECI ZACHODNIOPOMORSKI ODDZIAŁ REGIONALNY W SZCZECINIE",ngo,inne,0,"Realizacja usług terapeutycznych (opiekuńczych) w ramach projektu pn.: ""Metamorfoza Integracji Społecznej -""MIŚ"" dla rodzin""",bazakonk,https://bazakonkurencyjnosci.funduszeeuropejskie.gov.pl/ogloszenia/282163
2026-06-18,"UNIWERSYTET ŚLĄSKI W KATOWICACH",uczelnia_nauka,badania_rd,0,"jUŚt transition - Potencjał Uniwersytetu Śląskiego podstawą Sprawiedliwej Transformacji regionu",bazakonk,https://bazakonkurencyjnosci.funduszeeuropejskie.gov.pl/ogloszenia/282039
2026-06-18,"Wiktor Ośmiałowski",firma_prywatna,inne,0,"Produkcja energii elektrycznej z biomasy",bazakonk,https://bazakonkurencyjnosci.funduszeeuropejskie.gov.pl/ogloszenia/282158
2026-06-18,"Wirtualna Polska Media S.A.",firma_prywatna,wdrozenie_ai,1,"Opracowanie bezpiecznej warstwy AI dla hybrydowego procesu obsługi klienta omnichannel w usługach turystycznych",bazakonk,https://bazakonkurencyjnosci.funduszeeuropejskie.gov.pl/ogloszenia/282031
2026-06-18,"WSPÓLNOTA MIESZKANIOWA PRZY UL. ARMII KRAJOWEJ NR 23 W ŻAROWIE",inne,inne,0,"Renowacja zwiększająca efektywność energetyczną budynku wspólnoty WSPÓLNOTA MIESZKANIOWA PRZY UL. ARMII KRAJOWEJ NR 23 W ŻAROWIE",bazakonk,https://bazakonkurencyjnosci.funduszeeuropejskie.gov.pl/ogloszenia/282064
2026-06-18,"WSPÓLNOTA MIESZKANIOWA PRZY UL. WROCŁAWSKIEJ NR 12 W PSZENNIE",inne,inne,0,"Renowacja zwiększająca efektywność energetyczną budynku mieszkalnego przy ul. Wrocławskiej 12 w Pszennie",bazakonk,https://bazakonkurencyjnosci.funduszeeuropejskie.gov.pl/ogloszenia/282088
2026-06-18,"Wyższa Szkoła Planowania Strategicznego w Dąbrowie Górniczej",oswiata,szkolenie,0,"„Strategiczna Doskonałość Dydaktyczna – podnoszenie jakości kształcenia w Wyższej Szkole Planowania Strategicznego”",bazakonk,https://bazakonkurencyjnosci.funduszeeuropejskie.gov.pl/ogloszenia/282041
2026-06-18,"Zakład Produkcji i Handlu „AGROPART” s.c. Rafał Kilian, Wiesław Kilian",firma_prywatna,inne,0,"ZAPYTANIE OFERTOWE nr 3/FEPW_1.2/2026",bazakonk,https://bazakonkurencyjnosci.funduszeeuropejskie.gov.pl/ogloszenia/282046
2026-06-18,"Zakład Produkcji i Handlu „AGROPART” s.c. Rafał Kilian, Wiesław Kilian",firma_prywatna,inne,0,"ZAPYTANIE OFERTOWE nr 4/FEPW_1.2/2026",bazakonk,https://bazakonkurencyjnosci.funduszeeuropejskie.gov.pl/ogloszenia/282175
2026-06-18,"Zakład Wodociągów i Kanalizacji Sp. z o.o.",spolka_komunalna,sprzet_it,0,"Dostawa, instalacja i wdrożenie infrastruktury serwerowej, pamięci masowej, sieciowej i zasilania awaryjnego dla systemów IT Zakładu Wodociągów i Kanalizacji Sp. z o.o. w Żarach",bazakonk,https://bazakonkurencyjnosci.funduszeeuropejskie.gov.pl/ogloszenia/281086
2026-06-17,"""MATEX-BUD"" Mateusz Madej",firma_prywatna,inne,0,"Ekologiczne Innowacje w Przemyśle Budowlanym",bazakonk,https://bazakonkurencyjnosci.funduszeeuropejskie.gov.pl/ogloszenia/279947
2026-06-17,"BORIMEX ZK Spółka z ograniczoną odpowiedzialnością",firma_prywatna,sprzet_it,0,"Elementy modeli funkcjonalnych (części do zamontowania). Zestaw podzespołów systemu autonomii. Etap 2. ZAPYTANIE OFERTOWE NR T8/BORIMEX/SMART/2026 w ramach projektu nr FENG.01.01-IP.02-0740/23 pt. „Autonomiczna platforma terenowa”",bazakonk,https://bazakonkurencyjnosci.funduszeeuropejskie.gov.pl/ogloszenia/281932
2026-06-17,"Centrum Rozwoju Społeczno-Ekonomicznego",ngo,szkolenie,0,"ZAPYTANIE OFERTOWE nr 22/2026/MI/SZK dotyczące realizacji szkolenia „Kurs krawiecki I stopnia” (w tym zapewnienie kadry trenerskiej, materiałów szkoleniowych, sal szkoleniowych, ubezpieczenia NNW oraz egzaminu) – część A, usługi cateringowej podczas usługi szkoleniowej – część B dla uczestników projektu „Most Integracji – Podkarpackie Centrum Wsparcia OPT”, prowadzone w oparciu o zasadę konkurencyjności.",bazakonk,https://bazakonkurencyjnosci.funduszeeuropejskie.gov.pl/ogloszenia/281951
2026-06-17,"Fundacja Na Rzecz Programu Wczesnego Rozpoznawania Chorób Nowotworowych U Kobiet Godula-Hope",szpital_zdrowie,sprzet_it,0,"Zwiększenie jakości i dostępności świadczeń medycznych realizowanych przez Fundację ""Godula Hope"" poprzez zakup, dostawę i uruchomienie aparatu USG oraz przeprowadzenie szkoleń dla personelu medycznego.",bazakonk,https://bazakonkurencyjnosci.funduszeeuropejskie.gov.pl/ogloszenia/251101
2026-06-17,"Fundacja Wspierania Rozwoju Społecznego Leonardo",ngo,inne,0,"Świadczenie usług wsparcia społecznego przez terapeutę/terapeutkę (w tym terapeutę zajęciowego/terapeutkę zajęciową) polegających na prowadzeniu warsztatów artystycznych dla uczestników projektu – osób z zaburzeniami psychicznymi oraz osób z ich otoczenia.",bazakonk,https://bazakonkurencyjnosci.funduszeeuropejskie.gov.pl/ogloszenia/281981
2026-06-17,"GEOPRODUCT BBG Sp. z o.o",firma_prywatna,inne,0,"Wykonanie projektu oraz Wykonanie instalacji fotowoltaicznej – 1 kpl.",bazakonk,https://bazakonkurencyjnosci.funduszeeuropejskie.gov.pl/ogloszenia/281687
2026-06-17,"Gmina Biały Dunajec",samorzad,inne,0,"Utworzenie placówki dziennego wsparcia dla dzieci i młodzieży",bazakonk,https://bazakonkurencyjnosci.funduszeeuropejskie.gov.pl/ogloszenia/281753
2026-06-17,"Gmina Miasto Lębork",samorzad,inne,0,"ODNOWIONY LĘBORK- rewitalizacja obszaru Nowy Świat",bazakonk,https://bazakonkurencyjnosci.funduszeeuropejskie.gov.pl/ogloszenia/281728
2026-06-17,"HERMES RECYCLING Sp. z o.o.",firma_prywatna,inne,0,"Zakup, dostawa, montaż i uruchomienie linii do granulacji z filtrem automatycznym",bazakonk,https://bazakonkurencyjnosci.funduszeeuropejskie.gov.pl/ogloszenia/281905
2026-06-17,"Hydro-Vacuum Spółka Akcyjna",firma_prywatna,oprogramowanie,0,"Zakup 20 dodatkowych licencji systemu ERP",bazakonk,https://bazakonkurencyjnosci.funduszeeuropejskie.gov.pl/ogloszenia/279111
2026-06-17,"MGOPS Koluszki ",samorzad,szkolenie,0,"Nie bądź w tyle - wybierz kompetencje",bazakonk,https://bazakonkurencyjnosci.funduszeeuropejskie.gov.pl/ogloszenia/281973
2026-06-17,"Miasto Nowy Sącz - Centrum Pozyskiwania Funduszy i Przedsiębiorczości",samorzad,szkolenie,0,"Usługa organizacji i przeprowadzenia studiów podyplomowych dla nauczycieli, realizowana w ramach projektu pn. „Zwiększenie jakości edukacji włączającej w sądeckich szkołach” realizowanego przez Miasto Nowy Sącz – Centrum Pozyskiwania Funduszy i Przedsiębiorczości w ramach programu Fundusze Europejskie dla Małopolski 2021-2027 finansowanego z Europejskiego Funduszu Społecznego Plus, Działanie 6.10 Wsparcie kształcenia ogólnego typ A. Edukacja włączająca w szkołach i placówkach systemu oświaty prowadzących kształcenie ogólne.",bazakonk,https://bazakonkurencyjnosci.funduszeeuropejskie.gov.pl/ogloszenia/281872
2026-06-17,"Miasto Stołeczne Warszawa Dzielnica Wola",samorzad,inne,0,"Świadczenie usługi polegającej na opróżnianiu koszy na odpady komunalne w zakresie dróg będących w zarządzie Dzielnicy Wola oraz dostawę koszy – numer postępowania: 39/ZP/26.",ted,https://ted.europa.eu/pl/notice/-/detail/416316-2026
2026-06-17,"Miejskie Wodociągi i Kanalizacja Sp. z o.o.",spolka_komunalna,uslugi_it,0,"CZĘŚĆ II - DOSTAWA I WDROŻENIE ROZWIĄZAŃ TELEINFORMATYCZNYCH W ZAKRESIE SYSTEMU SPORZĄDZANIA KOPII ZAPASOWYCH W RAMACH PROJEKTU PN. ""CYBERBEZPIECZNE WODOCIĄGI W CHODZIEŻY""",bazakonk,https://bazakonkurencyjnosci.funduszeeuropejskie.gov.pl/ogloszenia/281939
2026-06-17,"ORGANIKA-AGRARIUS SPÓŁKA Z OGRANICZONĄ ODPOWIEDZIALNOŚCIĄ",firma_prywatna,oprogramowanie,0,"ZAPYTANIE OFERTOWE NR 1/DSTWNiP/2026 dotyczące dostawy i instalacji oprogramowania do zarządzania produkcją i magazynem, serwera, laptopa i skanera kodów",bazakonk,https://bazakonkurencyjnosci.funduszeeuropejskie.gov.pl/ogloszenia/281394
2026-06-17,"Parafia Rzymsko-Katolicka p.w. św.  Barbary w Starogrodzie",inne,inne,0,"Prace konserwatorsko-remontowe elewacji wieży wschodniej kościoła parafialnego p.w. św. Barbary w Starogrodzie",bazakonk,https://bazakonkurencyjnosci.funduszeeuropejskie.gov.pl/ogloszenia/281559
2026-06-17,"Powiatowe Centrum Pomocy Rodzinie w Mogilnie",samorzad,inne,0,"Rodzina w centrum Etap I",bazakonk,https://bazakonkurencyjnosci.funduszeeuropejskie.gov.pl/ogloszenia/281896
2026-06-17,"PRZEDSIĘBIORSTWO BUDOWLANO - PRODUKCYJNE ""ŁĘGPRZEM"" sp. z o.o.",firma_prywatna,badania_rd,0,"Utworzenie Specjalistycznego Laboratorium Badawczego w obszarze inżynierii materiałowej i automatyzacji procesów produkcyjnych",bazakonk,https://bazakonkurencyjnosci.funduszeeuropejskie.gov.pl/ogloszenia/281926
2026-06-17,"Przedsiębiorstwo Wodociągów i Kanalizacji sp. z o.o.",spolka_komunalna,uslugi_it,0,"Przeprowadzenie audytu certyfikującego SZBI wg normy ISO/IEC 27001 w obszarze usług kluczowych dostarczania wody i odprowadzania ścieków, ze szczególnym uwzględnieniem infrastruktury krytycznej i systemów automatyki przemysłowej realizowanego w ramach grantu „Cyberbezpieczne Wodociągi” – II postępowanie",bazakonk,https://bazakonkurencyjnosci.funduszeeuropejskie.gov.pl/ogloszenia/281880
2026-06-17,"REGIONALNE CENTRUM WSPIERANIA INICJATYW POZARZĄDOWYCH",ngo,inne,0,"Zakup i dostawa części Bonu rozwojowego dla podmiotu Fundacja Działań Rozproszonych w ramach projektu pn. „Wsparcie organizacji społeczeństwa obywatelskiego na Dolnym Śląsku” (nr umowy o dofinansowanie FEDS.07.07-IP.02-0027/24) zapytanie ofertowe nr 14/2026/SO/BONROZWOJOWY",bazakonk,https://bazakonkurencyjnosci.funduszeeuropejskie.gov.pl/ogloszenia/281952
2026-06-17,"T.R.V. SEBASTIAN KOMINIAK",firma_prywatna,inne,0,"Dostawa pojazdu elektrycznego – mobilne zaplecze serwisowe w związku z realizacją projektu pn. „Zwiększenie zdolności produkcyjnych przedsiębiorstwa poprzez rozpoczęcie świadczenia innowacyjnych usług budowlanych na obszarze transformacji województwa łódzkiego”",bazakonk,https://bazakonkurencyjnosci.funduszeeuropejskie.gov.pl/ogloszenia/281977
2026-06-17,"Uniwersyteckie Centrum Kliniczne Warszawskiego Uniwersytetu Medycznego",szpital_zdrowie,sprzet_it,0,"Dostawa odczynników, materiałów kontrolnych, kalibracyjnych, zużywalnych wraz z dzierżawą analizatora hematologicznego (...), DZPUCK.262.109.2026",ted,https://ted.europa.eu/pl/notice/-/detail/415803-2026
2026-06-17,"Uniwersytet Przyrodniczy we Wrocławiu",uczelnia_nauka,inne,0,"Zapytanie ofertowe nr I0DP0000.241.3.2026.Kruche dziedzictwo na realizację usług specjalistycznych tłumaczeń pisemnych, redakcji i korekty w ramach projektu pn. „Kruche dziedzictwo”, nr projektu: PLSN.01.01-IP.01-0003/24, realizowanego w ramach Programu Współpracy Polska-Saksonia 2021- 2027, współfinansowanego ze środków Europejskiego Funduszu Rozwoju Regionalnego",bazakonk,https://bazakonkurencyjnosci.funduszeeuropejskie.gov.pl/ogloszenia/279328
2026-06-17,"Uniwersytet WSB Merito w Gdańsku",uczelnia_nauka,szkolenie,0,"43/2026/WPAU372 Świadczenie usługi edukacyjnej polegającej na realizacji programu rozwojowego z zakresu zarządzania i przywództwa dla kadry kierowniczej UWSB Merito w Gdańsku dla 2 osób.",bazakonk,https://bazakonkurencyjnosci.funduszeeuropejskie.gov.pl/ogloszenia/281923
2026-06-17,"Uniwersytet WSB Merito w Gdańsku",uczelnia_nauka,uslugi_it,0,"Nr 42/2026/DOS71 Dostawa, montaż i wdrożenie wraz z przeszkoleniem pracowników z systemu nawigacji wewnątrzbudynkowej dostosowanej dla osób z niepełnosprawnościami dla UWSB Merito w Gdańsku i Gdyni",bazakonk,https://bazakonkurencyjnosci.funduszeeuropejskie.gov.pl/ogloszenia/281910
2026-06-17,"Województwo Zachodniopomorskie - Urząd Marszałkowski Województwa Zachodniopomorskiego w Szczecinie",samorzad,uslugi_it,0,"Udostępnienie usług Systemu dla Zachodniopomorskiego Zarządu Dróg Wojewódzkich w Koszalinie wraz z integracją z Systemem Regionalnej Infrastruktury Informacji Przestrzennej Województwa Zachodniopomorskiego oraz systemami powiatowych zarządów dróg, udostępnieniem e-usług i aktualizacją ewidencji dróg wojewódzkich",ted,https://ted.europa.eu/pl/notice/-/detail/416720-2026
2026-06-17,"Związek Centralny Dzieła Kolpinga w Polsce",ngo,szkolenie,0,"Zapewnienie sali szkoleniowej i wyżywienia dla uczestników trzech jednodniowych szkoleń w Dobroszycach w woj. dolnośląskim w terminach 28.06.2026 r., 9.07.2026 r., 12.07.2026 r.",bazakonk,https://bazakonkurencyjnosci.funduszeeuropejskie.gov.pl/ogloszenia/281985
2026-06-16,Array,firma_prywatna,inne,0,"ZAPYTANIE OFERTOWE nr 1/FENG/2026",bazakonk,https://bazakonkurencyjnosci.funduszeeuropejskie.gov.pl/ogloszenia/281733
2026-06-16,"Biebrzański Park Narodowy",samorzad,inne,0,"Dostawa fabrycznie nowego samochodu osobowego patrolowo-gaśniczego typu PICK-UP z napędem 4x4 do Biebrzańskiego Parku Narodowego",ted,https://ted.europa.eu/pl/notice/-/detail/413373-2026
2026-06-16,"Centrum Usług Społecznych",samorzad,inne,0,"Utworzenie Centrum Usług Społecznych w Witnicy „Razem możeMY więcej”.",bazakonk,https://bazakonkurencyjnosci.funduszeeuropejskie.gov.pl/ogloszenia/281658
2026-06-16,"ECOMODIT Sp. z o.o.",firma_prywatna,wdrozenie_ai,0,"Opracowanie i wdrożenie na rynek platformy automatyzującej ocenę efektywności energetycznej budynków",bazakonk,https://bazakonkurencyjnosci.funduszeeuropejskie.gov.pl/ogloszenia/281691
2026-06-16,"EURO OPONY SPÓŁKA Z OGRANICZONĄ ODPOWIEDZIALNOŚCIĄ",firma_prywatna,inne,0,"Transformacja modelu działalności EURO OPONY Sp. z o.o. w kierunku GOZ poprzez optymalizację procesów regeneracji opon",bazakonk,https://bazakonkurencyjnosci.funduszeeuropejskie.gov.pl/ogloszenia/281827
2026-06-16,"Fundacja Zwierzogród",ngo,inne,0,"Zwierzogród dla Pomorza Zachodniego",bazakonk,https://bazakonkurencyjnosci.funduszeeuropejskie.gov.pl/ogloszenia/280967
2026-06-16,"Grzegorz Łukasiewicz - Pełnomocnik ",firma_prywatna,inne,0,"Różnicowanie działalności gospodarczej armatora PUC-1",bazakonk,https://bazakonkurencyjnosci.funduszeeuropejskie.gov.pl/ogloszenia/281861
2026-06-16,"HYDROSPRZĘT KUKLA Spółka Jawna",firma_prywatna,inne,0,"Zapytanie ofertowe i specyfikacja (dalej ZiS) dotyczące wyłonienia dostawcy i wykonawcy instalacji gazów technicznych, na którego realizację Zamawiający otrzymał dofinansowanie w ramach Programu Fundusze Europejskie dla Nowoczesnej Gospodarki; Priorytet Wsparcie dla przedsiębiorców, Działanie Ścieżka SMART.",bazakonk,https://bazakonkurencyjnosci.funduszeeuropejskie.gov.pl/ogloszenia/279442
2026-06-16,"INGLOT SPÓŁKA Z OGRANICZONĄ ODPOWIEDZIALNOŚCIĄ",firma_prywatna,inne,0,"ZAPYTANIE OFERTOWE nr 3/2026 z dnia 15 czerwca 2026 r. na zakup i montaż instalacji fotowoltaicznej",bazakonk,https://bazakonkurencyjnosci.funduszeeuropejskie.gov.pl/ogloszenia/281690
2026-06-16,"Miejskie Przesiębiorstwo Energetyki Cieplnej  Spółka z o.o.",spolka_komunalna,inne,0,"Rozwój Kieleckiego Klastra Energii, inwestycja B.2.2.2, działanie A.1.a, etap II finansowanego w ramach Krajowego Planu Odbudowy i Zwiększania Odporności.",bazakonk,https://bazakonkurencyjnosci.funduszeeuropejskie.gov.pl/ogloszenia/281828
2026-06-16,"NZOZ Zdrowie Rogów Sp. z o.o.",szpital_zdrowie,inne,0,"Poprawa dostępności do usług diagnostycznych dla pacjentów w NZOZ Zdrowie w Rogowie poprzez inwestycje w infrastrukturę zdrowia.",bazakonk,https://bazakonkurencyjnosci.funduszeeuropejskie.gov.pl/ogloszenia/281809
2026-06-16,"Ośrodek Promowania i Wspierania Przedsiębiorczości Rolnej w Sandomierzu",ngo,inne,0,"ZAPYTANIE OFERTOWE NR 17/01.05/NRiPRS/2025 z dnia 17 czerwca 2026 r. w projekcie „Nowoczesne rolnictwo i przetwórstwo rolno-spożywcze szansą na rozwój MŚP w regionie” współfinansowanego z Europejskiego Funduszu Rozwoju Regionalnego w ramach działania 1.5 „Zwiększenie potencjału MŚP i rozwój regionalnego ekosystemu innowacji” Priorytet 1 „Fundusze europejskie dla konkurencyjne gospodarki” Programu Fundusze Europejskie dla Świętokrzyskiego 2021-2027 Ośrodek Promowania Przedsiębiorczości realizując projekt pn. „Nowoczesne rolnictwo i przetwórstwo rolno-spożywcze szansą na rozw",bazakonk,https://bazakonkurencyjnosci.funduszeeuropejskie.gov.pl/ogloszenia/281860
2026-06-16,"Państwowe Gospodarstwo Wodne Wody Polskie",administracja_centralna,inne,0,"Obsługa Geodezyjna Inwestycji pn. „Modernizacja stopnia wodnego Ujście Nysy”",ted,https://ted.europa.eu/pl/notice/-/detail/412235-2026
2026-06-16,"POLIGRAFIA FABISIAK Sp. z o. o.",firma_prywatna,inne,0,"Dostawa, montaż i uruchomienie sześciokolorowej offsetowej maszyny arkuszowej",bazakonk,https://bazakonkurencyjnosci.funduszeeuropejskie.gov.pl/ogloszenia/281822
2026-06-16,"Politechnika Lubelska",uczelnia_nauka,sprzet_it,0,"Dostawa komputerów mobilnych do „Laboratorium sztucznej Inteligencji” w ramach projektu „POLLUB z nami nowoczesne technologie”",ted,https://ted.europa.eu/pl/notice/-/detail/411980-2026
2026-06-16,"Politechnika Śląska",uczelnia_nauka,inne,0,"Ubezpieczenia mienia, OC, komunikacyjne oraz lotnicze. Znak sprawy: DZPZ.283.32.2026.TB.",ted,https://ted.europa.eu/pl/notice/-/detail/411432-2026
2026-06-16,"Pomorska Specjalna Strefa Ekonomiczna Sp. z o. o. ",samorzad,uslugi_it,0,"Realizacja kampanii marketingowej online dla projektu Pomeranian Digital Innovation Hub (PDIH) finansowanego z Programu Operacyjnego Funduszy Europejskich dla Nowoczesnej Gospodarki 2021-2027 Działanie 2.22 Współfinansowanie działań EDIH oraz z Digital Europe Programme (DIGITAL) DIGITAL-2021-EDIH-01-INITIAL Initial Network of European Digital Innovation Hub",bazakonk,https://bazakonkurencyjnosci.funduszeeuropejskie.gov.pl/ogloszenia/280899
2026-06-16,"Powiat Hajnowski",samorzad,inne,0,"Zakup, dostawa i montaż leśnego placu zabaw oraz ścieżki sensorycznej",bazakonk,https://bazakonkurencyjnosci.funduszeeuropejskie.gov.pl/ogloszenia/281804
2026-06-16,"PROINTEGRA SA",firma_prywatna,wdrozenie_ai,1,"Radiolog AI",bazakonk,https://bazakonkurencyjnosci.funduszeeuropejskie.gov.pl/ogloszenia/281514
2026-06-16,"SKYINSPECTION SPÓŁKA Z OGRANICZONĄ ODPOWIEDZIALNOŚCIĄ",firma_prywatna,wdrozenie_ai,1,"Usługi AI Specialist dla projektu Skyinspection Predict",bazakonk,https://bazakonkurencyjnosci.funduszeeuropejskie.gov.pl/ogloszenia/281741
2026-06-16,"Szpital Powiatowy im. Prałata J. Glowatzkiego",szpital_zdrowie,uslugi_it,0,"Dostawa systemów zarządzania bezpieczeństwem, usługi zarządzanego centrum operacyjnego cyberbezpieczeństwa i specjalistyczne szkolenia z cyberbezpieczeństwa",ted,https://ted.europa.eu/pl/notice/-/detail/410696-2026
2026-06-16,"Szymon Bałazy SB GRANIT",firma_prywatna,inne,0,"ZAPYTANIE OFERTOWE NR 4 / 2026",bazakonk,https://bazakonkurencyjnosci.funduszeeuropejskie.gov.pl/ogloszenia/281803
2026-06-16,"Uniwersyteckie Centrum Kliniczne Warszawskiego Uniwersytetu Medycznego",szpital_zdrowie,inne,0,"Zakup i dostawa radiofarmaceutycznych produktów leczniczych stosowanych w ramach programu lekowego i poza programem oraz wyrobów medycznych",ted,https://ted.europa.eu/pl/notice/-/detail/411363-2026
2026-06-16,"Uniwersytet Rzeszowski",uczelnia_nauka,sprzet_it,0,"Sprzedaż i dostawa fabrycznie nowego, nieużywanego sprzętu komputerowego dla jednostek organizacyjnych Uniwersytetu Rzeszowskiego.",ted,https://ted.europa.eu/pl/notice/-/detail/411957-2026
2026-06-16,"Wojewódzki Urząd Pracy w Białymstoku",administracja_centralna,szkolenie,0,"Postępowanie na usługę organizacji i przeprowadzenia szkoleń w ramach projektu pt. „Wsparcie PSZ województwa podlaskiego w świadczeniu usług w ramach sieci EURES”",bazakonk,https://bazakonkurencyjnosci.funduszeeuropejskie.gov.pl/ogloszenia/281116
2026-06-16,"Zakład Doskonalenia Zawodowego",oswiata,szkolenie,0,"RAMIĘ W RAMIĘ. Edukacja włączająca 8 placówek sytemu oświaty Gminy Słupca i Gminy Ostrowite",bazakonk,https://bazakonkurencyjnosci.funduszeeuropejskie.gov.pl/ogloszenia/281802
2026-06-15,"Battery Partners Sp. z o.o.",firma_prywatna,wdrozenie_ai,1,"Opracowanie zautomatyzowanego procesu oraz linii technologicznej do demontażu i odzyskiwania ogniw Li-ion z zastosowaniem detekcji optycznej wykorzystującej algorytmy sztucznej inteligencji",bazakonk,https://bazakonkurencyjnosci.funduszeeuropejskie.gov.pl/ogloszenia/281590
2026-06-15,"Elda Spółka z ograniczoną odpowiedzialnością",firma_prywatna,inne,0,"Wzrost efektywności energetycznej w ""ELDA"" SPÓŁKA Z OGRANICZONĄ ODPOWIEDZIALNOŚCIĄ.",bazakonk,https://bazakonkurencyjnosci.funduszeeuropejskie.gov.pl/ogloszenia/281695
2026-06-15,"IBG INSTALBUD Sp. z o.o.",firma_prywatna,inne,0,"Dostawa i montaż instalacji fotowoltaicznej o mocy 27kWp na dachu budynku przy ul. Fabrycznej 61, 05-270 Marki",bazakonk,https://bazakonkurencyjnosci.funduszeeuropejskie.gov.pl/ogloszenia/281239
2026-06-15,"INSTYTUT FIZYKI JĄDROWEJ IM. HENRYKA NIEWODNICZAŃSKIEGO POLSKIEJ AKADEMII NAUK",uczelnia_nauka,inne,0,"Dostawa spektrometru XRF z wyposażeniem dla IFJ PAN w Krakowie (DZP.260.12.2026)",ted,https://ted.europa.eu/pl/notice/-/detail/406255-2026
2026-06-15,"Państwowe Gospodarstwo Wodne Wody Polskie",administracja_centralna,inne,0,"Kontrola okresowa budowli hydrotechnicznych wynikające z ustawy Prawo budowlane na terenie działania ZZ Ostrołęka",ted,https://ted.europa.eu/pl/notice/-/detail/409570-2026
2026-06-15,"Państwowe Gospodarstwo Wodne Wody Polskie",administracja_centralna,inne,0,"Polska – Sprzęt kuchenny, artykuły gospodarstwa domowego i artykuły domowe oraz artykuły cateringowe – Dostawa artykułów gospodarczych na potrzeby RZGW w Białymstoku i jednostek podległych",ted,https://ted.europa.eu/pl/notice/-/detail/407084-2026
2026-06-15,"Politechnika Śląska",uczelnia_nauka,inne,0,"Dostawa i montaż mebli laboratoryjnych oraz dygestoriów do Wydziału Chemicznego Politechniki Śląskiej. Znak sprawy:DZPZ.282.45.2026.AG",ted,https://ted.europa.eu/pl/notice/-/detail/406776-2026
2026-06-15,"Politechnika Śląska",uczelnia_nauka,inne,0,"Dostawa sof oraz stolików kawowych. Znak sprawy: DZPZ.282.43.2026.MW",ted,https://ted.europa.eu/pl/notice/-/detail/409728-2026
2026-06-15,"Politechnika Śląska",uczelnia_nauka,inne,0,"Stanowisko do badań systemów doprowadzających. Znak sprawy: DZPZ.282.37.2026.AL",ted,https://ted.europa.eu/pl/notice/-/detail/406635-2026
2026-06-15,"Polskie Porty Lotnicze S.A.",administracja_centralna,inne,0,"Polska – Usługi dostarczania posiłków do przedsiębiorstw transportowych – Usługi dostarczania cateringu i dostawa artykułów spożywczych do Salonów Preludium, Etiuda i Fantazja oraz Strefy VIP Line znajdujących się na Lotnisku Chopina w Warszawie",ted,https://ted.europa.eu/pl/notice/-/detail/409616-2026
2026-06-15,"SFD S.A.",firma_prywatna,badania_rd,0,"Zakup usług badawczych w zakresie opracowania metod syntezy i optymalizacji struktury innowacyjnych nośników białkowych",bazakonk,https://bazakonkurencyjnosci.funduszeeuropejskie.gov.pl/ogloszenia/281474
2026-06-15,"SOLAR HELIOS SPÓŁKA Z OGRANICZONĄ ODPOWIEDZIALNOŚCIĄ",firma_prywatna,inne,0,"Rozwój lokalnych usług OZE firmy Solar Helios na rzecz przedsiębiorstw i mieszkańców Północnych Kaszub",bazakonk,https://bazakonkurencyjnosci.funduszeeuropejskie.gov.pl/ogloszenia/281692
2026-06-15,"WIRPLAST - WIĘCEK SPÓŁKA JAWNA",firma_prywatna,inne,0,"Zaprojektowanie, wykonanie i dostawa do miejsca realizacji projektu fabrycznie nowych form pod klucz do produkcji elementów z tworzyw sztucznych wraz z uruchomieniem oraz szkoleniem personelu Zamawiającego z obsługi.",bazakonk,https://bazakonkurencyjnosci.funduszeeuropejskie.gov.pl/ogloszenia/281448
2026-06-15,"Wodociągi i Kanalizacja spółka z ograniczoną odpowiedzialnością",spolka_komunalna,uslugi_it,0,"Wdrożenie zintegrowanej architektury odporności IT i OT wraz z przygotowaniem kompetencyjnym i organizacyjnym Zamawiającego na cyberataki.",bazakonk,https://bazakonkurencyjnosci.funduszeeuropejskie.gov.pl/ogloszenia/281663
2026-06-15,"Wodociągi Kłodzkie Sp. z o.o.",spolka_komunalna,inne,0,"Usługa polegająca na pełnieniu funkcji nadzoru inwestorskiego dla Projektu pn. ""Odbudowa po powodzi infrastruktury ściekowej w Kłodzku.""",bazakonk,https://bazakonkurencyjnosci.funduszeeuropejskie.gov.pl/ogloszenia/281428
2026-06-15,"Zakład Produkcji Spożywczej „Betex”",firma_prywatna,inne,0,"Modernizacja kotłowni polegająca na dostawie wraz z kompletnym osprzętem technologicznym i dokumentacją, montażem i uruchomieniem kotła parowego oraz kotła wodnego",bazakonk,https://bazakonkurencyjnosci.funduszeeuropejskie.gov.pl/ogloszenia/281090
2026-06-14,"AQUAEL spółka z ograniczoną odpowiedzialnością",firma_prywatna,inne,0,"Kompleksowe wykonanie instalacji fotowoltaicznej AQUAEL o mocy 785,88 kWp wraz z infrastrukturą towarzyszącą",bazakonk,https://bazakonkurencyjnosci.funduszeeuropejskie.gov.pl/ogloszenia/281545
2026-06-12,"ENEA Operator Sp. z o.o.",spolka_komunalna,sprzet_it,0,"Dostawa szaf/złączy kablowych i szaf/złączy kablowo-pomiarowych nn w celach inwestycyjnych eksploatacyjno-awaryjnych dla potrzeb ENEA Operator sp. z o.o. w latach 2026–2028 - podział na 6 zadań",ted,https://ted.europa.eu/pl/notice/-/detail/403272-2026
2026-06-12,"Gmina Miasto Rzeszów - Urząd Miasta Rzeszowa",samorzad,uslugi_it,0,"Rozbudowa SOSRD o udostępnianie w czasie rzeczywistym danych o natężeniu ruchu wraz z ich klasyfikacją",ted,https://ted.europa.eu/pl/notice/-/detail/404657-2026
2026-06-12,"Grzegorz Łukasiewicz - Pełnomocnik",firma_prywatna,inne,0,"Różnicowanie działalności armatora statku PUC-37",bazakonk,https://bazakonkurencyjnosci.funduszeeuropejskie.gov.pl/ogloszenia/281513
2026-06-12,"Instytut ""Pomnik-Centrum Zdrowia Dziecka""",szpital_zdrowie,inne,0,"ZP/CZD/067/26 Dostawa zestawów zastawkowych i elementów wyposażenia układów drenujących stosowanych przy leczeniu wodogłowia u dzieci – 14 pakietów",ted,https://ted.europa.eu/pl/notice/-/detail/403177-2026
2026-06-12,"KMB Catalyst sp z o.o.",firma_prywatna,inne,0,"Katalizatory spalania dla kotłów: pyłowych, rusztowych i fluidalnych.",bazakonk,https://bazakonkurencyjnosci.funduszeeuropejskie.gov.pl/ogloszenia/271784
2026-06-12,"Ośrodek Przetwarzania Informacji – Państwowy Instytut Badawczy",administracja_centralna,oprogramowanie,0,"Dostawa, przedłużenie, aktualizacja oraz wsparcie dla licencji użytkowanych w OPI PIB (II tura)",ted,https://ted.europa.eu/pl/notice/-/detail/404353-2026
2026-06-12,"Państwowe Gospodarstwo Wodne Wody Polskie",administracja_centralna,inne,0,"Wykonanie kontroli okresowych rocznych stanu technicznego budowli hydrotechnicznych na terenie Nadzoru Wodnego w Chełmie",ted,https://ted.europa.eu/pl/notice/-/detail/403027-2026
2026-06-12,"Regionalny Szpital Specjalistyczny im. dr Władysława Biegańskiego",szpital_zdrowie,wdrozenie_ai,1,"Zakup rozwiązań sztucznej inteligencji (AI) wspierających procesy medyczne i zarządcze w Szpitalu - znak sprawy: Z/68/PN/26",ted,https://ted.europa.eu/pl/notice/-/detail/405125-2026
2026-06-12,"Uniwersytet w Białymstoku",uczelnia_nauka,sprzet_it,1,"Dostawa serwera na potrzeby sztucznej inteligencji dla Uniwersytetu w Białymstoku",ted,https://ted.europa.eu/pl/notice/-/detail/402713-2026
2026-06-12,"Wodociągi Podlaskie Sp. z o.o.",spolka_komunalna,uslugi_it,0,"Zakup, wdrożenie i konfiguracja rozwiązań z zakresu cyberbezpieczeństwa infrastruktury IT/OT",bazakonk,https://bazakonkurencyjnosci.funduszeeuropejskie.gov.pl/ogloszenia/281373
2026-06-12,"Wspólnota mieszkaniowa przy ul. Sportowej 2A, 2B, 2C w Suchaniu",inne,inne,0,"Modernizacja instalacji grzewczej poprzez wymianę 1 kotła na węgiel na pompę ciepła w lokalu mieszkalnym budynku Wspólnoty Mieszkaniowej przy ulicy Sportowej 2A, 2B, 2C w Suchaniu.",bazakonk,https://bazakonkurencyjnosci.funduszeeuropejskie.gov.pl/ogloszenia/280019
2026-06-12,"Zakład Inżynierii Miejskiej Sp. z o.o. w Mikołowie",spolka_komunalna,uslugi_it,0,"Dostawa, wdrożenie, konfiguracja oraz uruchomienie systemu backupu i disaster recovery wraz z zapewnieniem wsparcia serwisowego - C3.1.1. Konkurs Grantowy - Cyberbezpieczne Wodociągi, współfinansowanego przez Unię Europejską w ramach programu Krajowy Plan Odbudowy i Zwiększania Odporności.",bazakonk,https://bazakonkurencyjnosci.funduszeeuropejskie.gov.pl/ogloszenia/281424
2026-06-12,"Zakład Inżynierii Miejskiej Sp. z o.o. w Mikołowie",spolka_komunalna,uslugi_it,0,"Zakup, dostarczenie, wdrożenie, konfiguracja oraz uruchomienie w środowisku informatycznym Zamawiającego zintegrowanego systemu przeciwdziałania cyberzagrożeniom (SOC), wraz z zapewnieniem wsparcia serwisowego. C3.1.1. Konkurs Grantowy - Cyberbezpieczne Wodociągi, współfinansowanego przez Unię Europejską w ramach programu Krajowy Plan Odbudowy i Zwiększania Odporności.",bazakonk,https://bazakonkurencyjnosci.funduszeeuropejskie.gov.pl/ogloszenia/281409
2026-06-12,"Zarząd i Obrót Nieruchomościami AGORA Iwona Wiśniowska",firma_prywatna,inne,0,"Termomodernizacja budynku mieszkalnego przy ulicy Ofiar Oświęcimskich 49 w Świdnicy",bazakonk,https://bazakonkurencyjnosci.funduszeeuropejskie.gov.pl/ogloszenia/281389
2026-06-11,"Centrum e-Zdrowia",administracja_centralna,wdrozenie_ai,1,"Dostawa, wdrożenie oraz utrzymanie Modeli Sztucznej Inteligencji (SI) analizujących dane obrazowe (DICOM) i dostarczających wyniki działania wraz z integracją z Platformą Usług Inteligentnych (PUI) oraz przeprowadzeniem instruktaży stanowiskowych i wsparciem użytkowników w zakresie możliwości wykorzystania dostarczanych Modeli SI w ramach projektu “e-Zdrowie KPO”",ted,https://ted.europa.eu/pl/notice/-/detail/400720-2026
2026-06-11,"CHEMIPACK-SPÓŁKA Z OGRANICZONĄ ODPOWIEDZIALNOŚCIĄ",firma_prywatna,inne,0,"Nabycie automatycznej linii wytwarzania pojemników – 1 komplet",bazakonk,https://bazakonkurencyjnosci.funduszeeuropejskie.gov.pl/ogloszenia/277804
2026-06-11,"Dolnośląskie Centrum Medyczne Dolmed S.A.",szpital_zdrowie,inne,0,"DOSTAWA ODCZYNNIKÓW DO DIAGNOSTYKI INFEKCJI WRAZ ZE SPRZĘTOWYM ZABEZPIECZENIEM AUTOMATYCZNEGO WYKONYWANIA BADAŃ",ted,https://ted.europa.eu/pl/notice/-/detail/402605-2026
2026-06-11,"ENEA Operator Sp. z o.o.",spolka_komunalna,inne,0,"Dostawa wkładek bezpiecznikowych nn dla potrzeb ENEA Operator Sp. z o.o.",ted,https://ted.europa.eu/pl/notice/-/detail/399481-2026
2026-06-11,"Gmina Czempiń",samorzad,inne,0,"Rozwój infrastruktury rekreacyjno-sportowej na terenie Gminy Czempiń",bazakonk,https://bazakonkurencyjnosci.funduszeeuropejskie.gov.pl/ogloszenia/281278
2026-06-11,"GMINNA GOSPODARKA KOMUNALNA DOBROSZYCE SP. Z O.O.",spolka_komunalna,uslugi_it,0,"Dostawa sprzętu i oprogramowania, wdrożenie systemów wraz z instalacją urządzeń w Gminnej Gospodarce Komunalnej Dobroszyce Sp. z o.o.",bazakonk,https://bazakonkurencyjnosci.funduszeeuropejskie.gov.pl/ogloszenia/279701
2026-06-11,"Instytut ""Pomnik-Centrum Zdrowia Dziecka""",szpital_zdrowie,badania_rd,0,"rozwojowe – ZP/CZD/063/26 Usługa opracowania i wytworzenia placebo, przygotowania pełnej dokumentacji placebo oraz przepakowania, etykietowania i zwolnienia produktu leczniczego Revatio 10 mg/ml lub równoważnego oraz placebo do stosowania w niekomercyjnym badaniu klinicznym MITBRAIN (...)",ted,https://ted.europa.eu/pl/notice/-/detail/401252-2026
2026-06-11,"INTRAK Sp. z o.o.                                                                                  ",firma_prywatna,inne,0,"Zapytanie ofertowe nr 2/2026/SMART/INTRAK na dostawę, instalację oraz uruchomienie programowalnej linii do cięcia i odizolowywania przewodów, tj. zautomatyzowanej linii produkcyjnej do obróbki przewodów i produkcji wiązek kablowych w ramach Programu Fundusze Europejskie dla Nowoczesnej Gospodarki Priorytet I. Wsparcie dla przedsiębiorców Działanie Ścieżka SMART",bazakonk,https://bazakonkurencyjnosci.funduszeeuropejskie.gov.pl/ogloszenia/281316
2026-06-11,"Kancelaria Sejmu",administracja_centralna,sprzet_it,0,"Rozbudowa i modernizacja systemów sieci wewnętrznej- zakup serwerów",ted,https://ted.europa.eu/pl/notice/-/detail/402258-2026
2026-06-11,"Politechnika Śląska",uczelnia_nauka,inne,0,"Dostawa i montaż mebli laboratoryjnych oraz dygestoriów do Wydziału Chemicznego Politechniki Śląskiej, znak sprawy: DZPZ.282.41.2026.AP",ted,https://ted.europa.eu/pl/notice/-/detail/401711-2026
2026-06-11,"Uniwersytet im. Adama Mickiewicza w Poznaniu",uczelnia_nauka,sprzet_it,1,"ZP3/7831/26 - Rozbudowa klastra obliczeniowego na potrzeby Centrum Sztucznej Inteligencji UAM – przedmiot zamówienia został podzielona na 3 części",ted,https://ted.europa.eu/pl/notice/-/detail/400748-2026
2026-06-11,"Zakład Wodociągów i Kanalizacji Sp. z o .o.",spolka_komunalna,uslugi_it,0,"Dostawa i wdrożenie urządzeń, oprogramowania, Systemu Zarządzania Bezpieczeństwem Informacji i szkoleń w celu podniesienia poziomu cyberbezpieczeństwa w Zakładzie Wodociągów i Kanalizacji sp. z o.o. w Łapach w ramach realizacji projektu grantowego „Cyberbezpieczne Wodociągi""",bazakonk,https://bazakonkurencyjnosci.funduszeeuropejskie.gov.pl/ogloszenia/281263
2026-06-10,"""Wodociągi Kieleckie"" Sp. z o.o.",spolka_komunalna,uslugi_it,0,"Dostawa, wdrożenie i uruchomienie oprogramowania dla potrzeb cyberbezpieczeństwa",bazakonk,https://bazakonkurencyjnosci.funduszeeuropejskie.gov.pl/ogloszenia/281028
2026-06-10,"Centrum Obsługi Edukacji w Michałowicach",oswiata,szkolenie,0,"Realizacja szkoleń oraz mentoringu/superwizji dla nauczycieli w ramach projektu ""Szkoła otwarta na edukację włączającą""",bazakonk,https://bazakonkurencyjnosci.funduszeeuropejskie.gov.pl/ogloszenia/281099
2026-06-10,"Państwowe Gospodarstwo Wodne Wody Polskie",administracja_centralna,inne,0,"Dostawa artykułów gospodarczych na potrzeby Państwowego Gospodarstwa Wodnego Wody Polskie - Regionalny Zarząd Gospodarki Wodnej w Rzeszowie",ted,https://ted.europa.eu/pl/notice/-/detail/395868-2026
2026-06-10,"Polski Związek Głuchych ",ngo,sprzet_it,0,"Zapytanie ofertowe nr 36/CK/2026 Serwer NAS",bazakonk,https://bazakonkurencyjnosci.funduszeeuropejskie.gov.pl/ogloszenia/278841
2026-06-10,"Uniwersytet Rzeszowski",uczelnia_nauka,inne,0,"Polska – Sprzęt laboratoryjny, optyczny i precyzyjny (z wyjątkiem szklanego) – Sprzedaż i dostawa zamrażarki niskotemperaturowej do Laboratorium Chemii Organicznej Wydziału Medycznego UR",ted,https://ted.europa.eu/pl/notice/-/detail/396104-2026
2026-06-10,"Warszawski Uniwersytet Medyczny",uczelnia_nauka,inne,0,"Polska – Sprzęt laboratoryjny, optyczny i precyzyjny (z wyjątkiem szklanego) – Dostawa urządzeń ogólnolaboratoryjnych w podziale na pakiety",ted,https://ted.europa.eu/pl/notice/-/detail/396941-2026
2026-06-10,"Zarząd i Obrót Nieruchomościami AGORA Iwona Wiśniowska",firma_prywatna,inne,0,"Termomodernizację zabytkowej nieruchomości mieszkalnej Wspólnoty Mieszkaniowej przy ul. Grodzkiej 16-18 w Świdnicy",bazakonk,https://bazakonkurencyjnosci.funduszeeuropejskie.gov.pl/ogloszenia/281096
2026-06-09,"Państwowe Gospodarstwo Wodne Wody Polskie",spolka_komunalna,inne,0,"Przegląd 5-letni hydrozespołu - Elektrownia Wodna Klimkówka",ted,https://ted.europa.eu/pl/notice/-/detail/395205-2026
2026-06-09,"Samodzielny Publiczny Wojewódzki Szpital Chirurgii Urazowej im. dr. Janusza Daaba w Piekarach Śląskich",szpital_zdrowie,inne,0,"LEKI PRZECIWBÓLOWE",ted,https://ted.europa.eu/pl/notice/-/detail/392587-2026
2026-06-09,"Szpital Św. Anny w Miechowie",szpital_zdrowie,wdrozenie_ai,1,"Cyfrowa transformacja Szpitala św. Anny w Miechowie obejmująca rozwój i integrację systemów IT, cyfryzację dokumentacji medycznej, wzmocnienie cyberbezpieczeństwa oraz wdrożenie rozwiązań AI – cześć II",ted,https://ted.europa.eu/pl/notice/-/detail/393829-2026
2026-06-08,"""GÓRNOŚLĄSKO - ZAGŁĘBIOWSKA METROPOLIA""",samorzad,inne,0,"Zakup autobusów elektrycznych i ładowarek w ramach realizacji projektów pn. „Zrównoważona, inteligentna mobilność – kluczem do transformacji regionu – Etap 1 oraz Etap 2"".",ted,https://ted.europa.eu/pl/notice/-/detail/389685-2026
2026-06-08,"""PANORAMA"" s.c. Leszek i Maria Staleńczyk",firma_prywatna,inne,0,"ZAPYTANIE OFERTOWE nr 11/2025/1.5 FEPD - zakup i dostawa elektrycznych wózków widłowych – 2 szt.",bazakonk,https://bazakonkurencyjnosci.funduszeeuropejskie.gov.pl/ogloszenia/280033
2026-06-08,"DRUKARNIA JAWIST SPÓŁKA CYWILNA DARIUSZ PISARCZYK, MARCIN PISARCZYK, JUSTYNA PISARCZYK",firma_prywatna,inne,0,"Zapytanie ofertowe nr 002/2026 na dostawę i montaż nowej offsetowej 5-kolorowej maszyny drukującej w formacie B2 z zespołem lakierującym",bazakonk,https://bazakonkurencyjnosci.funduszeeuropejskie.gov.pl/ogloszenia/280082
2026-06-08,"Polskie Porty Lotnicze S.A.",administracja_centralna,sprzet_it,0,"Polska – Drogowe urządzenia kontrolne, bezpieczeństwa lub sygnalizacyjne – Sukcesywna sprzedaż oraz dostawa, montaż, uruchomienie wraz ze skonfigurowaniem i podłączeniem urządzeń parkingowych Lokalnej Automatyki Parkingowej",ted,https://ted.europa.eu/pl/notice/-/detail/388434-2026
2026-06-05,"Główny Inspektorat Sanitarny",administracja_centralna,uslugi_it,0,"„Zakup usługi udostępnienia infrastruktury informatycznej na potrzeby utrzymania Systemu Ewidencji Państwowej Inspekcji Sanitarnej”",ted,https://ted.europa.eu/pl/notice/-/detail/387545-2026
2026-06-05,"Instytut ""Pomnik-Centrum Zdrowia Dziecka""",szpital_zdrowie,sprzet_it,0,"ZP/CZD/060/26 DOSTAWA KARDIOMONITORÓW WRAZ Z SYSTEMEM MONITOROWANIA PACJENTA.",ted,https://ted.europa.eu/pl/notice/-/detail/387141-2026
2026-06-05,"Polska Agencja Rozwoju Przedsiębiorczości",administracja_centralna,oprogramowanie,0,"Polska – Usługi programowania oprogramowania systemowego i dla użytkownika – Dostawa licencji systemu informatycznego opracowanego i wdrożonego w celu automatyzacji procesów realizowanych przez Zamawiającego na potrzeby zewnętrzne i wewnętrzne",ted,https://ted.europa.eu/pl/notice/-/detail/387051-2026
2026-06-05,"Samodzielny Publiczny Zakład Opieki Zdrowotnej Ministerstwa Spraw Wewnętrznych i Administracji w Szczecinie",szpital_zdrowie,uslugi_it,0,"Dostawa w ramach programu Przyspieszenie procesów transformacji cyfrowej w ochronie zdrowia poprzez dalszy rozwój usług cyfrowych w SP POZ MSWiA w Szczecinie” w ramach inwestycji D1.1.2 „Transformacja cyfrowa opieki zdrowotnej - II postępowanie",ted,https://ted.europa.eu/pl/notice/-/detail/386685-2026
2026-06-05,"Szkoła Policealna im. prof. Zbigniewa Religi w Olsztynie",oswiata,sprzet_it,0,"Dostawa sprzętu i wyposażenia laboratoriów wchodzących w skład Centrum Symulacji Ścieżek Zawodowych START-LAB - postępowanie nr 2",ted,https://ted.europa.eu/pl/notice/-/detail/386434-2026
2026-06-03,"Centrum Zasobów Cyberprzestrzeni Sił Zbrojnych",sluzby_wojsko,wdrozenie_ai,1,"Infrastruktura techniczno-systemowa i programowa na potrzeby implementacji sztucznej inteligencji",ted,https://ted.europa.eu/pl/notice/-/detail/378241-2026
2026-06-03,"Centrum Zasobów Cyberprzestrzeni Sił Zbrojnych",sluzby_wojsko,wdrozenie_ai,1,"Zintegrowane wielopoziomowe rozwiązanie do analizy i syntezy cyberzagrożeń z wykorzystaniem sztucznej inteligencji",ted,https://ted.europa.eu/pl/notice/-/detail/378557-2026
2026-06-03,"Katowickie Centrum Onkologii",szpital_zdrowie,oprogramowanie,0,"Aktualizacja LSI wraz z bazą ORACLE (dostawa, instalacja, konfiguracja, wsparcie na okres 36 miesięcy)",ted,https://ted.europa.eu/pl/notice/-/detail/379244-2026
2026-06-03,"POWIAT ŁOWICKI, Łowicz",samorzad,wdrozenie_ai,1,"Wdrożenie Systemu Zarządzania Zadaniami i Chatbota z Implementacją RAG oraz systemu Intranet wraz z przeprowadzeniem szkoleń w ramach projektu pn. ""Synergia w Starostwie powiatowym w Łowiczu""",ezam,https://ezamowienia.gov.pl/mp-client/search/list/ocds-148610-2d497588-ac57-41db-a3fd-616afb928080
2026-06-03,"USTM Sp. z o.o.",firma_prywatna,inne,0,"Nabycie pętli indukcyjnej wraz z dedykowanymi wózkami widłowymi",bazakonk,https://bazakonkurencyjnosci.funduszeeuropejskie.gov.pl/ogloszenia/280365
2026-06-03,"ŻEROMSKIEGO 23 SPÓŁKA Z OGRANICZONĄ ODPOWIEDZIALNOŚCIĄ",firma_prywatna,inne,0,"Rewitalizacja zabytkowego budynku przy ul. Żeromskiego 23–25 w Bytomiu",bazakonk,https://bazakonkurencyjnosci.funduszeeuropejskie.gov.pl/ogloszenia/247564
2026-06-02,"""GÓRNOŚLĄSKO - ZAGŁĘBIOWSKA METROPOLIA""",samorzad,oprogramowanie,0,"Dostawa opracowanego systemu informatycznego wraz z jego wdrożeniem oraz dostawą infrastruktury serwerowej, realizowanego w ramach projektu “Wsparcie Procesu Sprawiedliwej Transformacji poprzez Promocję Edukacji Wyższej",ted,https://ted.europa.eu/pl/notice/-/detail/376123-2026
2026-06-02,"LOFREE Sp. z o.o. Sp. K.",firma_prywatna,inne,0,"Zakup maszyny Automat do taśmy dwustronnej i zrywek",bazakonk,https://bazakonkurencyjnosci.funduszeeuropejskie.gov.pl/ogloszenia/280062
2026-06-02,"Politechnika Poznańska, Poznań",uczelnia_nauka,wdrozenie_ai,1,"AD/ZP/23/26Dostawa kompletnej platformy robota humanoidalnego przezn. do badań naukowych w dziedzinie robotyki, sztucznej inteligencji oraz sterowania, wraz z oprogram dla PP",ezam,https://ezamowienia.gov.pl/mp-client/search/list/ocds-148610-f0289b8b-b829-49bf-bccd-a65952a8c139
2026-06-02,"Samodzielny Publiczny Zakład Opieki Zdrowotnej Ministerstwa Spraw Wewnętrznych i Administracji w Białymstoku im. Mariana Zyndrama-Kościałkowskiego",szpital_zdrowie,wdrozenie_ai,1,"Polska – Usługi informatyczne: konsultacyjne, opracowywania oprogramowania, internetowe i wsparcia – „Zakup chmury na potrzeby kopii Baz danych, Integracja EDM z P1, Zakup chmury na potrzeby EDM i indeksowanie, AI Dokumentacja chatbot”",ted,https://ted.europa.eu/pl/notice/-/detail/376419-2026
2026-06-02,"WALDIBEN SPÓŁKA Z OGRANICZONĄ ODPOWIEDZIALNOŚCIĄ",firma_prywatna,sprzet_it,0,"ZAPYTANIE OFERTOWE nr 9/FELD.09.01/1 na zakup, dostawę, instalację, uruchomienie wraz ze specjalistycznym instruktażem w obsłudze detektora rentgenowskiego – 1 szt.",bazakonk,https://bazakonkurencyjnosci.funduszeeuropejskie.gov.pl/ogloszenia/280167
2026-06-01,"""GÓRNOŚLĄSKO - ZAGŁĘBIOWSKA METROPOLIA""",samorzad,uslugi_it,0,"Polska – Usługi informatyczne: konsultacyjne, opracowywania oprogramowania, internetowe i wsparcia – Świadczenie usług Security Operations Center (SOC) wraz z uruchomieniem platformy SIEM + SOAR + XDR jako Unified Security Operations Platform (USOP)",ted,https://ted.europa.eu/pl/notice/-/detail/373996-2026
2026-06-01,"ASM Research Solutions Strategy Sp. z o.o.",firma_prywatna,oprogramowanie,0,"ZAKUP LICENCJI WIECZYSTEJ PLATFORMY DEDYKOWANEJ DO REALIZACJI BADAŃ ANKIETOWYCH I BIOMETRYCZNYCH ONLINE",bazakonk,https://bazakonkurencyjnosci.funduszeeuropejskie.gov.pl/ogloszenia/279934
2026-06-01,"Biblioteka Narodowa",inne,uslugi_it,0,"Dostawa systemu Web Application Firewall (WAF)",ted,https://ted.europa.eu/pl/notice/-/detail/373149-2026
2026-06-01,"GE Aerospace Poland Sp. z o.o.",firma_prywatna,badania_rd,0,"Usługi badawcze i eksperymentalno-rozwojowe oraz pokrewne usługi doradcze w zakresie procesów wydruków metoda przyrostową, badań materiałowych i środowiskowych dla technologii druku addytywnego",bazakonk,https://bazakonkurencyjnosci.funduszeeuropejskie.gov.pl/ogloszenia/278545
2026-06-01,"Katowickie Centrum Onkologii",szpital_zdrowie,oprogramowanie,0,"Zakup systemu kopii zapasowych",ted,https://ted.europa.eu/pl/notice/-/detail/374619-2026
2026-06-01,"Katowickie Centrum Onkologii",szpital_zdrowie,oprogramowanie,0,"zakup licencji do systemu AOS na okres 36 miesięcy – 1 szt.",ted,https://ted.europa.eu/pl/notice/-/detail/371290-2026
2026-06-01,"Katowickie Centrum Onkologii",szpital_zdrowie,szkolenie,0,"learning – Usługa szkolenia z zakresu cyberbezpieczeństwa - usługa szkolenia przy użyciu platformy szkoleniowej wraz z licencją na okres 36 miesięcy",ted,https://ted.europa.eu/pl/notice/-/detail/373447-2026
2026-06-01,"Ministerstwo Nauki i Szkolnictwa Wyższego",administracja_centralna,szkolenie,0,"Organizacja i przeprowadzenie szkoleń krajowych dla przedstawicieli instytucji przedstawicielskich środowiska szkolnictwa wyższego i nauki",ted,https://ted.europa.eu/pl/notice/-/detail/371698-2026
2026-05-29,"FUNDACJA POLISH SOCCER SKILLS",ngo,badania_rd,0,"PRZEPROWADZENIE PRAC BADAWCZO-ROZWOJOWYCH OBEJMUJĄCYCH PROJEKTOWANIE, IMPLEMENTACJĘ I WALIDACJĘ W JEDNEJ APLIKACJI MOBILNEJ TRZECH KOMPONENTÓW TECHNOLOGICZNYCH SYSTEMU ADAPTACYJNEGO TRENINGU PIŁKARSKIEGO DLA DZIECI W WIEKU 9–15 LAT (UMOWA WARUNKOWA)",bazakonk,https://bazakonkurencyjnosci.funduszeeuropejskie.gov.pl/ogloszenia/279602
2026-05-29,"Komenda Główna Straży Granicznej",sluzby_wojsko,wdrozenie_ai,1,"Zwiększenie zdolności obronnych Straży Granicznej do ochrony infrastruktury, przy wykorzystaniu technologii podczerwieni wspieranej przez rozwiązania sztucznej inteligencji, na zewnętrznej granicy UE i wschodniej flanki NATO z Ukrainą na odcinku rzeki Bug",ted,https://ted.europa.eu/pl/notice/-/detail/370181-2026
2026-05-29,"POLITECHNIKA WARSZAWSKA",uczelnia_nauka,sprzet_it,1,"Dostawa sprzętu komputerowego na potrzeby realizacji projektu pt. „Innowacyjny Automatyczny System Monitorowania Stanu Infrastruktury Kolejowej z wykorzystaniem sztucznej inteligencji i bezzałogowych statków powietrznych” BRIK2/0030/2023 dla Instytutu Techniki Lotniczej i Mechaniki Stosowanej Wydziału Mechanicznego Energetyki i Lotnictwa Politechniki Warszawskiej",ted,https://ted.europa.eu/pl/notice/-/detail/367240-2026
2026-05-29,"Śląski Urząd Wojewódzki w Katowicach",samorzad,oprogramowanie,0,"Dostawa, wdrożenie, utrzymanie i wsparcie techniczne zintegrowanego systemu cyfrowej obsługi cudzoziemców",ted,https://ted.europa.eu/pl/notice/-/detail/369531-2026
2026-05-29,"Szpital Ogólny im. dr Witolda Ginela w Grajewie",szpital_zdrowie,uslugi_it,0,"Wdrożenie e-usług w Szpitalu Ogólnym im. dr Witolda Ginela w Grajewie",ted,https://ted.europa.eu/pl/notice/-/detail/369552-2026
2026-05-29,"Uniwersytet Radomski im. Kazimierza Pułaskiego",uczelnia_nauka,sprzet_it,0,"Dostawa sprzętu komputerowego dla Uniwersytetu Radomskiego im. Kazimierza Pułaskiego",ted,https://ted.europa.eu/pl/notice/-/detail/368403-2026
2026-05-28,"Beskidzkie Centrum Medyczne Sp. z o",szpital_zdrowie,uslugi_it,0,"Wzmocnienie dostępności, jakości usług oraz organizacji działania BCM poprzez cyfryzację",bazakonk,https://bazakonkurencyjnosci.funduszeeuropejskie.gov.pl/ogloszenia/261791
2026-05-28,"Centrum Pulmonologii i Torakochirurgii w Bystrej",szpital_zdrowie,sprzet_it,0,"Dostawa licencji systemów i urządzeń informatycznych, infrastruktury serwerowej i bezpieczeństwa danych w celu przyspieszenia procesów transformacji cyfrowej oraz rozwoju e-usług w Centrum Pulmonologii i Torakochirurgii w Bystrej",ted,https://ted.europa.eu/pl/notice/-/detail/365187-2026
2026-05-28,"Instytut Biologii Doświadczalnej im. M.Nenckiego PAN",uczelnia_nauka,oprogramowanie,0,"Wyposażenie Laboratorium Wysokorozdzielczego Obrazowania w Badaniach Translacyjnych - zakup oprogramowania do analizy danych bioobrazowania w częściach",ted,https://ted.europa.eu/pl/notice/-/detail/366989-2026
2026-05-28,"MASPEX FOOD sp. z o.o ",firma_prywatna,inne,0,"Wyłonienie Wykonawcy w ramach zamówienia pn.: „Dostawa kompleksowej aseptycznej linii produkcyjnej do przetwórstwa owoców i warzyw” nr spr. LOW/B2B/2/2026",bazakonk,https://bazakonkurencyjnosci.funduszeeuropejskie.gov.pl/ogloszenia/279524
2026-05-28,"Naukowa i Akademicka Sieć Komputerowa - Państwowy Instytut Badawczy",uczelnia_nauka,sprzet_it,1,"Dostawa Zestawów Laboratoriów Sztucznej Inteligencji (Laboratoria AI)",ted,https://ted.europa.eu/pl/notice/-/detail/364311-2026
2026-05-28,"Ośrodek Przetwarzania Informacji – Państwowy Instytut Badawczy",uczelnia_nauka,oprogramowanie,0,"Dostawa, przedłużenie, aktualizacja oraz wsparcie dla licencji użytkowanych w OPI PIB",ted,https://ted.europa.eu/pl/notice/-/detail/363861-2026
2026-05-28,"Samodzielny Publiczny Zakład Opieki Zdrowotnej Nr 1 w Bełżycach",szpital_zdrowie,uslugi_it,0,"Podniesienie poziomu ucyfrowienia systemu udzielania świadczeń zdrowotnych w Szpitalu Powiatowym im. dr W. Oczki w SP ZOZ Nr 1 w Bełżycach",ted,https://ted.europa.eu/pl/notice/-/detail/364044-2026
2026-05-28,"Świętokrzyskie Centrum Matki i Noworodka - Szpital Specjalistyczny w Kielcach",szpital_zdrowie,uslugi_it,0,"Polska – Usługi informatyczne: konsultacyjne, opracowywania oprogramowania, internetowe i wsparcia – Zakup, wdrożenie oraz integracja systemów informatycznych w Świętokrzyskim Centrum Matki i Noworodka - Szpital Specjalistyczny w Kielcach",ted,https://ted.europa.eu/pl/notice/-/detail/366966-2026
2026-05-28,"Szpital Miejski św. Jana Pawła II w Elblągu",szpital_zdrowie,uslugi_it,0,"Postępowanie w trybie przetargu nieograniczonego na uaktualnienie i uzupełnienie dokumentacji Systemu Zarządzania Bezpieczeństwem Informacji (SZBI), szkolenia dla personelu medycznego i administracyjnego z zakresu cyberhigieny oraz audyt końcowy w zakresie cyberbezpieczeństwa",ted,https://ted.europa.eu/pl/notice/-/detail/364158-2026
2026-05-27,"Politechnika Gdańska",uczelnia_nauka,sprzet_it,0,"Dostawa sprzętu komputerowego dla Wydziału Elektrotechniki i Automatyki Politechniki Gdańskiej",ted,https://ted.europa.eu/pl/notice/-/detail/359819-2026
2026-05-27,"Politechnika Wrocławska",uczelnia_nauka,sprzet_it,1,"SZP/243-129/2026 Serwer przeznaczony do szkolenia i uruchamiania modeli sztucznej inteligencji",ted,https://ted.europa.eu/pl/notice/-/detail/358099-2026
2026-05-27,"Specjalistyczny Szpital im. dra Alfreda Sokołowskiego",szpital_zdrowie,szkolenie,0,"Usługa przeprowadzenia szkoleń z zakupionych systemów wraz z przeprowadzeniem audytu z cyberbezpieczeństwa i opracowanie dokumentacji NIS2 w ramach Krajowego Planu Odbudowy i Zwiększenia Odporności: Inwestycja D.1.1.2 przyspieszenie procesów transformacji cyfrowej ochrony Zdrowia poprzez dalszy rozwój w ochronie zdrowia w ramach projektu: pn. „Podniesienie poziomu cyberbezpieczeństwa, cyfryzacja d",ted,https://ted.europa.eu/pl/notice/-/detail/361603-2026
2026-05-26,"Anfinity Sp. z o. o.",firma_prywatna,badania_rd,0,"Zapytanie ofertowe nr 1/05/2026 r. dot. podwykonawcy do przeprowadzenia prac badawczo-rozwojowych",bazakonk,https://bazakonkurencyjnosci.funduszeeuropejskie.gov.pl/ogloszenia/279276
2026-05-26,"Szpitale Pomorskie Sp. z o.o.",szpital_zdrowie,wdrozenie_ai,1,"Modernizacja szpitalnego systemu postprocessingu diagnostyki obrazowej o kompleksowy system wspomagania diagnozy badań CT/MR/MG/RTG oparty o modele sztucznej inteligencji wraz z dostawą niezbędnych urządzeń IT",ted,https://ted.europa.eu/pl/notice/-/detail/355687-2026
2026-05-26,"Wojewódzki Szpital Zespolony im. Ludwika Perzyny w Kaliszu",szpital_zdrowie,uslugi_it,0,"Rozbudowa systemu HIS Wojewódzkiego Szpitala Zespolonego Im. Ludwika Perzyny w Kaliszu",ted,https://ted.europa.eu/pl/notice/-/detail/356430-2026
2026-05-25,"""MASTERPROFI"" SPÓŁKA Z OGRANICZONĄ ODPOWIEDZIALNOŚCIĄ",firma_prywatna,inne,0,"ZAPYTANIE OFERTOWE NR 2/2026/Masterprofi/GOZ Zapytanie ofertowe i specyfikacja (dalej ZiS) dotyczące wyłonienia dostawcy ruchomych regałów magazynowych. Postępowanie jest realizowane w ramach projektu nr FEPW.01.03-IP.01-0117/25 „Wdrożenie modelu GOZ w przedsiębiorstwie Masterprofi Sp. z o.o. poprzez zwiększenie efektywności energetycznej procesów produkcyjnych oraz wzrost trwałości produktów.” w ramach programu Fundusze Europejskie dla Polski Wschodniej 2021-2027 Priorytet FEPW.01 Przedsiębiorczość i Innowacje Działanie FEPW.01.03 Gospodarka o obiegu zamkniętym w MŚP Etap ",bazakonk,https://bazakonkurencyjnosci.funduszeeuropejskie.gov.pl/ogloszenia/278969
2026-05-22,"Centrum e-Zdrowia",administracja_centralna,wdrozenie_ai,1,"Dostarczenie systemu Asystenta SI (VoiceBot) dla Centralnej e-Rejestracji.",ted,https://ted.europa.eu/pl/notice/-/detail/352309-2026
2026-05-22,"Schaumaplast Polska Sp. z o.o.",firma_prywatna,wdrozenie_ai,1,"Opracowanie/wdrożenie algorytmów AI wraz z opomiarowaniem maszyn do produkcji kształtek z EPS/EPP",bazakonk,https://bazakonkurencyjnosci.funduszeeuropejskie.gov.pl/ogloszenia/278734
2026-05-22,"Szpital Bielański im. ks. Jerzego Popiełuszki Samodzielny Publiczny Zakład Opieki Zdrowotnej",szpital_zdrowie,wdrozenie_ai,1,"Rozbudowa i integracja systemów informatycznych, digitalizacja dokumentacji medycznej, zwiększenie poziomu cyberbezpieczeństwa oraz wdrożenie rozwiązań opartych na sztucznej inteligencji (AI), wraz z podłączeniem do Centralnego Repozytorium Danych Medycznych (CRDM) i Platformy Usług Inteligentnych (PUI) (ZP-22/2026)",ted,https://ted.europa.eu/pl/notice/-/detail/351979-2026
2026-05-21,"Narodowe Centrum Badań i Rozwoju",administracja_centralna,uslugi_it,0,"Polska – Usługi informatyczne: konsultacyjne, opracowywania oprogramowania, internetowe i wsparcia – Świadczenie usług wsparcia informatycznego dla NCBR – Partnera w projekcie e‑Granty.",ted,https://ted.europa.eu/pl/notice/-/detail/347751-2026
2026-05-21,"Polska Agencja Rozwoju Przedsiębiorczości",administracja_centralna,uslugi_it,0,"Modyfikacja systemu informatycznego Bazy Usług Rozwojowych",ted,https://ted.europa.eu/pl/notice/-/detail/347269-2026
2026-05-21,"Przedsiębiorstwo Wodociągów i Kanalizacji Spółka z o.o. w Gliwicach",spolka_komunalna,inne,0,"Przebudowa i rozbudowa Centralnej Oczyszczalni Ścieków w Gliwicach",ted,https://ted.europa.eu/pl/notice/-/detail/366852-2026
2026-05-21,"Samodzielny Publiczny Zespół Zakładów Opieki Zdrowotnej w Kozienicach",szpital_zdrowie,wdrozenie_ai,1,"Wdrożenie e-usług w SP ZZOZ w Kozienicach w ramach inwestycji D1.1.2 KPO: integracja z platformą P1, digitalizacja dokumentacji medycznej, wdrożenie systemu cyberbezpieczeństwa oraz zastosowanie sztucznej inteligencji z integracją do centralnego repozytorium danych medycznych (cz.6)",ted,https://ted.europa.eu/pl/notice/-/detail/404168-2026
2026-05-21,"Szpital Wojewódzki im. Jana Pawła II w Bełchatowie",szpital_zdrowie,inne,0,"Dostawa sprzętu medycznego na potrzeby Poradni gastroenterologicznej Szpitala Wojewódzkiego im. Jana Pawła II w Bełchatowie w ramach realizacji projektu pn. „Poprawa jakości i dostępności do świadczeń medycznych udzielanych w ramach Ambulatoryjnej Opieki Specjalistycznej i w trybie jednego dnia w Szpitalu Wojewódzkim im. Jana Pawła II”",ted,https://ted.europa.eu/pl/notice/-/detail/349231-2026
2026-05-21,"Wojewódzki Szpital Zespolony w Płocku",szpital_zdrowie,uslugi_it,0,"Dostawa sprzętu i oprogramowania w ramach projektu: „Rozwój usług cyfrowych w Wojewódzkim Szpitalu Zespolonym w Płocku” realizowanego w ramach Inwestycji D 1.1.2 „Przyspieszenie procesów transformacji cyfrowej ochrony zdrowia poprzez dalszy rozwój usług cyfrowych w ochronie zdrowia” będącej elementem komponentu D „Efektywność, dostępność i jakość systemu ochrony zdrowia”",ted,https://ted.europa.eu/pl/notice/-/detail/361307-2026
2026-05-20,"Państwowa Akademia Nauk Stosowanych im. Ignacego Mościckiego w Ciechanowie",uczelnia_nauka,wdrozenie_ai,1,"""Dostawa, wdrożenie i utrzymanie platformy mikro nauczania wykorzystującej sztuczną inteligencję dla Państwowej Akademii Nauk Stosowanych im. Ignacego Mościckiego w Ciechanowie""",ted,https://ted.europa.eu/pl/notice/-/detail/343798-2026
2026-05-20,"Samodzielny Publiczny Zakład Opieki Zdrowotnej Wojewódzki Szpital Specjalistyczny Nr 3 w Rybniku",szpital_zdrowie,uslugi_it,0,"Rozbudowa szpitalnego systemu informatycznego. Zadanie finansowane z Krajowego Planu Odbudowy i Zwiększania Odporności – Inwestycja D1.1.2 „Przyspieszenie procesów transformacji cyfrowej ochrony zdrowia poprzez dalszy rozwój usług cyfrowych w ochronie zdrowia” Komponent D „Efektywność, dostępność i jakość systemu ochrony zdrowia”.",ted,https://ted.europa.eu/pl/notice/-/detail/378947-2026
2026-05-20,"SZPITAL UNIWERSYTECKI W KRAKOWIE",szpital_zdrowie,inne,0,"Urządzenia do echokardiografii ujęte w przedsięwzięciu pn. „Wzmocnienie potencjału Szpitala Uniwersyteckiego w Krakowie (...) - dostawa wyposażenia wraz z instalacją, uruchomieniem i szkoleniem personelu.",ted,https://ted.europa.eu/pl/notice/-/detail/345351-2026
2026-05-20,"Wojewódzki Szpital Podkarpacki im. Jana Pawła II w Krośnie",szpital_zdrowie,uslugi_it,0,"Realizacja projektu „Transformacja cyfrowa w Wojewódzkim Szpitalu Podkarpackim im. Jana Pawła II w Krośnie”–Integracja i rozbudowa syst dziedzinowych szpitala(System RIS/PACS), Integracja i rozbudowa systemów informat. Szpitala(System HIS oraz zlecenia leków), Digitalizacja dokumentacji med. istotnej z punktu widzenia leczenia i profilaktyki,Podniesienie poziomu cyberbezpieczeństwa,sprzęt informat",ted,https://ted.europa.eu/pl/notice/-/detail/344718-2026
2026-05-19,"Narodowy Instytut Onkologii im. Marii Skłodowskiej-Curie - Państwowy Instytut Badawczy",szpital_zdrowie,inne,0,"Zakup sprzętu medycznego. PN-52/26/MSZ.",ted,https://ted.europa.eu/pl/notice/-/detail/362624-2026
2026-05-19,"Naukowa i Akademicka Sieć Komputerowa - Państwowy Instytut Badawczy",administracja_centralna,sprzet_it,0,"„Dostawa Zestawów Wyposażenia Pracowni STEM (C13L) Część nr 1 i Część nr 2”",ted,https://ted.europa.eu/pl/notice/-/detail/342134-2026
2026-05-19,"Polska Agencja Rozwoju Przedsiębiorczości",administracja_centralna,uslugi_it,0,"Audyt użyteczności funkcjonalności systemu informatycznego BUR, w tym badanie satysfakcji z użycia wraz z projektami zmian",ted,https://ted.europa.eu/pl/notice/-/detail/340114-2026
2026-05-19,"Stobrawskie Centrum Medyczne Sp. z o.o.",szpital_zdrowie,uslugi_it,0,"Świadczenie usług Security Operations Center (SOC) wraz z integracją z Platformą Usług Integracyjnych (PUI) oraz realizacją szkoleń z zakresu cyberbezpieczeństwa",ted,https://ted.europa.eu/pl/notice/-/detail/341398-2026
2026-05-19,"Wojewódzki Szpital Podkarpacki im. Jana Pawła II w Krośnie",szpital_zdrowie,uslugi_it,0,"Realizacja projektu „Transformacja cyfrowa w Wojewódzkim Szpitalu Podkarpackim im. Jana Pawła II w Krośnie”– Integracja i rozbudowa systemów informatycznych Szpitala (System HIS)",ted,https://ted.europa.eu/pl/notice/-/detail/340206-2026
2026-05-18,"Centrum Pulmonologii i Torakochirurgii w Bystrej",szpital_zdrowie,uslugi_it,0,"Dostawa i rozbudowa infrastruktury teleinformatycznej oraz systemów informatycznych w Centrum Pulmonologii i Torakochirurgii w Bystrej (powtórna procedura w zakresie 7 pakietów)",ted,https://ted.europa.eu/pl/notice/-/detail/369785-2026
2026-05-18,"Politechnika Częstochowska",uczelnia_nauka,sprzet_it,0,"Dostawa sprzętu komputerowego dla jednostek organizacyjnych Politechniki Częstochowskiej (3 zadania)",ted,https://ted.europa.eu/pl/notice/-/detail/335914-2026
2026-05-18,"Uniwersyteckie Centrum Kliniczne",szpital_zdrowie,wdrozenie_ai,1,"28/PN/2026 - Zakup i wdrożenie narzędzi AI służących do optymalizacji procesów szpitalnych",ted,https://ted.europa.eu/pl/notice/-/detail/339543-2026
2026-05-18,"Wojewódzki Szpital Specjalistyczny w Legnicy",szpital_zdrowie,oprogramowanie,0,"Przetarg nieograniczony na zakup oprogramowania do rozwoju e-usług w Wojewódzkim Szpitalu Specjalistycznym w Legnicy z podziałem na 6 części",ted,https://ted.europa.eu/pl/notice/-/detail/362044-2026
2026-05-18,"Wojewódzki Szpital Specjalistyczny w Legnicy",szpital_zdrowie,oprogramowanie,0,"Postępowanie o udzielenie zamówienia publicznego o wartości szacunkowej powyżej progów unijnych prowadzonego w trybie przetargu nieograniczonego na zakup oprogramowania do rozwoju e-usług w Wojewódzkim Szpitalu Specjalistycznym w Legnicy z podziałem na 3 części",ted,https://ted.europa.eu/pl/notice/-/detail/365218-2026
2026-05-15,"Centrum Zdrowia Mazowsza Zachodniego sp. z o. o.",szpital_zdrowie,uslugi_it,0,"Dostawa systemu ERP/HIS oraz dostawa sprzętu komputerowego w ramach projektu pn. „Transformacja cyfrowa i rozwój usług cyfrowych w CZMZ Żyrardów",ted,https://ted.europa.eu/pl/notice/-/detail/333590-2026
2026-05-15,"Instytut Biologii Doświadczalnej im. M.Nenckiego PAN",uczelnia_nauka,wdrozenie_ai,1,"Polska – Usługi informatyczne: konsultacyjne, opracowywania oprogramowania, internetowe i wsparcia – Spersonalizowana Platforma Analityczna służąca do budowy modeli sztucznej inteligencji, znak sprawy: AZP-261-05/2026",ted,https://ted.europa.eu/pl/notice/-/detail/334525-2026
2026-05-15,"Katowickie Centrum Onkologii",szpital_zdrowie,uslugi_it,0,"Rozbudowa systemu AOS o dodatkowe wzory dokumentów oraz integracja systemu AOS z PACS",ted,https://ted.europa.eu/pl/notice/-/detail/370938-2026
2026-05-15,"Sąd Apelacyjny w Szczecinie",sad_prokuratura,inne,0,"Budowa budynku Sądu Apelacyjnego wraz z łącznikiem oraz przebudowa istniejącego budynku Sądu w Szczecinie przy ul. Mickiewicza 163",ted,https://ted.europa.eu/pl/notice/-/detail/399670-2026
2026-05-15,"Samodzielny Publiczny Zakład Opieki Zdrowotnej Ministerstwa Spraw Wewnętrznych i Administracji w Szczecinie",szpital_zdrowie,uslugi_it,0,"Dostawa w ramach programu Przyspieszenie procesów transformacji cyfrowej w ochronie zdrowia poprzez dalszy rozwój usług cyfrowych w SP POZ MSWiA w Szczecinie” w ramach inwestycji D1.1.2 „Transformacja cyfrowa opieki zdrowotnej",ted,https://ted.europa.eu/pl/notice/-/detail/333607-2026
2026-05-15,"Samodzielny Publiczny Zakład Opieki Zdrowotnej w Puławach",szpital_zdrowie,uslugi_it,0,"Zakup i wdrożenie infrastruktury sieciowej z oprogramowaniem oraz szkoleniami podnoszącymi poziom cyberbezpieczeństwa Samodzielnego Publicznego Zakładu Opieki Zdrowotnej w Puławach.",ted,https://ted.europa.eu/pl/notice/-/detail/333506-2026
2026-05-13,"Samodzielny Publiczny Zespół Opieki Zdrowotnej w Tomaszowie Lubelskim",szpital_zdrowie,oprogramowanie,0,"„Dostawa wdrożenie i konfiguracja rozwiązań wzmacniających bezpieczeństwo cyfrowe oraz rozwój usług cyfrowych w SP ZOZ w Tomaszowie Lubelskim”",ted,https://ted.europa.eu/pl/notice/-/detail/327085-2026
2026-05-13,"Samodzielny Publiczny Zespół Zakładów Opieki Zdrowotnej w Kozienicach",szpital_zdrowie,wdrozenie_ai,1,"Wdrożenie e-usług w SP ZZOZ w Kozienicach w ramach inwestycji D1.1.2 KPO: integracja z platformą P1, digitalizacja dokumentacji medycznej, wdrożenie systemu cyberbezpieczeństwa oraz zastosowanie sztucznej inteligencji z integracją do centralnego repozytorium danych medycznych",ted,https://ted.europa.eu/pl/notice/-/detail/329579-2026
2026-05-12,"Regionalny Szpital Specjalistyczny im. dr Władysława Biegańskiego",szpital_zdrowie,wdrozenie_ai,1,"Zakup rozwiązań sztucznej inteligencji (AI) wspierających procesy medyczne i zarządcze w Szpitalu - znak sprawy: Z/24/PN/26",ted,https://ted.europa.eu/pl/notice/-/detail/411242-2026
2026-05-12,"Samodzielny Publiczny Zakład Opieki Zdrowotnej Ministerstwa Spraw Wewnętrznych i Administracji w Białymstoku im. Mariana Zyndrama-Kościałkowskiego",szpital_zdrowie,wdrozenie_ai,1,"Polska – Usługi informatyczne: konsultacyjne, opracowywania oprogramowania, internetowe i wsparcia – „AI Dokumentacja chatbot”",ted,https://ted.europa.eu/pl/notice/-/detail/324920-2026
2026-05-12,"Samodzielny Publiczny Zespół Zakładów Opieki Zdrowotnej Powiatowy Szpital Specjalistyczny w Stalowej Woli",szpital_zdrowie,wdrozenie_ai,1,"Podniesienie poziomu cyberbezpieczeństwa,cyfryzacja dokumentacji medycznej,integracja i rozbudowa systemów informatycznych oraz wdrożenie rozwiązań z zastosowań sztucznej inteligencji w Powiatowym Szpitalu Specjalistycznym w Stalowej Woli.",ted,https://ted.europa.eu/pl/notice/-/detail/391839-2026
2026-05-12,"Śląski Uniwersytet Medyczny w Katowicach",uczelnia_nauka,oprogramowanie,0,"Dostawa i wdrożenie systemu informatycznego Centrum Medycyny Cyfrowej Silesia",ted,https://ted.europa.eu/pl/notice/-/detail/411656-2026
2026-05-12,"Szpital Wojewódzki im. Św. Łukasza SP ZOZ w Tarnowie",szpital_zdrowie,uslugi_it,0,"Rozbudowa szpitalnych systemów informatycznych - część 2 w ramach realizacji projektu pn. Rozwój usług cyfrowych w Szpitalu Wojewódzkim im. Św. Łukasza SP ZOZ w Tarnowie – Inwestycja D1.1.2 KPO",ted,https://ted.europa.eu/pl/notice/-/detail/360635-2026
2026-05-12,"Uniwersytet Opolski",uczelnia_nauka,oprogramowanie,0,"Dostarczenie i wdrożenie zintegrowanego systemu do zapobiegania rezygnacji ze studiów na Uczelni (systemu monitorowania i przeciwdziałania drop-outowi)",ted,https://ted.europa.eu/pl/notice/-/detail/325117-2026
2026-05-11,"Instytut ""Pomnik-Centrum Zdrowia Dziecka""",szpital_zdrowie,inne,0,"Dostawa odczynników diagnostycznych firmy Illumina Inc, których wyłącznym dystrybutorem jest Analityk Ewa Kowalczyk.",ted,https://ted.europa.eu/pl/notice/-/detail/381799-2026
2026-05-11,"Katowickie Centrum Onkologii",szpital_zdrowie,uslugi_it,0,"Rozbudowa HIS - Aktualizacja EDM, Integracja z eKRN i szkolenia.",ted,https://ted.europa.eu/pl/notice/-/detail/371042-2026
2026-05-11,"Katowickie Centrum Onkologii",szpital_zdrowie,oprogramowanie,0,"Wdrożenie rozwiązań umożliwiających zasilenie P1 danymi medycznymi oraz usługi wsparcia w trakcie digitalizacji",ted,https://ted.europa.eu/pl/notice/-/detail/373707-2026
2026-05-11,"Megrez Sp. z o.o.",szpital_zdrowie,uslugi_it,0,"„Rozbudowa systemów informatycznych w MEGREZ Sp. z o.o.”",ted,https://ted.europa.eu/pl/notice/-/detail/319511-2026
2026-05-11,"Zakład Ubezpieczeń Społecznych",administracja_centralna,uslugi_it,0,"Polska – Usługi informatyczne: konsultacyjne, opracowywania oprogramowania, internetowe i wsparcia – ""Usługi doradcze w zakresie realizacji projektu: „Budowa i wdrożenie Systemu Eksploracji Danych Biznesowych (SEDB) w ZUS”",ted,https://ted.europa.eu/pl/notice/-/detail/386786-2026
